PLOP,SUB,TAG,Nombre científico,Nombre_cientifico_limpio,GENERO
AG1,1a,1001,Mauritia flexuosa L.f.,M a u r i t i a f l e x u o s a L . f .,M
AG1,1a,1002,Mauritia flexuosa L.f.,M a u r i t i a f l e x u o s a L . f .,M
AG1,1a,1004,Mauritia flexuosa L.f.,M a u r i t i a f l e x u o s a L . f .,M
AG1,1a,1007,"	
Pterocarpus rohrii Vahl",P t e r o c a r p u s r o h r i i V a h l,P
AG1,1a,3421,Iriartea deltoidea Ruiz & Pav.,I r i a r t e a d e l t o i d e a R u i z & P a v .,I
AG1,1a,2313,Euterpe precatoria Mart.,E u t e r p e p r e c a t o r i a M a r t .,E
AG1,1a,3422,Attalea phalerata Mart. ex Spreng.,A t t a l e a p h a l e r a t a M a r t . e x S p r e n g .,A
AG1,1a,3423,Minquartia guianensis Aubl.,M i n q u a r t i a g u i a n e n s i s A u b l .,M
AG1,1a,1009,Apeiba glabra Aubl.,A p e i b a g l a b r a A u b l .,A
AG1,1a,1010,Hieronyma oblonga (Tul.) Müll.Arg.,H i e r o n y m a o b l o n g a ( T u l . ) M ü l l . A r g .,H
AG1,1a,3427,Inga sp2,I n g a s p 2,I
AG1,1a,1013,Eriotheca globosa (Aubl.) A.Robyns,E r i o t h e c a g l o b o s a ( A u b l . ) A . R o b y n s,E
AG1,1b,1014,Euterpe precatoria Mart.,E u t e r p e p r e c a t o r i a M a r t .,E
AG1,1b,1015,Euterpe precatoria Mart.,E u t e r p e p r e c a t o r i a M a r t .,E
AG1,1b,1016,Mauritia flexuosa L.f.,M a u r i t i a f l e x u o s a L . f .,M
AG1,1b,3420,Micropholis sp.,M i c r o p h o l i s s p .,M
AG1,1b,1020,Euterpe precatoria Mart.,E u t e r p e p r e c a t o r i a M a r t .,E
AG1,1b,1023,Mauritia flexuosa L.f.,M a u r i t i a f l e x u o s a L . f .,M
AG1,1b,3424,Mauritia flexuosa L.f.,M a u r i t i a f l e x u o s a L . f .,M
AG1,1b,3426,Pterocarpus sp.,P t e r o c a r p u s s p .,P
AG1,1b,1033,Mauritia flexuosa L.f.,M a u r i t i a f l e x u o s a L . f .,M
AG1,1b,1034,Mauritia flexuosa L.f.,M a u r i t i a f l e x u o s a L . f .,M
AG1,1b,1035,Eriotheca globosa (Aubl.) A.Robyns,E r i o t h e c a g l o b o s a ( A u b l . ) A . R o b y n s,E
AG1,1b,1036,Mauritia flexuosa L.f.,M a u r i t i a f l e x u o s a L . f .,M
AG1,1b,2319,Euterpe precatoria Mart.,E u t e r p e p r e c a t o r i a M a r t .,E
AG1,1b,1036-A,Hyeronima sp.,H y e r o n i m a s p .,H
AG1,2a,1037,Euterpe precatoria Mart.,E u t e r p e p r e c a t o r i a M a r t .,E
AG1,2a,1039,Iriartea deltoidea Ruiz & Pav.,I r i a r t e a d e l t o i d e a R u i z & P a v .,I
AG1,2a,1040,Lueheopsis rosea (Ducke) Burret,L u e h e o p s i s r o s e a ( D u c k e ) B u r r e t,L
AG1,2a,1041,Mauritia flexuosa L.f.,M a u r i t i a f l e x u o s a L . f .,M
AG1,2a,1042,Protium tenuifolium subsp. tenuifolium ,P r o t i u m t e n u i f o l i u m s u b s p . t e n u i f o l i u m,P
AG1,2a,3431,Mauritia flexuosa L.f.,M a u r i t i a f l e x u o s a L . f .,M
AG1,2a,3430,Mauritia flexuosa L.f.,M a u r i t i a f l e x u o s a L . f .,M
AG1,2b,1044,Protium tenuifolium subsp. tenuifolium ,P r o t i u m t e n u i f o l i u m s u b s p . t e n u i f o l i u m,P
AG1,2b,,Sterculia sp.,S t e r c u l i a s p .,S
AG1,2b,2323,Mauritia flexuosa L.f.,M a u r i t i a f l e x u o s a L . f .,M
AG1,2b,1045,Iriartea deltoidea Ruiz & Pav.,I r i a r t e a d e l t o i d e a R u i z & P a v .,I
AG1,2b,1047,Euterpe precatoria Mart.,E u t e r p e p r e c a t o r i a M a r t .,E
AG1,2b,1048,Ficus citrifolia Mill.,F i c u s c i t r i f o l i a M i l l .,F
AG1,2b,1049,Euterpe precatoria Mart.,E u t e r p e p r e c a t o r i a M a r t .,E
AG1,2b,1050,Euterpe precatoria Mart.,E u t e r p e p r e c a t o r i a M a r t .,E
AG1,2b,2320,Euterpe precatoria Mart.,E u t e r p e p r e c a t o r i a M a r t .,E
AG1,2b,3428,Anaxagorea brevipes Benth,A n a x a g o r e a b r e v i p e s B e n t h,A
AG1,2b,3429,Licania sp.,L i c a n i a s p .,L
AG2,1a,1051,Lueheopsis rosea (Ducke) Burret,L u e h e o p s i s r o s e a ( D u c k e ) B u r r e t,L
AG2,1a,3220,"Allantoma integrifolia (Ducke) S.A.Mori, Ya Y.Huang & Prance","A l l a n t o m a i n t e g r i f o l i a ( D u c k e ) S . A . M o r i , Y a Y . H u a n g & P r a n c e",A
AG2,1a,1053,Mauritia flexuosa L.f.,M a u r i t i a f l e x u o s a L . f .,M
AG2,1a,1055,Lueheopsis rosea (Ducke) Burret,L u e h e o p s i s r o s e a ( D u c k e ) B u r r e t,L
AG2,1a,1056,Mauritia flexuosa L.f.,M a u r i t i a f l e x u o s a L . f .,M
AG2,1a,1057,"Allantoma integrifolia (Ducke) S.A.Mori, Ya Y.Huang & Prance","A l l a n t o m a i n t e g r i f o l i a ( D u c k e ) S . A . M o r i , Y a Y . H u a n g & P r a n c e",A
AG2,1a,1058,Mauritia flexuosa L.f.,M a u r i t i a f l e x u o s a L . f .,M
AG2,1a,1059,Mauritia flexuosa L.f.,M a u r i t i a f l e x u o s a L . f .,M
AG2,1a,1060,"Allantoma integrifolia (Ducke) S.A.Mori, Ya Y.Huang & Prance","A l l a n t o m a i n t e g r i f o l i a ( D u c k e ) S . A . M o r i , Y a Y . H u a n g & P r a n c e",A
AG2,1a,1061,Lueheopsis rosea (Ducke) Burret,L u e h e o p s i s r o s e a ( D u c k e ) B u r r e t,L
AG2,1a,1062,Licania sp.,L i c a n i a s p .,L
AG2,1a,1063,Neea sp.,N e e a s p .,N
AG2,1a,1064,Euterpe precatoria Mart.,E u t e r p e p r e c a t o r i a M a r t .,E
AG2,1b,1065,Lueheopsis rosea (Ducke) Burret,L u e h e o p s i s r o s e a ( D u c k e ) B u r r e t,L
AG2,1b,1068,Huberodendron swietenioides (Gleason) Ducke,H u b e r o d e n d r o n s w i e t e n i o i d e s ( G l e a s o n ) D u c k e,H
AG2,1b,1069,Euterpe precatoria Mart.,E u t e r p e p r e c a t o r i a M a r t .,E
AG2,1b,1070,"Allantoma integrifolia (Ducke) S.A.Mori, Ya Y.Huang & Prance","A l l a n t o m a i n t e g r i f o l i a ( D u c k e ) S . A . M o r i , Y a Y . H u a n g & P r a n c e",A
AG2,1b,2633,Lueheopsis rosea (Ducke) Burret,L u e h e o p s i s r o s e a ( D u c k e ) B u r r e t,L
AG2,1b,1072,"Allantoma integrifolia (Ducke) S.A.Mori, Ya Y.Huang & Prance","A l l a n t o m a i n t e g r i f o l i a ( D u c k e ) S . A . M o r i , Y a Y . H u a n g & P r a n c e",A
AG2,1b,1073,Mauritia flexuosa L.f.,M a u r i t i a f l e x u o s a L . f .,M
AG2,1b,1074,Mauritia flexuosa L.f.,M a u r i t i a f l e x u o s a L . f .,M
AG2,1b,1075,Lueheopsis rosea (Ducke) Burret,L u e h e o p s i s r o s e a ( D u c k e ) B u r r e t,L
AG2,1b,1076,Mauritia flexuosa L.f.,M a u r i t i a f l e x u o s a L . f .,M
AG2,1b,1077,Hevea guianensis Aubl.,H e v e a g u i a n e n s i s A u b l .,H
AG2,1b,1078,Mauritia flexuosa L.f.,M a u r i t i a f l e x u o s a L . f .,M
AG2,1b,1079,Mauritia flexuosa L.f.,M a u r i t i a f l e x u o s a L . f .,M
AG2,1b,1080,Mauritia flexuosa L.f.,M a u r i t i a f l e x u o s a L . f .,M
AG2,2a,1083,Marila laxiflora Rusby,M a r i l a l a x i f l o r a R u s b y,M
AG2,2a,1084,Oenocarpus bataua Mart.,O e n o c a r p u s b a t a u a M a r t .,O
AG2,2a,1085,Mauritia flexuosa L.f.,M a u r i t i a f l e x u o s a L . f .,M
AG2,2a,1086,Mauritia flexuosa L.f.,M a u r i t i a f l e x u o s a L . f .,M
AG2,2a,1087,Mauritia flexuosa L.f.,M a u r i t i a f l e x u o s a L . f .,M
AG2,2a,2387,Hevea guianensis Aubl.,H e v e a g u i a n e n s i s A u b l .,H
AG2,2a,2386,Mauritia flexuosa L.f.,M a u r i t i a f l e x u o s a L . f .,M
AG2,2a,3222,Mauritia flexuosa L.f.,M a u r i t i a f l e x u o s a L . f .,M
AG2,2a,2385,Mauritia flexuosa L.f.,M a u r i t i a f l e x u o s a L . f .,M
AG2,2a,2384,Euterpe precatoria Mart.,E u t e r p e p r e c a t o r i a M a r t .,E
AG2,2b,1092,Mauritia flexuosa L.f.,M a u r i t i a f l e x u o s a L . f .,M
AG2,2b,2381,Mauritia flexuosa L.f.,M a u r i t i a f l e x u o s a L . f .,M
AG2,2b,3221,Socratea exorrhiza (Mart.) H.Wendl.,S o c r a t e a e x o r r h i z a ( M a r t . ) H . W e n d l .,S
AG2,2b,2382,Euterpe precatoria Mart.,E u t e r p e p r e c a t o r i a M a r t .,E
AG2,2b,1093,Licania sp.,L i c a n i a s p .,L
AG2,2a,1091,Hevea guianensis Aubl.,H e v e a g u i a n e n s i s A u b l .,H
AG2,2a,1089,Mauritia flexuosa L.f.,M a u r i t i a f l e x u o s a L . f .,M
AG2,2a,1090,Euterpe precatoria Mart.,E u t e r p e p r e c a t o r i a M a r t .,E
AG2,2a,2383,Mauritia flexuosa L.f.,M a u r i t i a f l e x u o s a L . f .,M
AG2,2b,2635,Euterpe precatoria Mart.,E u t e r p e p r e c a t o r i a M a r t .,E
AG2,2b,1055A,Mauritia flexuosa L.f.,M a u r i t i a f l e x u o s a L . f .,M
AG2,2b,1100A,Oenocarpus bataua Mart.,O e n o c a r p u s b a t a u a M a r t .,O
AG3,1b,3446,Hieronyma oblonga (Tul.) Müll.Arg.,H i e r o n y m a o b l o n g a ( T u l . ) M ü l l . A r g .,H
AG3,1a,1101,Mauritia flexuosa L.f.,M a u r i t i a f l e x u o s a L . f .,M
AG3,1a,1104,Euterpe precatoria Mart.,E u t e r p e p r e c a t o r i a M a r t .,E
AG3,1a,3435,Eriotheca globosa (Aubl.) A.Robyns,E r i o t h e c a g l o b o s a ( A u b l . ) A . R o b y n s,E
AG3,1a,2324,Mauritia flexuosa L.f.,M a u r i t i a f l e x u o s a L . f .,M
AG3,1a,1107,Mauritia flexuosa L.f.,M a u r i t i a f l e x u o s a L . f .,M
AG3,1a,3436,Euterpe precatoria Mart.,E u t e r p e p r e c a t o r i a M a r t .,E
AG3,1a,1108,Mauritia flexuosa L.f.,M a u r i t i a f l e x u o s a L . f .,M
AG3,1a,1109,Lueheopsis rosea (Ducke) Burret,L u e h e o p s i s r o s e a ( D u c k e ) B u r r e t,L
AG3,1a,3437,Anaxagorea brevipes Benth,A n a x a g o r e a b r e v i p e s B e n t h,A
AG3,1b,2327,Mauritia flexuosa L.f.,M a u r i t i a f l e x u o s a L . f .,M
AG3,1b,2328,Mauritia flexuosa L.f.,M a u r i t i a f l e x u o s a L . f .,M
AG3,1a,3438,Mauritia flexuosa L.f.,M a u r i t i a f l e x u o s a L . f .,M
AG3,1a,1112,Mauritia flexuosa L.f.,M a u r i t i a f l e x u o s a L . f .,M
AG3,1a,1114,Licania coriacea Benth.,L i c a n i a c o r i a c e a B e n t h .,L
AG3,1b,1118,Mauritia flexuosa L.f.,M a u r i t i a f l e x u o s a L . f .,M
AG3,1b,1119,Mauritia flexuosa L.f.,M a u r i t i a f l e x u o s a L . f .,M
AG3,1b,1120,Mauritia flexuosa L.f.,M a u r i t i a f l e x u o s a L . f .,M
AG3,1b,1121,Mauritia flexuosa L.f.,M a u r i t i a f l e x u o s a L . f .,M
AG3,1b,3445,Euterpe precatoria Mart.,E u t e r p e p r e c a t o r i a M a r t .,E
AG3,1b,1122,Lueheopsis rosea (Ducke) Burret,L u e h e o p s i s r o s e a ( D u c k e ) B u r r e t,L
AG3,1b,1123,Mauritia flexuosa L.f.,M a u r i t i a f l e x u o s a L . f .,M
AG3,1b,2325,Mauritia flexuosa L.f.,M a u r i t i a f l e x u o s a L . f .,M
AG3,2b,3444,Cecropia sp.,C e c r o p i a s p .,C
AG3,1b,1129,Lueheopsis rosea (Ducke) Burret,L u e h e o p s i s r o s e a ( D u c k e ) B u r r e t,L
AG3,2b,3443,Mauritia flexuosa L.f.,M a u r i t i a f l e x u o s a L . f .,M
AG3,2b,3442,Euterpe precatoria Mart.,E u t e r p e p r e c a t o r i a M a r t .,E
AG3,2b,3441,Mauritia flexuosa L.f.,M a u r i t i a f l e x u o s a L . f .,M
AG3,2a,1132,Alchornea triplinervia (Spreng.) Müll.Arg.,A l c h o r n e a t r i p l i n e r v i a ( S p r e n g . ) M ü l l . A r g .,A
AG3,2a,1136,Hevea guianensis Aubl.,H e v e a g u i a n e n s i s A u b l .,H
AG3,2a,2332,Ficus sp.,F i c u s s p .,F
AG3,2a,1138,Mauritia flexuosa L.f.,M a u r i t i a f l e x u o s a L . f .,M
AG3,2b,1141,Mauritia flexuosa L.f.,M a u r i t i a f l e x u o s a L . f .,M
AG3,2b,2329,Euterpe precatoria Mart.,E u t e r p e p r e c a t o r i a M a r t .,E
AG3,2b,1148,Morisonia sola (J.F.Macbr.) Christenh. & Byng,M o r i s o n i a s o l a ( J . F . M a c b r . ) C h r i s t e n h . & B y n g,M
AG3,2b,1149,Lueheopsis rosea (Ducke) Burret,L u e h e o p s i s r o s e a ( D u c k e ) B u r r e t,L
AG3,2b,2330,Euterpe precatoria Mart.,E u t e r p e p r e c a t o r i a M a r t .,E
AG3,2b,3439,Mauritia flexuosa L.f.,M a u r i t i a f l e x u o s a L . f .,M
AG3,2b,,Euterpe precatoria Mart.,E u t e r p e p r e c a t o r i a M a r t .,E
AG3,2b,1150,Hevea guianensis Aubl.,H e v e a g u i a n e n s i s A u b l .,H
AG4,1a,1151,Eschweilera coriacea (DC.) S.A.Mori,E s c h w e i l e r a c o r i a c e a ( D C . ) S . A . M o r i,E
AG4,1a,1152,Pouteria procera (Mart.) K.Hammer,P o u t e r i a p r o c e r a ( M a r t . ) K . H a m m e r,P
AG4,1a,1153,"	
Roucheria punctata (Ducke) Ducke",R o u c h e r i a p u n c t a t a ( D u c k e ) D u c k e,R
AG4,1a,3203,Mauritia flexuosa L.f.,M a u r i t i a f l e x u o s a L . f .,M
AG4,1a,1154,"	
Zygia coccinea (G.Don) L.Rico",Z y g i a c o c c i n e a ( G . D o n ) L . R i c o,Z
AG4,1a,3204,Pourouma sp.,P o u r o u m a s p .,P
AG4,1a,3205,Eschweilera coriacea (DC.) S.A.Mori,E s c h w e i l e r a c o r i a c e a ( D C . ) S . A . M o r i,E
AG4,1a,1157,Iryanthera juruensis Warb.,I r y a n t h e r a j u r u e n s i s W a r b .,I
AG4,1a,1158,Mauritia flexuosa L.f.,M a u r i t i a f l e x u o s a L . f .,M
AG4,1a,1159,Euterpe precatoria Mart.,E u t e r p e p r e c a t o r i a M a r t .,E
AG4,1a,1160,Mauritia flexuosa L.f.,M a u r i t i a f l e x u o s a L . f .,M
AG4,1a,2388,Hevea guianensis Aubl.,H e v e a g u i a n e n s i s A u b l .,H
AG4,1a,1163,Mauritia flexuosa L.f.,M a u r i t i a f l e x u o s a L . f .,M
AG4,1a,1164,Mauritia flexuosa L.f.,M a u r i t i a f l e x u o s a L . f .,M
AG4,1a,1165,Manilkara bidentata (A.DC.) A.Chev.,M a n i l k a r a b i d e n t a t a ( A . D C . ) A . C h e v .,M
AG4,1b,3200,Perebea sp.,P e r e b e a s p .,P
AG4,1b,3201,Hevea guianensis Aubl.,H e v e a g u i a n e n s i s A u b l .,H
AG4,1b,3202,Pouteria sp.,P o u t e r i a s p .,P
AG4,1b,1166,Euterpe precatoria Mart.,E u t e r p e p r e c a t o r i a M a r t .,E
AG4,1b,1167,Xylopia sp.,X y l o p i a s p .,X
AG4,1b,1168,Homalolepis paraensis (Ducke) Devecchi & Pirani,H o m a l o l e p i s p a r a e n s i s ( D u c k e ) D e v e c c h i & P i r a n i,H
AG4,1b,1171,Pseudosenefeldera inclinata (Müll.Arg.) Esser,P s e u d o s e n e f e l d e r a i n c l i n a t a ( M ü l l . A r g . ) E s s e r,P
AG4,1b,1173,Iryanthera juruensis Warb.,I r y a n t h e r a j u r u e n s i s W a r b .,I
AG4,1b,3206,Oxandra sp.,O x a n d r a s p .,O
AG4,1b,3207,Pseudosenefeldera inclinata (Müll.Arg.) Esser,P s e u d o s e n e f e l d e r a i n c l i n a t a ( M ü l l . A r g . ) E s s e r,P
AG4,1b,1176,Pourouma mollis Trécul,P o u r o u m a m o l l i s T r é c u l,P
AG4,1b,1178,Aspidosperma nitidum Benth. ex Müll.Arg.,A s p i d o s p e r m a n i t i d u m B e n t h . e x M ü l l . A r g .,A
AG4,1b,1179,Virola calophylla (Spruce) Warb.,V i r o l a c a l o p h y l l a ( S p r u c e ) W a r b .,V
AG4,1b,1182,Euterpe precatoria Mart.,E u t e r p e p r e c a t o r i a M a r t .,E
AG4,1b,3208,Vismia,V i s m i a,V
AG4,1b,1188,Pouteria procera (Mart.) K.Hammer,P o u t e r i a p r o c e r a ( M a r t . ) K . H a m m e r,P
AG4,1b,1189,Inga sp2,I n g a s p 2,I
AG4,2a,1190,Oenocarpus bataua Mart.,O e n o c a r p u s b a t a u a M a r t .,O
AG4,2a,1191,Euterpe precatoria Mart.,E u t e r p e p r e c a t o r i a M a r t .,E
AG4,2a,1192,Mauritia flexuosa L.f.,M a u r i t i a f l e x u o s a L . f .,M
AG4,2a,1193,Euterpe precatoria Mart.,E u t e r p e p r e c a t o r i a M a r t .,E
AG4,2a,1194,Euterpe precatoria Mart.,E u t e r p e p r e c a t o r i a M a r t .,E
AG4,2a,2393,Oenocarpus bataua Mart.,O e n o c a r p u s b a t a u a M a r t .,O
AG4,2a,3209,Oenocarpus bataua Mart.,O e n o c a r p u s b a t a u a M a r t .,O
AG4,2a,3211,Xylopia sp.,X y l o p i a s p .,X
AG4,2a,1161A,Nealchornea yapurensis Huber,N e a l c h o r n e a y a p u r e n s i s H u b e r,N
AG4,2a,,Euterpe precatoria Mart.,E u t e r p e p r e c a t o r i a M a r t .,E
AG4,2b,1196,Sloanea fragrans Rusby,S l o a n e a f r a g r a n s R u s b y,S
AG4,2b,1197,Byrsonima poeppigiana A.Juss.,B y r s o n i m a p o e p p i g i a n a A . J u s s .,B
AG4,2b,2390,Pouteria sp.,P o u t e r i a s p .,P
AG4,2b,1199,Attalea phalerata Mart. ex Spreng.,A t t a l e a p h a l e r a t a M a r t . e x S p r e n g .,A
AG4,2b,2391,Iryanthera sp1,I r y a n t h e r a s p 1,I
AG5,1a,2397,Euterpe precatoria Mart.,E u t e r p e p r e c a t o r i a M a r t .,E
AG5,1a,2398,Mauritia flexuosa L.f.,M a u r i t i a f l e x u o s a L . f .,M
AG5,1a,2399,Mauritia flexuosa L.f.,M a u r i t i a f l e x u o s a L . f .,M
AG5,1a,1202,Mauritia flexuosa L.f.,M a u r i t i a f l e x u o s a L . f .,M
AG5,1a,1203,Mauritia flexuosa L.f.,M a u r i t i a f l e x u o s a L . f .,M
AG5,1a,1204,Mauritia flexuosa L.f.,M a u r i t i a f l e x u o s a L . f .,M
AG5,1a,1205,Mauritia flexuosa L.f.,M a u r i t i a f l e x u o s a L . f .,M
AG5,1a,1206,Mauritia flexuosa L.f.,M a u r i t i a f l e x u o s a L . f .,M
AG5,1a,1207,Mauritia flexuosa L.f.,M a u r i t i a f l e x u o s a L . f .,M
AG5,1b,1209,Licania coriacea Benth.,L i c a n i a c o r i a c e a B e n t h .,L
AG5,1b,1210,Euterpe precatoria Mart.,E u t e r p e p r e c a t o r i a M a r t .,E
AG5,1b,1213,Euterpe precatoria Mart.,E u t e r p e p r e c a t o r i a M a r t .,E
AG5,1b,1214,Inga pezizifera Benth.,I n g a p e z i z i f e r a B e n t h .,I
AG5,1b,,Euterpe precatoria Mart.,E u t e r p e p r e c a t o r i a M a r t .,E
AG5,1b,1216,Lueheopsis rosea (Ducke) Burret,L u e h e o p s i s r o s e a ( D u c k e ) B u r r e t,L
AG5,1b,1217,Licania sp.,L i c a n i a s p .,L
AG5,1b,,Euterpe precatoria Mart.,E u t e r p e p r e c a t o r i a M a r t .,E
AG5,1b,1220,Lueheopsis rosea (Ducke) Burret,L u e h e o p s i s r o s e a ( D u c k e ) B u r r e t,L
AG5,1b,1221,Nealchornea yapurensis Huber,N e a l c h o r n e a y a p u r e n s i s H u b e r,N
AG5,1b,1222,Mauritia flexuosa L.f.,M a u r i t i a f l e x u o s a L . f .,M
AG5,1b,3212,Mauritia flexuosa L.f.,M a u r i t i a f l e x u o s a L . f .,M
AG5,2a,1223,Mauritia flexuosa L.f.,M a u r i t i a f l e x u o s a L . f .,M
AG5,2a,1224,Mauritia flexuosa L.f.,M a u r i t i a f l e x u o s a L . f .,M
AG5,2a,1225,Mauritia flexuosa L.f.,M a u r i t i a f l e x u o s a L . f .,M
AG5,2a,1226,Lueheopsis rosea (Ducke) Burret,L u e h e o p s i s r o s e a ( D u c k e ) B u r r e t,L
AG5,2a,3215,Mauritia flexuosa L.f.,M a u r i t i a f l e x u o s a L . f .,M
AG5,2a,1227,Mauritia flexuosa L.f.,M a u r i t i a f l e x u o s a L . f .,M
AG5,2a,1228,Mauritia flexuosa L.f.,M a u r i t i a f l e x u o s a L . f .,M
AG5,2a,1229,Euterpe precatoria Mart.,E u t e r p e p r e c a t o r i a M a r t .,E
AG5,2a,1230,Mauritia flexuosa L.f.,M a u r i t i a f l e x u o s a L . f .,M
AG5,2a,1233,Lueheopsis rosea (Ducke) Burret,L u e h e o p s i s r o s e a ( D u c k e ) B u r r e t,L
AG5,2a,3216,Ficus sp.,F i c u s s p .,F
AG5,2a,1202A,Lueheopsis rosea (Ducke) Burret,L u e h e o p s i s r o s e a ( D u c k e ) B u r r e t,L
AG5,2b,1234,Mauritia flexuosa L.f.,M a u r i t i a f l e x u o s a L . f .,M
AG5,2b,1236,Mauritia flexuosa L.f.,M a u r i t i a f l e x u o s a L . f .,M
AG5,2b,1237,Mauritia flexuosa L.f.,M a u r i t i a f l e x u o s a L . f .,M
AG5,2b,1238,Mauritia flexuosa L.f.,M a u r i t i a f l e x u o s a L . f .,M
AG5,2b,3213,Euterpe precatoria Mart.,E u t e r p e p r e c a t o r i a M a r t .,E
AG5,2b,1241,Mauritia flexuosa L.f.,M a u r i t i a f l e x u o s a L . f .,M
AG5,2b,1242,Lueheopsis rosea (Ducke) Burret,L u e h e o p s i s r o s e a ( D u c k e ) B u r r e t,L
AG5,2b,1243,Mauritia flexuosa L.f.,M a u r i t i a f l e x u o s a L . f .,M
AG5,2b,3214,Mauritia flexuosa L.f.,M a u r i t i a f l e x u o s a L . f .,M
AG5,2b,1245,Lueheopsis rosea (Ducke) Burret,L u e h e o p s i s r o s e a ( D u c k e ) B u r r e t,L
AG5,2b,1246,Mauritia flexuosa L.f.,M a u r i t i a f l e x u o s a L . f .,M
AG5,2b,1247,Mauritia flexuosa L.f.,M a u r i t i a f l e x u o s a L . f .,M
AG5,2b,1248,Lueheopsis rosea (Ducke) Burret,L u e h e o p s i s r o s e a ( D u c k e ) B u r r e t,L
AG5,2b,1249,Mauritia flexuosa L.f.,M a u r i t i a f l e x u o s a L . f .,M
AG5,2b,1250,Mauritia flexuosa L.f.,M a u r i t i a f l e x u o s a L . f .,M
AG6,2b,2261,Euterpe precatoria Mart.,E u t e r p e p r e c a t o r i a M a r t .,E
AG6,2b,3912,Micropholis sp.,M i c r o p h o l i s s p .,M
AG6,2b,3913,Anaxagorea brevipes Benth,A n a x a g o r e a b r e v i p e s B e n t h,A
AG6,2b,2262,Attalea phalerata Mart. ex Spreng.,A t t a l e a p h a l e r a t a M a r t . e x S p r e n g .,A
AG6,3b,2266,Euterpe precatoria Mart.,E u t e r p e p r e c a t o r i a M a r t .,E
AG6,4b,2267,Mauritia flexuosa L.f.,M a u r i t i a f l e x u o s a L . f .,M
AG6,4b,2268,Iriartea deltoidea Ruiz & Pav.,I r i a r t e a d e l t o i d e a R u i z & P a v .,I
AG6,4b,2269,Euterpe precatoria Mart.,E u t e r p e p r e c a t o r i a M a r t .,E
AG6,4b,2270,Euterpe precatoria Mart.,E u t e r p e p r e c a t o r i a M a r t .,E
AG6,4b,2273,Anaxagorea brevipes Benth,A n a x a g o r e a b r e v i p e s B e n t h,A
AG6,5b,2277,Hevea guianensis Aubl.,H e v e a g u i a n e n s i s A u b l .,H
AG6,6b,2278,Euterpe precatoria Mart.,E u t e r p e p r e c a t o r i a M a r t .,E
AG6,6b,2279,Hevea guianensis Aubl.,H e v e a g u i a n e n s i s A u b l .,H
AG6,6b,,Euterpe precatoria Mart.,E u t e r p e p r e c a t o r i a M a r t .,E
AG6,6b,2281,Euterpe precatoria Mart.,E u t e r p e p r e c a t o r i a M a r t .,E
AG6,6b,2280,Anaxagorea brevipes Benth,A n a x a g o r e a b r e v i p e s B e n t h,A
AG6,6b,2282,Euterpe precatoria Mart.,E u t e r p e p r e c a t o r i a M a r t .,E
AG6,7b,2285,Micropholis sp.,M i c r o p h o l i s s p .,M
AG6,7b,2286,Symphonia globulifera L.f.,S y m p h o n i a g l o b u l i f e r a L . f .,S
AG6,8b,2287,Astrocaryum murumuru Mart.,A s t r o c a r y u m m u r u m u r u M a r t .,A
AG6,8b,3917,Euterpe precatoria Mart.,E u t e r p e p r e c a t o r i a M a r t .,E
AG6,8b,,Mauritia flexuosa L.f.,M a u r i t i a f l e x u o s a L . f .,M
AG6,8b,2288,Pseudobombax septenatum (Jacq.) Dugand,P s e u d o b o m b a x s e p t e n a t u m ( J a c q . ) D u g a n d,P
AG6,8b,,Mabea sp.,M a b e a s p .,M
AG6,8b,,Hieronyma oblonga (Tul.) Müll.Arg.,H i e r o n y m a o b l o n g a ( T u l . ) M ü l l . A r g .,H
AG6,7b,2290,Symphonia globulifera L.f.,S y m p h o n i a g l o b u l i f e r a L . f .,S
AG6,7b,,Mabea sp.,M a b e a s p .,M
AG6,7a,3922,Mauritia flexuosa L.f.,M a u r i t i a f l e x u o s a L . f .,M
AG6,7a,3923,Socratea exorrhiza (Mart.) H.Wendl.,S o c r a t e a e x o r r h i z a ( M a r t . ) H . W e n d l .,S
AG6,5a,2293,Mauritia flexuosa L.f.,M a u r i t i a f l e x u o s a L . f .,M
AG6,5a,2294,Mauritia flexuosa L.f.,M a u r i t i a f l e x u o s a L . f .,M
AG6,5a,2295,Hevea guianensis Aubl.,H e v e a g u i a n e n s i s A u b l .,H
AG6,4a,2296,Guatteria sp.,G u a t t e r i a s p .,G
AG6,4a,2297,Mauritia flexuosa L.f.,M a u r i t i a f l e x u o s a L . f .,M
AG6,4a,2298,Mauritia flexuosa L.f.,M a u r i t i a f l e x u o s a L . f .,M
AG6,4a,2654,Anaxagorea brevipes Benth,A n a x a g o r e a b r e v i p e s B e n t h,A
AG6,3a,2300,Pterocarpus sp.,P t e r o c a r p u s s p .,P
AG6,3a,2301,Euterpe precatoria Mart.,E u t e r p e p r e c a t o r i a M a r t .,E
AG6,3a,2302,Euterpe precatoria Mart.,E u t e r p e p r e c a t o r i a M a r t .,E
AG6,3a,2303,Euterpe precatoria Mart.,E u t e r p e p r e c a t o r i a M a r t .,E
AG6,3a,2304,Euterpe precatoria Mart.,E u t e r p e p r e c a t o r i a M a r t .,E
AG6,3a,2305,Hevea guianensis Aubl.,H e v e a g u i a n e n s i s A u b l .,H
AG6,3a,3910,Himatanthus articulatus (Vahl) Woodson,H i m a t a n t h u s a r t i c u l a t u s ( V a h l ) W o o d s o n,H
AG6,1a,2310,Socratea exorrhiza (Mart.) H.Wendl.,S o c r a t e a e x o r r h i z a ( M a r t . ) H . W e n d l .,S
AG6,1a,3911,Pleurothyrium sp.,P l e u r o t h y r i u m s p .,P
AG6,1a,2311,Mauritia flexuosa L.f.,M a u r i t i a f l e x u o s a L . f .,M
AG6,1a,2312,Hevea guianensis Aubl.,H e v e a g u i a n e n s i s A u b l .,H
AG7,1b,2336,Mauritia flexuosa L.f.,M a u r i t i a f l e x u o s a L . f .,M
AG7,2b,2337,Euterpe precatoria Mart.,E u t e r p e p r e c a t o r i a M a r t .,E
AG7,2b,2338,Pleurothyrium sp.,P l e u r o t h y r i u m s p .,P
AG7,2b,2339,Mauritia flexuosa L.f.,M a u r i t i a f l e x u o s a L . f .,M
AG7,2b,2340,Mauritia flexuosa L.f.,M a u r i t i a f l e x u o s a L . f .,M
AG7,3b,3900,Hevea guianensis Aubl.,H e v e a g u i a n e n s i s A u b l .,H
AG7,3b,2342,Mauritia flexuosa L.f.,M a u r i t i a f l e x u o s a L . f .,M
AG7,3b,2343,Hevea guianensis Aubl.,H e v e a g u i a n e n s i s A u b l .,H
AG7,3b,2344,Euterpe precatoria Mart.,E u t e r p e p r e c a t o r i a M a r t .,E
AG7,4b,2348,Oxandra sp.,O x a n d r a s p .,O
AG7,5b,2349,Mauritia flexuosa L.f.,M a u r i t i a f l e x u o s a L . f .,M
AG7,5b,2351,Hevea guianensis Aubl.,H e v e a g u i a n e n s i s A u b l .,H
AG7,7b,2353,"Allantoma integrifolia (Ducke) S.A.Mori, Ya Y.Huang & Prance","A l l a n t o m a i n t e g r i f o l i a ( D u c k e ) S . A . M o r i , Y a Y . H u a n g & P r a n c e",A
AG7,7a,2355,Mauritia flexuosa L.f.,M a u r i t i a f l e x u o s a L . f .,M
AG7,7a,,Cecropia sp.,C e c r o p i a s p .,C
AG7,7a,,Licania sp.,L i c a n i a s p .,L
AG7,7a,,"Allantoma integrifolia (Ducke) S.A.Mori, Ya Y.Huang & Prance","A l l a n t o m a i n t e g r i f o l i a ( D u c k e ) S . A . M o r i , Y a Y . H u a n g & P r a n c e",A
AG7,7a,,Lueheopsis rosea (Ducke) Burret,L u e h e o p s i s r o s e a ( D u c k e ) B u r r e t,L
AG7,7a,,Lueheopsis rosea (Ducke) Burret,L u e h e o p s i s r o s e a ( D u c k e ) B u r r e t,L
AG7,7a,2363,Mauritia flexuosa L.f.,M a u r i t i a f l e x u o s a L . f .,M
AG7,5a,2364,Mauritia flexuosa L.f.,M a u r i t i a f l e x u o s a L . f .,M
AG7,5a,2365,Euterpe precatoria Mart.,E u t e r p e p r e c a t o r i a M a r t .,E
AG7,5a,2367,Inga sp2,I n g a s p 2,I
AG7,4a,2369,Euterpe precatoria Mart.,E u t e r p e p r e c a t o r i a M a r t .,E
AG7,4a,2370,Hevea guianensis Aubl.,H e v e a g u i a n e n s i s A u b l .,H
AG7,4a,,Licania sp.,L i c a n i a s p .,L
AG7,4a,2371,Morisonia sola (J.F.Macbr.) Christenh. & Byng,M o r i s o n i a s o l a ( J . F . M a c b r . ) C h r i s t e n h . & B y n g,M
AG7,4a,2372,Euterpe precatoria Mart.,E u t e r p e p r e c a t o r i a M a r t .,E
AG7,4a,3902,Cecropia sp.,C e c r o p i a s p .,C
AG7,4a,2373,Euterpe precatoria Mart.,E u t e r p e p r e c a t o r i a M a r t .,E
AG7,3a,2375,Protium sp.,P r o t i u m s p .,P
AG7,3a,3904,Mauritia flexuosa L.f.,M a u r i t i a f l e x u o s a L . f .,M
AG7,3a,3905,Mauritia flexuosa L.f.,M a u r i t i a f l e x u o s a L . f .,M
AG7,3a,3906,Mauritia flexuosa L.f.,M a u r i t i a f l e x u o s a L . f .,M
AG7,3a,3907,Mauritia flexuosa L.f.,M a u r i t i a f l e x u o s a L . f .,M
AG7,3a,2376,Mauritia flexuosa L.f.,M a u r i t i a f l e x u o s a L . f .,M
AG7,2a,2377,Mauritia flexuosa L.f.,M a u r i t i a f l e x u o s a L . f .,M
AG7,1a,2378,Miconia sp.,M i c o n i a s p .,M
AG7,1a,2380,Mauritia flexuosa L.f.,M a u r i t i a f l e x u o s a L . f .,M
AG8,1b,2400,Mauritia flexuosa L.f.,M a u r i t i a f l e x u o s a L . f .,M
AG8,1b,2401,Mauritia flexuosa L.f.,M a u r i t i a f l e x u o s a L . f .,M
AG8,1b,2402,Mauritia flexuosa L.f.,M a u r i t i a f l e x u o s a L . f .,M
AG8,2b,2403,Mauritia flexuosa L.f.,M a u r i t i a f l e x u o s a L . f .,M
AG8,2b,2404,Mauritia flexuosa L.f.,M a u r i t i a f l e x u o s a L . f .,M
AG8,2b,2405,Mauritia flexuosa L.f.,M a u r i t i a f l e x u o s a L . f .,M
AG8,2b,2406,Mauritia flexuosa L.f.,M a u r i t i a f l e x u o s a L . f .,M
AG8,2b,2407,Mauritia flexuosa L.f.,M a u r i t i a f l e x u o s a L . f .,M
AG8,2b,2408,Mauritia flexuosa L.f.,M a u r i t i a f l e x u o s a L . f .,M
AG8,2b,2409,Mauritia flexuosa L.f.,M a u r i t i a f l e x u o s a L . f .,M
AG8,2b,2410,Mauritia flexuosa L.f.,M a u r i t i a f l e x u o s a L . f .,M
AG8,3b,2411,Mauritia flexuosa L.f.,M a u r i t i a f l e x u o s a L . f .,M
AG8,3b,2412,Mauritia flexuosa L.f.,M a u r i t i a f l e x u o s a L . f .,M
AG8,4b,2413,Mauritia flexuosa L.f.,M a u r i t i a f l e x u o s a L . f .,M
AG8,4b,2414,Mauritia flexuosa L.f.,M a u r i t i a f l e x u o s a L . f .,M
AG8,4b,2415,Mauritia flexuosa L.f.,M a u r i t i a f l e x u o s a L . f .,M
AG8,4b,2416,Mauritia flexuosa L.f.,M a u r i t i a f l e x u o s a L . f .,M
AG8,4b,2417,Mauritia flexuosa L.f.,M a u r i t i a f l e x u o s a L . f .,M
AG8,5b,3450,Lueheopsis rosea (Ducke) Burret,L u e h e o p s i s r o s e a ( D u c k e ) B u r r e t,L
AG8,5b,3451,Anaxagorea brevipes Benth,A n a x a g o r e a b r e v i p e s B e n t h,A
AG8,5b,2420,Lueheopsis rosea (Ducke) Burret,L u e h e o p s i s r o s e a ( D u c k e ) B u r r e t,L
AG8,5b,2419,Euterpe precatoria Mart.,E u t e r p e p r e c a t o r i a M a r t .,E
AG8,5b,2421,Mauritia flexuosa L.f.,M a u r i t i a f l e x u o s a L . f .,M
AG8,6b,2423,Mauritia flexuosa L.f.,M a u r i t i a f l e x u o s a L . f .,M
AG8,6b,2424,Mauritia flexuosa L.f.,M a u r i t i a f l e x u o s a L . f .,M
AG8,6b,2428,Mauritia flexuosa L.f.,M a u r i t i a f l e x u o s a L . f .,M
AG8,6b,2429,Euterpe precatoria Mart.,E u t e r p e p r e c a t o r i a M a r t .,E
AG8,7b,2430,Mauritia flexuosa L.f.,M a u r i t i a f l e x u o s a L . f .,M
AG8,7b,2431,Mauritia flexuosa L.f.,M a u r i t i a f l e x u o s a L . f .,M
AG8,7b,2432,Mauritia flexuosa L.f.,M a u r i t i a f l e x u o s a L . f .,M
AG8,8b,2433,Cecropia sp.,C e c r o p i a s p .,C
AG8,8b,3452,Mauritia flexuosa L.f.,M a u r i t i a f l e x u o s a L . f .,M
AG8,8b,3453,Hevea guianensis Aubl.,H e v e a g u i a n e n s i s A u b l .,H
AG8,8b,3454,Inga sp2,I n g a s p 2,I
AG8,8b,2434,Euterpe precatoria Mart.,E u t e r p e p r e c a t o r i a M a r t .,E
AG8,8b,2435,Euterpe precatoria Mart.,E u t e r p e p r e c a t o r i a M a r t .,E
AG8,9b,2437,Mauritia flexuosa L.f.,M a u r i t i a f l e x u o s a L . f .,M
AG8,9b,3455,Protium sp.,P r o t i u m s p .,P
AG8,9b,3456,Socratea exorrhiza (Mart.) H.Wendl.,S o c r a t e a e x o r r h i z a ( M a r t . ) H . W e n d l .,S
AG8,9b,2439,Euterpe precatoria Mart.,E u t e r p e p r e c a t o r i a M a r t .,E
AG8,9b,3457,Pterocarpus sp.,P t e r o c a r p u s s p .,P
AG8,9b,3458,Pouteria sp.,P o u t e r i a s p .,P
AG8,9b,3459,"Allantoma integrifolia (Ducke) S.A.Mori, Ya Y.Huang & Prance","A l l a n t o m a i n t e g r i f o l i a ( D u c k e ) S . A . M o r i , Y a Y . H u a n g & P r a n c e",A
AG8,9b,3460,Euterpe precatoria Mart.,E u t e r p e p r e c a t o r i a M a r t .,E
AG8,9b,3461,Hevea guianensis Aubl.,H e v e a g u i a n e n s i s A u b l .,H
AG8,11b,2444,Euterpe precatoria Mart.,E u t e r p e p r e c a t o r i a M a r t .,E
AG8,11b,2445,Mauritia flexuosa L.f.,M a u r i t i a f l e x u o s a L . f .,M
AG8,11b,2447,Euterpe precatoria Mart.,E u t e r p e p r e c a t o r i a M a r t .,E
AG8,11b,2446,Mauritia flexuosa L.f.,M a u r i t i a f l e x u o s a L . f .,M
AG8,12b,3462,Mauritia flexuosa L.f.,M a u r i t i a f l e x u o s a L . f .,M
AG8,12b,3463,Euterpe precatoria Mart.,E u t e r p e p r e c a t o r i a M a r t .,E
AG8,12b,3464,Mauritia flexuosa L.f.,M a u r i t i a f l e x u o s a L . f .,M
AG8,12b,3465,Protium sp.,P r o t i u m s p .,P
AG8,12a,2454,Euterpe precatoria Mart.,E u t e r p e p r e c a t o r i a M a r t .,E
AG8,12a,2456,Brosimum sp.,B r o s i m u m s p .,B
AG8,12a,2457,Euterpe precatoria Mart.,E u t e r p e p r e c a t o r i a M a r t .,E
AG8,12a,2458,Euterpe precatoria Mart.,E u t e r p e p r e c a t o r i a M a r t .,E
AG8,12a,2459,Euterpe precatoria Mart.,E u t e r p e p r e c a t o r i a M a r t .,E
AG8,12a,3466,Nealchornea yapurensis Huber,N e a l c h o r n e a y a p u r e n s i s H u b e r,N
AG8,12a,3467,Nectandra pulverulenta Nees,N e c t a n d r a p u l v e r u l e n t a N e e s,N
AG8,12a,3468,Oenocarpus bataua Mart.,O e n o c a r p u s b a t a u a M a r t .,O
AG8,12a,3469,Pouteria sp.,P o u t e r i a s p .,P
AG8,12a,3470,Iryanthera olacoides (A.C. Sm.) A.C. Sm.,I r y a n t h e r a o l a c o i d e s ( A . C . S m . ) A . C . S m .,I
AG8,10a,2462,Mauritia flexuosa L.f.,M a u r i t i a f l e x u o s a L . f .,M
AG8,10a,2463,Hevea guianensis Aubl.,H e v e a g u i a n e n s i s A u b l .,H
AG8,10a,3471,Euterpe precatoria Mart.,E u t e r p e p r e c a t o r i a M a r t .,E
AG8,10a,3472,Euterpe precatoria Mart.,E u t e r p e p r e c a t o r i a M a r t .,E
AG8,10a,3473,Euterpe precatoria Mart.,E u t e r p e p r e c a t o r i a M a r t .,E
AG8,10a,3474,Alchornea triplinervia (Spreng.) Müll.Arg.,A l c h o r n e a t r i p l i n e r v i a ( S p r e n g . ) M ü l l . A r g .,A
AG8,10a,3477,Aspidosperma sp.,A s p i d o s p e r m a s p .,A
AG8,10a,3475,Mauritia flexuosa L.f.,M a u r i t i a f l e x u o s a L . f .,M
AG8,10a,3476,Cecropia sp.,C e c r o p i a s p .,C
AG8,10a,3478,Mauritia flexuosa L.f.,M a u r i t i a f l e x u o s a L . f .,M
AG8,10a,3479,Mauritia flexuosa L.f.,M a u r i t i a f l e x u o s a L . f .,M
AG8,10a,3480,Mauritia flexuosa L.f.,M a u r i t i a f l e x u o s a L . f .,M
AG8,10a,2468,Euterpe precatoria Mart.,E u t e r p e p r e c a t o r i a M a r t .,E
AG8,8a,2470,Vismia,V i s m i a,V
AG8,7a,2473,Mauritia flexuosa L.f.,M a u r i t i a f l e x u o s a L . f .,M
AG8,6a,2475,Lueheopsis rosea (Ducke) Burret,L u e h e o p s i s r o s e a ( D u c k e ) B u r r e t,L
AG8,6a,3482,Euterpe precatoria Mart.,E u t e r p e p r e c a t o r i a M a r t .,E
AG8,6a,3483,Mauritia flexuosa L.f.,M a u r i t i a f l e x u o s a L . f .,M
AG8,6a,3485,Inga sp2,I n g a s p 2,I
AG8,6a,3484,Lueheopsis rosea (Ducke) Burret,L u e h e o p s i s r o s e a ( D u c k e ) B u r r e t,L
AG8,6a,3486,Inga sp2,I n g a s p 2,I
AG8,6a,2477,Mauritia flexuosa L.f.,M a u r i t i a f l e x u o s a L . f .,M
AG8,6a,2478,Mauritia flexuosa L.f.,M a u r i t i a f l e x u o s a L . f .,M
AG8,5a,2479,Mauritia flexuosa L.f.,M a u r i t i a f l e x u o s a L . f .,M
AG8,5a,2480,Euterpe precatoria Mart.,E u t e r p e p r e c a t o r i a M a r t .,E
AG8,5a,2481,Mauritia flexuosa L.f.,M a u r i t i a f l e x u o s a L . f .,M
AG8,5a,2482,Mauritia flexuosa L.f.,M a u r i t i a f l e x u o s a L . f .,M
AG8,5a,2483,Mauritia flexuosa L.f.,M a u r i t i a f l e x u o s a L . f .,M
AG8,4a,2491,Mauritia flexuosa L.f.,M a u r i t i a f l e x u o s a L . f .,M
AG8,4a,2492,Mauritia flexuosa L.f.,M a u r i t i a f l e x u o s a L . f .,M
AG8,3a,2493,Mauritia flexuosa L.f.,M a u r i t i a f l e x u o s a L . f .,M
AG8,3a,2494,Mauritia flexuosa L.f.,M a u r i t i a f l e x u o s a L . f .,M
AG8,2a,2495,Mauritia flexuosa L.f.,M a u r i t i a f l e x u o s a L . f .,M
AG8,2a,2497,Mauritia flexuosa L.f.,M a u r i t i a f l e x u o s a L . f .,M
AG8,2a,2498,Mauritia flexuosa L.f.,M a u r i t i a f l e x u o s a L . f .,M
AG8,2a,2499,Mauritia flexuosa L.f.,M a u r i t i a f l e x u o s a L . f .,M
AG8,2a,2500,Euterpe precatoria Mart.,E u t e r p e p r e c a t o r i a M a r t .,E
AG9,1b,2501,Mauritia flexuosa L.f.,M a u r i t i a f l e x u o s a L . f .,M
AG9,1b,2502,Mauritia flexuosa L.f.,M a u r i t i a f l e x u o s a L . f .,M
AG9,2b,2503,"Allantoma integrifolia (Ducke) S.A.Mori, Ya Y.Huang & Prance","A l l a n t o m a i n t e g r i f o l i a ( D u c k e ) S . A . M o r i , Y a Y . H u a n g & P r a n c e",A
AG9,2b,2506,Mauritia flexuosa L.f.,M a u r i t i a f l e x u o s a L . f .,M
AG9,3b,2507,Mauritia flexuosa L.f.,M a u r i t i a f l e x u o s a L . f .,M
AG9,3b,2508,Euterpe precatoria Mart.,E u t e r p e p r e c a t o r i a M a r t .,E
AG9,3b,2509,Mauritia flexuosa L.f.,M a u r i t i a f l e x u o s a L . f .,M
AG9,3b,3490,Marila laxiflora Rusby,M a r i l a l a x i f l o r a R u s b y,M
AG9,3b,3491,Mauritia flexuosa L.f.,M a u r i t i a f l e x u o s a L . f .,M
AG9,3b,3492,Mauritia flexuosa L.f.,M a u r i t i a f l e x u o s a L . f .,M
AG9,5b,2514,Mauritia flexuosa L.f.,M a u r i t i a f l e x u o s a L . f .,M
AG9,5b,2515,Mauritia flexuosa L.f.,M a u r i t i a f l e x u o s a L . f .,M
AG9,5b,2516,Euterpe precatoria Mart.,E u t e r p e p r e c a t o r i a M a r t .,E
AG9,5b,3493,Lueheopsis rosea (Ducke) Burret,L u e h e o p s i s r o s e a ( D u c k e ) B u r r e t,L
AG9,5b,3494,Marila laxiflora Rusby,M a r i l a l a x i f l o r a R u s b y,M
AG9,6b,3495,Pseudoxandra polyphleba (Diels) R.E.Fr.,P s e u d o x a n d r a p o l y p h l e b a ( D i e l s ) R . E . F r .,P
AG9,6b,2520,Mauritia flexuosa L.f.,M a u r i t i a f l e x u o s a L . f .,M
AG9,6b,2521,Mauritia flexuosa L.f.,M a u r i t i a f l e x u o s a L . f .,M
AG9,6b,3496,Euterpe precatoria Mart.,E u t e r p e p r e c a t o r i a M a r t .,E
AG9,6b,3497,"Allantoma integrifolia (Ducke) S.A.Mori, Ya Y.Huang & Prance","A l l a n t o m a i n t e g r i f o l i a ( D u c k e ) S . A . M o r i , Y a Y . H u a n g & P r a n c e",A
AG9,6b,3498,Lueheopsis rosea (Ducke) Burret,L u e h e o p s i s r o s e a ( D u c k e ) B u r r e t,L
AG9,8b,2525,Euterpe precatoria Mart.,E u t e r p e p r e c a t o r i a M a r t .,E
AG9,8b,2524,Mauritia flexuosa L.f.,M a u r i t i a f l e x u o s a L . f .,M
AG9,8b,2527,Euterpe precatoria Mart.,E u t e r p e p r e c a t o r i a M a r t .,E
AG9,8b,2528,Euterpe precatoria Mart.,E u t e r p e p r e c a t o r i a M a r t .,E
AG9,8b,2529,Euterpe precatoria Mart.,E u t e r p e p r e c a t o r i a M a r t .,E
AG9,8b,2530,Euterpe precatoria Mart.,E u t e r p e p r e c a t o r i a M a r t .,E
AG9,8a,3499,Mauritia flexuosa L.f.,M a u r i t i a f l e x u o s a L . f .,M
AG9,8a,2531,Licania sp.,L i c a n i a s p .,L
AG9,7a,2532,Lueheopsis rosea (Ducke) Burret,L u e h e o p s i s r o s e a ( D u c k e ) B u r r e t,L
AG9,6a,2534,Euterpe precatoria Mart.,E u t e r p e p r e c a t o r i a M a r t .,E
AG9,6a,2535,Mauritia flexuosa L.f.,M a u r i t i a f l e x u o s a L . f .,M
AG9,6a,3500,Lueheopsis rosea (Ducke) Burret,L u e h e o p s i s r o s e a ( D u c k e ) B u r r e t,L
AG9,6a,3501,Mauritia flexuosa L.f.,M a u r i t i a f l e x u o s a L . f .,M
AG9,6a,3502,Mauritia flexuosa L.f.,M a u r i t i a f l e x u o s a L . f .,M
AG9,6a,3503,Mauritia flexuosa L.f.,M a u r i t i a f l e x u o s a L . f .,M
AG9,5a,2538,Neea sp.,N e e a s p .,N
AG9,6a,2537,Euterpe precatoria Mart.,E u t e r p e p r e c a t o r i a M a r t .,E
AG9,4a,2540,Euterpe precatoria Mart.,E u t e r p e p r e c a t o r i a M a r t .,E
AG9,4a,2541,Mauritia flexuosa L.f.,M a u r i t i a f l e x u o s a L . f .,M
AG9,4a,2542,Lueheopsis rosea (Ducke) Burret,L u e h e o p s i s r o s e a ( D u c k e ) B u r r e t,L
AG9,4a,2543,Mauritia flexuosa L.f.,M a u r i t i a f l e x u o s a L . f .,M
AG9,3a,2545,Mauritia flexuosa L.f.,M a u r i t i a f l e x u o s a L . f .,M
AG9,3a,2546,Mauritia flexuosa L.f.,M a u r i t i a f l e x u o s a L . f .,M
AG9,3a,2547,Mauritia flexuosa L.f.,M a u r i t i a f l e x u o s a L . f .,M
AG9,3a,2548,Euterpe precatoria Mart.,E u t e r p e p r e c a t o r i a M a r t .,E
AG9,4a,2544,Marila laxiflora Rusby,M a r i l a l a x i f l o r a R u s b y,M
AG9,3a,2549,Mauritia flexuosa L.f.,M a u r i t i a f l e x u o s a L . f .,M
AG9,3a,2550,Mauritia flexuosa L.f.,M a u r i t i a f l e x u o s a L . f .,M
BS1,1a,1451,Ficus insipida Willd.,F i c u s i n s i p i d a W i l l d .,F
BS1,1a,1901,Tabernaemontana sp.,T a b e r n a e m o n t a n a s p .,T
BS1,1a,1452,Guarea guidonia (L.) Sleumer,G u a r e a g u i d o n i a ( L . ) S l e u m e r,G
BS1,1a,1453,Clarisia biflora Ruiz & Pav.,C l a r i s i a b i f l o r a R u i z & P a v .,C
BS1,1a,1454,Ficus maxima Mill.,F i c u s m a x i m a M i l l .,F
BS1,1b,1900,Ficus sp.,F i c u s s p .,F
BS1,1b,3000,Clarisia racemosa Ruiz & Pav.,C l a r i s i a r a c e m o s a R u i z & P a v .,C
BS1,1b,3001,Socratea exorrhiza (Mart.) H.Wendl.,S o c r a t e a e x o r r h i z a ( M a r t . ) H . W e n d l .,S
BS1,1b,1459,Dipteryx micrantha,D i p t e r y x m i c r a n t h a,D
BS1,1b,1460,Ficus insipida Willd.,F i c u s i n s i p i d a W i l l d .,F
BS1,1b,1461,Alibertia edulis (Rich.) A.Rich. ex DC.,A l i b e r t i a e d u l i s ( R i c h . ) A . R i c h . e x D C .,A
BS1,1b,,Ficus,F i c u s,F
BS1,2a,3002,Guatteria sp.,G u a t t e r i a s p .,G
BS1,2a,1905,Alibertia edulis (Rich.) A.Rich. ex DC.,A l i b e r t i a e d u l i s ( R i c h . ) A . R i c h . e x D C .,A
BS1,2a,1906,Guatteria sp.,G u a t t e r i a s p .,G
BS1,2a,,Alibertia edulis (Rich.) A.Rich. ex DC.,A l i b e r t i a e d u l i s ( R i c h . ) A . R i c h . e x D C .,A
BS1,2a,1466,Tabernaemontana sp.,T a b e r n a e m o n t a n a s p .,T
BS1,2a,1467,Sapium aereum Klotzsch ex Müll.Arg.,S a p i u m a e r e u m K l o t z s c h e x M ü l l . A r g .,S
BS1,2a,1468,Sapium aereum Klotzsch ex Müll.Arg.,S a p i u m a e r e u m K l o t z s c h e x M ü l l . A r g .,S
BS1,2b,3003,Erythrina ulei Harms,E r y t h r i n a u l e i H a r m s,E
BS1,2b,3004,Guatteria sp.,G u a t t e r i a s p .,G
BS1,2b,2651,Ficus maxima Mill.,F i c u s m a x i m a M i l l .,F
BS1,2b,3006,Virola sp.,V i r o l a s p .,V
BS1,2b,3005,Casearia decandra Jacq.,C a s e a r i a d e c a n d r a J a c q .,C
BS1,3a,3010,Guarea guidonia (L.) Sleumer,G u a r e a g u i d o n i a ( L . ) S l e u m e r,G
BS1,3a,1488,Clarisia racemosa Ruiz & Pav.,C l a r i s i a r a c e m o s a R u i z & P a v .,C
BS1,3a,1914,Virola sp.,V i r o l a s p .,V
BS1,3b,,Diplotropis sp.,D i p l o t r o p i s s p .,D
BS1,3b,3007,Allophylus sp.,A l l o p h y l u s s p .,A
BS1,3b,3008,Guazuma ulmifolia Lam.,G u a z u m a u l m i f o l i a L a m .,G
BS1,3b,1913,Ficus sp.,F i c u s s p .,F
BS1,3b,,Nectandra sp.,N e c t a n d r a s p .,N
BS1,3a,1915,Alibertia edulis (Rich.) A.Rich. ex DC.,A l i b e r t i a e d u l i s ( R i c h . ) A . R i c h . e x D C .,A
BS1,4a,3011,Virola sp.,V i r o l a s p .,V
BS1,4a,1499,"	
Sapium marmieri Huber",S a p i u m m a r m i e r i H u b e r,S
BS1,4a,3012,Ficus sp.,F i c u s s p .,F
BS1,4a,3014,Astrocaryum murumuru Mart.,A s t r o c a r y u m m u r u m u r u M a r t .,A
BS1,4a,1505,Guarea guidonia (L.) Sleumer,G u a r e a g u i d o n i a ( L . ) S l e u m e r,G
BS1,4a,1504,Erythrina ulei Harms,E r y t h r i n a u l e i H a r m s,E
BS1,4a,,Sapium glandulosum (L.) Morong,S a p i u m g l a n d u l o s u m ( L . ) M o r o n g,S
BS1,4a,1503,Socratea exorrhiza (Mart.) H.Wendl.,S o c r a t e a e x o r r h i z a ( M a r t . ) H . W e n d l .,S
BS1,4b,1506,Ficus insipida Willd.,F i c u s i n s i p i d a W i l l d .,F
BS1,4b,1507,Genipa americana L.,G e n i p a a m e r i c a n a L .,G
BS1,4b,1512,Sapium glandulosum (L.) Morong,S a p i u m g l a n d u l o s u m ( L . ) M o r o n g,S
BS1,4a,3013,Clarisia racemosa Ruiz & Pav.,C l a r i s i a r a c e m o s a R u i z & P a v .,C
BS1,4a,3017,"	
Triplaris americana L.",T r i p l a r i s a m e r i c a n a L .,T
BS1,4b,3015,Capparidastrum sola (J.F.Macbr.) Cornejo & Iltis,C a p p a r i d a s t r u m s o l a ( J . F . M a c b r . ) C o r n e j o & I l t i s,C
BS1,4b,3016,Virola sp.,V i r o l a s p .,V
BS1,4b,1919,Socratea exorrhiza (Mart.) H.Wendl.,S o c r a t e a e x o r r h i z a ( M a r t . ) H . W e n d l .,S
BS1,4a,1515,Guarea guidonia (L.) Sleumer,G u a r e a g u i d o n i a ( L . ) S l e u m e r,G
BS1,4a,1516,Socratea exorrhiza (Mart.) H.Wendl.,S o c r a t e a e x o r r h i z a ( M a r t . ) H . W e n d l .,S
BS1,4a,1517,"	
Spondias mombin L.",S p o n d i a s m o m b i n L .,S
BS1,4b,1920,Virola sp.,V i r o l a s p .,V
BS1,5b,1921,Socratea exorrhiza (Mart.) H.Wendl.,S o c r a t e a e x o r r h i z a ( M a r t . ) H . W e n d l .,S
BS1,5b,3018,Clarisia racemosa Ruiz & Pav.,C l a r i s i a r a c e m o s a R u i z & P a v .,C
BS1,5b,1520,Guazuma ulmifolia Lam.,G u a z u m a u l m i f o l i a L a m .,G
BS1,5b,1924,Sapium sp.,S a p i u m s p .,S
BS1,5b,3019,Nectandra sp.,N e c t a n d r a s p .,N
BS1,5b,1922,Erythrina ulei Harms,E r y t h r i n a u l e i H a r m s,E
BS1,6a,,Sapium sp.,S a p i u m s p .,S
BS1,6a,1524,Ficus maxima Mill.,F i c u s m a x i m a M i l l .,F
BS1,6a,,Genipa americana L.,G e n i p a a m e r i c a n a L .,G
BS1,6a,,Triplaris americana,T r i p l a r i s a m e r i c a n a,T
BS1,6a,1926,Astrocaryum murumuru Mart.,A s t r o c a r y u m m u r u m u r u M a r t .,A
BS1,6a,1535,Erythrina poeppigiana,E r y t h r i n a p o e p p i g i a n a,E
BS1,6a,1927,Pourouma cecropifolia,P o u r o u m a c e c r o p i f o l i a,P
BS1,6a,3021,Senna sp.,S e n n a s p .,S
BS1,6a,1929,Virola sp.,V i r o l a s p .,V
BS1,6a,1931,Nectandra sp.,N e c t a n d r a s p .,N
BS1,6a,1932,Porcelia nitidifolia Ruiz & Pav.,P o r c e l i a n i t i d i f o l i a R u i z & P a v .,P
BS1,6a,1933,Erythrina poeppigiana,E r y t h r i n a p o e p p i g i a n a,E
BS1,6a,3020,Pseudolmedia sp.,P s e u d o l m e d i a s p .,P
BS1,6a,3023,Socratea exorrhiza (Mart.) H.Wendl.,S o c r a t e a e x o r r h i z a ( M a r t . ) H . W e n d l .,S
BS1,6a,1934,"	
Otoba parvifolia (Markgr.) A.H.Gentry",O t o b a p a r v i f o l i a ( M a r k g r . ) A . H . G e n t r y,O
BS1,6a,,Astrocaryum murumuru Mart.,A s t r o c a r y u m m u r u m u r u M a r t .,A
BS1,6a,1530,Astrocaryum murumuru Mart.,A s t r o c a r y u m m u r u m u r u M a r t .,A
BS1,6a,1935,"	
Pourouma minor Benoist",P o u r o u m a m i n o r B e n o i s t,P
BS1,6a,,Triplaris americana,T r i p l a r i s a m e r i c a n a,T
BS1,6a,1937,Trema micranthum (L.) Blume,T r e m a m i c r a n t h u m ( L . ) B l u m e,T
BS1,6a,1938,Astrocaryum murumuru Mart.,A s t r o c a r y u m m u r u m u r u M a r t .,A
BS1,6b,1930,"	
Triplaris americana L.",T r i p l a r i s a m e r i c a n a L .,T
BS1,6b,3024,"	
Triplaris americana L.",T r i p l a r i s a m e r i c a n a L .,T
BS1,6b,1539,Astrocaryum murumuru Mart.,A s t r o c a r y u m m u r u m u r u M a r t .,A
BS1,6b,3025,Poulsenia armata (Miq.) Standl.,P o u l s e n i a a r m a t a ( M i q . ) S t a n d l .,P
BS1,6b,1540,Astrocaryum murumuru Mart.,A s t r o c a r y u m m u r u m u r u M a r t .,A
BS1,6b,1545,Sapium aereum Klotzsch ex Müll.Arg.,S a p i u m a e r e u m K l o t z s c h e x M ü l l . A r g .,S
BS1,6b,3026,Porcelia nitidifolia Ruiz & Pav.,P o r c e l i a n i t i d i f o l i a R u i z & P a v .,P
BS1,6a,3022,Erythrina ulei Harms,E r y t h r i n a u l e i H a r m s,E
BS1,7a,3026,Inga sp2,I n g a s p 2,I
BS1,7a,3027,Diplotropis sp.,D i p l o t r o p i s s p .,D
BS1,7a,3028,"	
Otoba parvifolia (Markgr.) A.H.Gentry",O t o b a p a r v i f o l i a ( M a r k g r . ) A . H . G e n t r y,O
BS1,7a,1546,Astrocaryum murumuru Mart.,A s t r o c a r y u m m u r u m u r u M a r t .,A
BS1,7a,,Triplaris americana,T r i p l a r i s a m e r i c a n a,T
BS1,7a,3030,Tabernaemontana sp.,T a b e r n a e m o n t a n a s p .,T
BS1,7a,3031,Pourouma sp.,P o u r o u m a s p .,P
BS1,7a,,Triplaris americana,T r i p l a r i s a m e r i c a n a,T
BS2,1b,1551,Pterocarpus sp.,P t e r o c a r p u s s p .,P
BS2,1b,3032,Guarea guidonia (L.) Sleumer,G u a r e a g u i d o n i a ( L . ) S l e u m e r,G
BS2,1b,1552,Socratea exorrhiza (Mart.) H.Wendl.,S o c r a t e a e x o r r h i z a ( M a r t . ) H . W e n d l .,S
BS2,1a,1555,Socratea exorrhiza (Mart.) H.Wendl.,S o c r a t e a e x o r r h i z a ( M a r t . ) H . W e n d l .,S
BS2,1a,1558,Astrocaryum murumuru Mart.,A s t r o c a r y u m m u r u m u r u M a r t .,A
BS2,2b,3035,Trichilia sp.,T r i c h i l i a s p .,T
BS2,2a,1568,"	
Rollinia pittieri Saff.",R o l l i n i a p i t t i e r i S a f f .,R
BS2,2a,1569,Socratea exorrhiza (Mart.) H.Wendl.,S o c r a t e a e x o r r h i z a ( M a r t . ) H . W e n d l .,S
BS2,2a,1947,Astrocaryum murumuru Mart.,A s t r o c a r y u m m u r u m u r u M a r t .,A
BS2,2a,1948,Didymopanax morototoni (Aubl.) Decne. & Planch.,D i d y m o p a n a x m o r o t o t o n i ( A u b l . ) D e c n e . & P l a n c h .,D
BS2,2a,1570,Erythrina ulei Harms,E r y t h r i n a u l e i H a r m s,E
BS2,2a,1573,Socratea exorrhiza (Mart.) H.Wendl.,S o c r a t e a e x o r r h i z a ( M a r t . ) H . W e n d l .,S
BS2,2a,1571,Hura crepitans L.,H u r a c r e p i t a n s L .,H
BS2,2a,1588,Socratea exorrhiza (Mart.) H.Wendl.,S o c r a t e a e x o r r h i z a ( M a r t . ) H . W e n d l .,S
BS2,2a,1949,Astrocaryum murumuru Mart.,A s t r o c a r y u m m u r u m u r u M a r t .,A
BS2,2b,1580,Diplotropis sp.,D i p l o t r o p i s s p .,D
BS2,2b,1580,"	
Pourouma minor Benoist",P o u r o u m a m i n o r B e n o i s t,P
BS2,2b,1582,"	
Spondias mombin L.",S p o n d i a s m o m b i n L .,S
BS2,2b,1583,Erythrina ulei Harms,E r y t h r i n a u l e i H a r m s,E
BS2,2b,1584,"	
Pourouma minor Benoist",P o u r o u m a m i n o r B e n o i s t,P
BS2,3b,1609,Socratea exorrhiza (Mart.) H.Wendl.,S o c r a t e a e x o r r h i z a ( M a r t . ) H . W e n d l .,S
BS2,3a,1589,Socratea exorrhiza (Mart.) H.Wendl.,S o c r a t e a e x o r r h i z a ( M a r t . ) H . W e n d l .,S
BS2,3a,3050,"	
Otoba parvifolia (Markgr.) A.H.Gentry",O t o b a p a r v i f o l i a ( M a r k g r . ) A . H . G e n t r y,O
BS2,3a,1590,"	
Pourouma minor Benoist",P o u r o u m a m i n o r B e n o i s t,P
BS2,3a,1952,Trichilia sp.,T r i c h i l i a s p .,T
BS2,3a,,Coussapoa sp.,C o u s s a p o a s p .,C
BS2,3a,1596,Rollinia pittieri Saff.,R o l l i n i a p i t t i e r i S a f f .,R
BS2,3a,1595,Socratea exorrhiza (Mart.) H.Wendl.,S o c r a t e a e x o r r h i z a ( M a r t . ) H . W e n d l .,S
BS2,3a,1955,Astrocaryum murumuru Mart.,A s t r o c a r y u m m u r u m u r u M a r t .,A
BS2,3a,3054,Socratea exorrhiza (Mart.) H.Wendl.,S o c r a t e a e x o r r h i z a ( M a r t . ) H . W e n d l .,S
BS2,3a,3055,Pourouma sp.,P o u r o u m a s p .,P
BS2,3b,3039,"	
Otoba parvifolia (Markgr.) A.H.Gentry",O t o b a p a r v i f o l i a ( M a r k g r . ) A . H . G e n t r y,O
BS2,3b,3042,Mabea piriri Aubl.,M a b e a p i r i r i A u b l .,M
BS2,3b,1602,Socratea exorrhiza (Mart.) H.Wendl.,S o c r a t e a e x o r r h i z a ( M a r t . ) H . W e n d l .,S
BS2,3b,1951,Astrocaryum murumuru Mart.,A s t r o c a r y u m m u r u m u r u M a r t .,A
BS2,2b,3042,Mabea piriri Aubl.,M a b e a p i r i r i A u b l .,M
BS2,3b,1611,Virola calophylla (Spruce) Warb.,V i r o l a c a l o p h y l l a ( S p r u c e ) W a r b .,V
BS2,2b,3043,Astrocaryum murumuru Mart.,A s t r o c a r y u m m u r u m u r u M a r t .,A
BS2,2b,1586,Virola calophylla (Spruce) Warb.,V i r o l a c a l o p h y l l a ( S p r u c e ) W a r b .,V
BS2,3b,3044,Clarisia racemosa Ruiz & Pav.,C l a r i s i a r a c e m o s a R u i z & P a v .,C
BS2,3b,1606,"	
Terminalia oblonga (Ruiz & Pav.) Steud.",T e r m i n a l i a o b l o n g a ( R u i z & P a v . ) S t e u d .,T
BS2,3b,3051,NN,N N,N
BS2,3b,3052,Socratea exorrhiza (Mart.) H.Wendl.,S o c r a t e a e x o r r h i z a ( M a r t . ) H . W e n d l .,S
BS2,3b,3053,Socratea exorrhiza (Mart.) H.Wendl.,S o c r a t e a e x o r r h i z a ( M a r t . ) H . W e n d l .,S
BS3,1b,3550,Astrocaryum murumuru Mart.,A s t r o c a r y u m m u r u m u r u M a r t .,A
BS3,1a,1986,Spondias sp.,S p o n d i a s s p .,S
BS3,1b,3551,Erythrina ulei Harms,E r y t h r i n a u l e i H a r m s,E
BS3,1b,3552,Eriotheca globosa (Aubl.) A.Robyns,E r i o t h e c a g l o b o s a ( A u b l . ) A . R o b y n s,E
BS3,1b,3553,Erythrina ulei Harms,E r y t h r i n a u l e i H a r m s,E
BS3,1b,3554,Ficus sp.,F i c u s s p .,F
BS3,1a,1988,Pourouma sp.,P o u r o u m a s p .,P
BS3,1a,,,Indeterminado,Indeterminado
BS3,1a,3559,"	
Otoba parvifolia (Markgr.) A.H.Gentry",O t o b a p a r v i f o l i a ( M a r k g r . ) A . H . G e n t r y,O
BS3,1b,3556,Sapium sp.,S a p i u m s p .,S
BS3,1b,3555,Poulsenia armata (Miq.) Standl.,P o u l s e n i a a r m a t a ( M i q . ) S t a n d l .,P
BS3,1b,1989,Socratea exorrhiza (Mart.) H.Wendl.,S o c r a t e a e x o r r h i z a ( M a r t . ) H . W e n d l .,S
BS3,1b,3557,Tabernaemontana sp.,T a b e r n a e m o n t a n a s p .,T
BS3,1b,3558,Eriotheca globosa (Aubl.) A.Robyns,E r i o t h e c a g l o b o s a ( A u b l . ) A . R o b y n s,E
BS3,1b,3560,Sorocea briquetii J.F.Macbr.,S o r o c e a b r i q u e t i i J . F . M a c b r .,S
BS3,1a,3561,Socratea exorrhiza (Mart.) H.Wendl.,S o c r a t e a e x o r r h i z a ( M a r t . ) H . W e n d l .,S
BS3,1a,1991,Trichilia sp.,T r i c h i l i a s p .,T
BS3,1a,1668,Socratea exorrhiza (Mart.) H.Wendl.,S o c r a t e a e x o r r h i z a ( M a r t . ) H . W e n d l .,S
BS3,2a,3562,Pourouma sp.,P o u r o u m a s p .,P
BS3,2a,3564,Socratea exorrhiza (Mart.) H.Wendl.,S o c r a t e a e x o r r h i z a ( M a r t . ) H . W e n d l .,S
BS3,2a,3565,Protium sp.,P r o t i u m s p .,P
BS3,2a,1673,Socratea exorrhiza (Mart.) H.Wendl.,S o c r a t e a e x o r r h i z a ( M a r t . ) H . W e n d l .,S
BS3,2a,1674,Andira inermis (Wright) DC.,A n d i r a i n e r m i s ( W r i g h t ) D C .,A
BS3,2a,1675,Socratea exorrhiza (Mart.) H.Wendl.,S o c r a t e a e x o r r h i z a ( M a r t . ) H . W e n d l .,S
BS3,2a,1676,"	
Pourouma minor Benoist",P o u r o u m a m i n o r B e n o i s t,P
BS3,2a,1677,Allophylus scrobiculatus (Poepp.) Radlk,A l l o p h y l u s s c r o b i c u l a t u s ( P o e p p . ) R a d l k,A
BS3,2a,1678,Socratea exorrhiza (Mart.) H.Wendl.,S o c r a t e a e x o r r h i z a ( M a r t . ) H . W e n d l .,S
BS3,2b,3563,"	
Otoba parvifolia (Markgr.) A.H.Gentry",O t o b a p a r v i f o l i a ( M a r k g r . ) A . H . G e n t r y,O
BS3,2b,1992,Socratea exorrhiza (Mart.) H.Wendl.,S o c r a t e a e x o r r h i z a ( M a r t . ) H . W e n d l .,S
BS3,2b,1680,Virola calophylla (Spruce) Warb.,V i r o l a c a l o p h y l l a ( S p r u c e ) W a r b .,V
BS3,2b,1681,Socratea exorrhiza (Mart.) H.Wendl.,S o c r a t e a e x o r r h i z a ( M a r t . ) H . W e n d l .,S
BS3,2b,1683,"	
Pourouma minor Benoist",P o u r o u m a m i n o r B e n o i s t,P
BS3,2b,1688,Socratea exorrhiza (Mart.) H.Wendl.,S o c r a t e a e x o r r h i z a ( M a r t . ) H . W e n d l .,S
BS3,3a,3567,Socratea exorrhiza (Mart.) H.Wendl.,S o c r a t e a e x o r r h i z a ( M a r t . ) H . W e n d l .,S
BS3,3a,3568,Socratea exorrhiza (Mart.) H.Wendl.,S o c r a t e a e x o r r h i z a ( M a r t . ) H . W e n d l .,S
BS3,3a,1689,Astrocaryum murumuru Mart.,A s t r o c a r y u m m u r u m u r u M a r t .,A
BS3,3a,3569,Sapium sp.,S a p i u m s p .,S
BS3,3a,3570,Spondias venulosa Mart. ex Engl.,S p o n d i a s v e n u l o s a M a r t . e x E n g l .,S
BS3,3a,1691,"	
Pourouma minor Benoist",P o u r o u m a m i n o r B e n o i s t,P
BS3,3a,1695,Socratea exorrhiza (Mart.) H.Wendl.,S o c r a t e a e x o r r h i z a ( M a r t . ) H . W e n d l .,S
BS3,3a,1998,Astrocaryum murumuru Mart.,A s t r o c a r y u m m u r u m u r u M a r t .,A
BS3,3a,1696,"	
Pourouma minor Benoist",P o u r o u m a m i n o r B e n o i s t,P
BS3,3a,1999,"	
Pourouma minor Benoist",P o u r o u m a m i n o r B e n o i s t,P
BS3,3a,1700,Protium amazonicum (Cuatrec.) Daly,P r o t i u m a m a z o n i c u m ( C u a t r e c . ) D a l y,P
BS3,3a,1701,Ficus insipida Willd.,F i c u s i n s i p i d a W i l l d .,F
BS3,3a,1702,"	
Pourouma minor Benoist",P o u r o u m a m i n o r B e n o i s t,P
BS3,3a,1703,Socratea exorrhiza (Mart.) H.Wendl.,S o c r a t e a e x o r r h i z a ( M a r t . ) H . W e n d l .,S
BS3,3a,2002,Erythrina ulei Harms,E r y t h r i n a u l e i H a r m s,E
BS3,3b,2000,Allophylus pilosus (J.F.Macbr.) A.H.Gentry,A l l o p h y l u s p i l o s u s ( J . F . M a c b r . ) A . H . G e n t r y,A
BS3,3b,1708,Virola calophylla (Spruce) Warb.,V i r o l a c a l o p h y l l a ( S p r u c e ) W a r b .,V
BS3,3b,1712,"	
Terminalia oblonga (Ruiz & Pav.) Steud.",T e r m i n a l i a o b l o n g a ( R u i z & P a v . ) S t e u d .,T
BS3,3b,2001,Pourouma minor,P o u r o u m a m i n o r,P
BS3,3b,1713,Astrocaryum murumuru Mart.,A s t r o c a r y u m m u r u m u r u M a r t .,A
BS3,3b,1715,Astrocaryum murumuru Mart.,A s t r o c a r y u m m u r u m u r u M a r t .,A
BS3,3b,2002,Erythrina ulei Harms,E r y t h r i n a u l e i H a r m s,E
BS3,3b,3571,"	
Triplaris americana L.",T r i p l a r i s a m e r i c a n a L .,T
BS3,5a,1732,"	
Spondias mombin L.",S p o n d i a s m o m b i n L .,S
BS3,a,,Astrocaryum murumuru Mart.,A s t r o c a r y u m m u r u m u r u M a r t .,A
BS3,a,,Endlicheria formosa A.C.Sm.,E n d l i c h e r i a f o r m o s a A . C . S m .,E
BS3,a,3575,"	
Triplaris americana L.",T r i p l a r i s a m e r i c a n a L .,T
BS3,a,3573,Trichilia sp.,T r i c h i l i a s p .,T
BS3,a,3574,Socratea exorrhiza (Mart.) H.Wendl.,S o c r a t e a e x o r r h i z a ( M a r t . ) H . W e n d l .,S
BS3,a,3576,Sapium sp.,S a p i u m s p .,S
BS3,a,3577,Trichilia sp.,T r i c h i l i a s p .,T
BS3,a,3578,Diplotropis sp.,D i p l o t r o p i s s p .,D
BS3,a,3579,Socratea exorrhiza (Mart.) H.Wendl.,S o c r a t e a e x o r r h i z a ( M a r t . ) H . W e n d l .,S
BS3,a,3580,Astrocaryum murumuru Mart.,A s t r o c a r y u m m u r u m u r u M a r t .,A
BS3,a,3581,Guazuma ulmifolia Lam.,G u a z u m a u l m i f o l i a L a m .,G
BS3,a,3582,Guarea guidonia (L.) Sleumer,G u a r e a g u i d o n i a ( L . ) S l e u m e r,G
BS3,a,3583,"	
Terminalia oblonga (Ruiz & Pav.) Steud.",T e r m i n a l i a o b l o n g a ( R u i z & P a v . ) S t e u d .,T
BS3,a,3584,"	
Pourouma minor Benoist",P o u r o u m a m i n o r B e n o i s t,P
BS3,a,3585,"	
Pourouma minor Benoist",P o u r o u m a m i n o r B e n o i s t,P
BS3,a,3586,Poulsenia armata (Miq.) Standl.,P o u l s e n i a a r m a t a ( M i q . ) S t a n d l .,P
BS3,a,3587,Sapium sp.,S a p i u m s p .,S
BS3,a,3588,Celtis schippii Standl.,C e l t i s s c h i p p i i S t a n d l .,C
BS3,a,3589,Astrocaryum murumuru Mart.,A s t r o c a r y u m m u r u m u r u M a r t .,A
BS3,a,3590,Poulsenia armata (Miq.) Standl.,P o u l s e n i a a r m a t a ( M i q . ) S t a n d l .,P
BS3,b,,Astrocaryum murumuru Mart.,A s t r o c a r y u m m u r u m u r u M a r t .,A
BS3,b,,Pourouma sp.,P o u r o u m a s p .,P
BS3,b,,Socratea exorrhiza (Mart.) H.Wendl.,S o c r a t e a e x o r r h i z a ( M a r t . ) H . W e n d l .,S
BS3,b,,Socratea exorrhiza (Mart.) H.Wendl.,S o c r a t e a e x o r r h i z a ( M a r t . ) H . W e n d l .,S
BS3,b,,Rollinia sp.,R o l l i n i a s p .,R
BS3,b,,Socratea exorrhiza (Mart.) H.Wendl.,S o c r a t e a e x o r r h i z a ( M a r t . ) H . W e n d l .,S
BS3,b,,Rollinia ,R o l l i n i a,R
BS3,b,,Ficus,F i c u s,F
BS3,b,,"	
Terminalia oblonga (Ruiz & Pav.) Steud.",T e r m i n a l i a o b l o n g a ( R u i z & P a v . ) S t e u d .,T
BS3,b,3598,"	
Otoba parvifolia (Markgr.) A.H.Gentry",O t o b a p a r v i f o l i a ( M a r k g r . ) A . H . G e n t r y,O
BS3,b,3599,"	
Urera caracasana (Jacq.) Gaudich. ex Griseb.",U r e r a c a r a c a s a n a ( J a c q . ) G a u d i c h . e x G r i s e b .,U
BS3,b,3600,Protium sp.,P r o t i u m s p .,P
BS3,b,3601,Pseudolmedia sp.,P s e u d o l m e d i a s p .,P
BS3,b,3602,Iriartea deltoidea Ruiz & Pav.,I r i a r t e a d e l t o i d e a R u i z & P a v .,I
BS3,b,3603,Sloanea sp.,S l o a n e a s p .,S
BS3,b,3604,Sapium glandulosum (L.) Morong,S a p i u m g l a n d u l o s u m ( L . ) M o r o n g,S
BS3,b,3605,Astrocaryum murumuru Mart.,A s t r o c a r y u m m u r u m u r u M a r t .,A
BS3,b,3606,Allophylus sp.,A l l o p h y l u s s p .,A
BS3,b,3607,Spondias mombin,S p o n d i a s m o m b i n,S
BS3,b,3609,Celtis schippii Standl.,C e l t i s s c h i p p i i S t a n d l .,C
BS4,1a,,Terminalia ,T e r m i n a l i a,T
BS4,1a,,Guarea guidonia (L.) Sleumer,G u a r e a g u i d o n i a ( L . ) S l e u m e r,G
BS4,1a,,Sapium marmieri,S a p i u m m a r m i e r i,S
BS4,1a,,Virola sp.,V i r o l a s p .,V
BS4,1a,,Triplaris americana,T r i p l a r i s a m e r i c a n a,T
BS4,1a,2040,"	
Matisia bicolor Ducke",M a t i s i a b i c o l o r D u c k e,M
BS4,1a,,Virola sp ,V i r o l a s p,V
BS4,1a,1265,Erythrina ulei Harms,E r y t h r i n a u l e i H a r m s,E
BS4,1a,,Nectandra sp.,N e c t a n d r a s p .,N
BS4,1a,,Triplaris americana,T r i p l a r i s a m e r i c a n a,T
BS4,1a,2039,Cabralea canjerana (Vell.) Mart.,C a b r a l e a c a n j e r a n a ( V e l l . ) M a r t .,C
BS4,1a,,Socratea exorrhiza (Mart.) H.Wendl.,S o c r a t e a e x o r r h i z a ( M a r t . ) H . W e n d l .,S
BS4,1a,1257,Socratea exorrhiza (Mart.) H.Wendl.,S o c r a t e a e x o r r h i z a ( M a r t . ) H . W e n d l .,S
BS4,1a,2042,Socratea exorrhiza (Mart.) H.Wendl.,S o c r a t e a e x o r r h i z a ( M a r t . ) H . W e n d l .,S
BS4,1a,1259,Socratea exorrhiza (Mart.) H.Wendl.,S o c r a t e a e x o r r h i z a ( M a r t . ) H . W e n d l .,S
BS4,1a,,Virola sp.,V i r o l a s p .,V
BS4,1a,,Urera sp.,U r e r a s p .,U
BS4,1a,1260,Socratea exorrhiza (Mart.) H.Wendl.,S o c r a t e a e x o r r h i z a ( M a r t . ) H . W e n d l .,S
BS4,1a,2636,Cabralea canjerana (Vell.) Mart.,C a b r a l e a c a n j e r a n a ( V e l l . ) M a r t .,C
BS4,1a,3060,Acacia loretensis J.F.Macbr.,A c a c i a l o r e t e n s i s J . F . M a c b r .,A
BS4,1a,1262,Socratea exorrhiza (Mart.) H.Wendl.,S o c r a t e a e x o r r h i z a ( M a r t . ) H . W e n d l .,S
BS4,1a,1273,Virola calophylla (Spruce) Warb.,V i r o l a c a l o p h y l l a ( S p r u c e ) W a r b .,V
BS4,1a,,Clarisia sp. ,C l a r i s i a s p .,C
BS4,1a,1274,"	
Pleurothyrium poeppigii Nees",P l e u r o t h y r i u m p o e p p i g i i N e e s,P
BS4,1a,1278,Guatteria punctata (Aubl.) R.A.Howard,G u a t t e r i a p u n c t a t a ( A u b l . ) R . A . H o w a r d,G
BS4,1a,,Endlicheria formosa A.C.Sm.,E n d l i c h e r i a f o r m o s a A . C . S m .,E
BS4,1b,,Socratea exorrhiza (Mart.) H.Wendl.,S o c r a t e a e x o r r h i z a ( M a r t . ) H . W e n d l .,S
BS4,1b,,Porcelia nitidifolia Ruiz & Pav.,P o r c e l i a n i t i d i f o l i a R u i z & P a v .,P
BS4,1b,,Astrocaryum murumuru Mart.,A s t r o c a r y u m m u r u m u r u M a r t .,A
BS4,1b,,Porcelia nitidifolia Ruiz & Pav.,P o r c e l i a n i t i d i f o l i a R u i z & P a v .,P
BS4,1b,,Sloanea sp.,S l o a n e a s p .,S
BS4,1b,,Porcelia nitidifolia Ruiz & Pav.,P o r c e l i a n i t i d i f o l i a R u i z & P a v .,P
BS4,1b,,Porcelia nitidifolia Ruiz & Pav.,P o r c e l i a n i t i d i f o l i a R u i z & P a v .,P
BS4,1b,,Astrocaryum murumuru Mart.,A s t r o c a r y u m m u r u m u r u M a r t .,A
BS4,1b,,Socratea exorrhiza (Mart.) H.Wendl.,S o c r a t e a e x o r r h i z a ( M a r t . ) H . W e n d l .,S
BS4,1b,,Astrocaryum murumuru Mart.,A s t r o c a r y u m m u r u m u r u M a r t .,A
BS4,1b,,Sloanea sp. ,S l o a n e a s p .,S
BS4,1b,1266,Socratea exorrhiza (Mart.) H.Wendl.,S o c r a t e a e x o r r h i z a ( M a r t . ) H . W e n d l .,S
BS4,1b,1267,Nectandra mollis (Kunth) Nees,N e c t a n d r a m o l l i s ( K u n t h ) N e e s,N
BS4,1b,1268,Endlicheria formosa A.C.Sm.,E n d l i c h e r i a f o r m o s a A . C . S m .,E
BS4,1b,1269,Guatteria ucayalina Huber,G u a t t e r i a u c a y a l i n a H u b e r,G
BS4,1b,,Guatteria sp.,G u a t t e r i a s p .,G
BS4,1b,,Sapium sp.,S a p i u m s p .,S
BS4,1b,,Socratea exorrhiza (Mart.) H.Wendl.,S o c r a t e a e x o r r h i z a ( M a r t . ) H . W e n d l .,S
BS4,1b,1270,Socratea exorrhiza (Mart.) H.Wendl.,S o c r a t e a e x o r r h i z a ( M a r t . ) H . W e n d l .,S
BS4,1b,1271,"	
Macrocnemum roseum (Ruiz & Pav.) Wedd.",M a c r o c n e m u m r o s e u m ( R u i z & P a v . ) W e d d .,M
BS4,1b,1275,Socratea exorrhiza (Mart.) H.Wendl.,S o c r a t e a e x o r r h i z a ( M a r t . ) H . W e n d l .,S
BS4,1b,1279,Guarea guidonia (L.) Sleumer,G u a r e a g u i d o n i a ( L . ) S l e u m e r,G
BS4,1b,2043,Clarisia racemosa Ruiz & Pav.,C l a r i s i a r a c e m o s a R u i z & P a v .,C
BS4,1b,2637,Socratea exorrhiza (Mart.) H.Wendl.,S o c r a t e a e x o r r h i z a ( M a r t . ) H . W e n d l .,S
BS4,1b,3700,Erythrina ulei Harms,E r y t h r i n a u l e i H a r m s,E
BS4,1a,1285,"	
Tabernaemontana heterophylla Vahl",T a b e r n a e m o n t a n a h e t e r o p h y l l a V a h l,T
BS4,2a,1284,Porcelia nitidifolia Ruiz & Pav.,P o r c e l i a n i t i d i f o l i a R u i z & P a v .,P
BS4,2a,,Endlicheria formosa A.C.Sm.,E n d l i c h e r i a f o r m o s a A . C . S m .,E
BS4,2a,1286,"	
Tabernaemontana heterophylla Vahl",T a b e r n a e m o n t a n a h e t e r o p h y l l a V a h l,T
BS4,2a,1289,Virola calophylla (Spruce) Warb.,V i r o l a c a l o p h y l l a ( S p r u c e ) W a r b .,V
BS4,2a,1290,Sapium aereum Klotzsch ex Müll.Arg.,S a p i u m a e r e u m K l o t z s c h e x M ü l l . A r g .,S
BS4,2a,1291,Porcelia nitidifolia Ruiz & Pav.,P o r c e l i a n i t i d i f o l i a R u i z & P a v .,P
BS4,2a,2049,Porcelia nitidifolia Ruiz & Pav.,P o r c e l i a n i t i d i f o l i a R u i z & P a v .,P
BS4,2a,3701,Ficus sp.,F i c u s s p .,F
BS4,2a,,Sapium sp.,S a p i u m s p .,S
BS4,2b,2046,Socratea exorrhiza (Mart.) H.Wendl.,S o c r a t e a e x o r r h i z a ( M a r t . ) H . W e n d l .,S
BS4,2b,1296,Porcelia nitidifolia Ruiz & Pav.,P o r c e l i a n i t i d i f o l i a R u i z & P a v .,P
BS4,2b,1297,Talisia mollis Cambess.,T a l i s i a m o l l i s C a m b e s s .,T
BS4,2b,1299,Capparidastrum sola (J.F.Macbr.) Cornejo & Iltis,C a p p a r i d a s t r u m s o l a ( J . F . M a c b r . ) C o r n e j o & I l t i s,C
BS4,2b,1300,Alchornea triplinervia (Spreng.) Müll.Arg.,A l c h o r n e a t r i p l i n e r v i a ( S p r e n g . ) M ü l l . A r g .,A
BS4,2b,1314,Virola calophylla (Spruce) Warb.,V i r o l a c a l o p h y l l a ( S p r u c e ) W a r b .,V
BS4,2b,1315,Porcelia nitidifolia Ruiz & Pav.,P o r c e l i a n i t i d i f o l i a R u i z & P a v .,P
BS4,2b,1301,Porcelia nitidifolia Ruiz & Pav.,P o r c e l i a n i t i d i f o l i a R u i z & P a v .,P
BS4,2b,1316,"	
Tabernaemontana heterophylla Vahl",T a b e r n a e m o n t a n a h e t e r o p h y l l a V a h l,T
BS4,3b,1302,"	
Terminalia oblonga (Ruiz & Pav.) Steud.",T e r m i n a l i a o b l o n g a ( R u i z & P a v . ) S t e u d .,T
BS4,3b,,Coccoloba,C o c c o l o b a,C
BS4,3a,2050,Porcelia nitidifolia Ruiz & Pav.,P o r c e l i a n i t i d i f o l i a R u i z & P a v .,P
BS4,3a,2051,Socratea exorrhiza (Mart.) H.Wendl.,S o c r a t e a e x o r r h i z a ( M a r t . ) H . W e n d l .,S
BS4,3b,1303,Sterculia apetala (Jacq.) H.Karst.,S t e r c u l i a a p e t a l a ( J a c q . ) H . K a r s t .,S
BS4,3b,1308,Nectandra mollis (Kunth) Nees,N e c t a n d r a m o l l i s ( K u n t h ) N e e s,N
BS4,3b,1309,"	
Triplaris americana L.",T r i p l a r i s a m e r i c a n a L .,T
BS4,4a,,Porcelia nitidifolia Ruiz & Pav.,P o r c e l i a n i t i d i f o l i a R u i z & P a v .,P
BS4,4a,,Socratea exorrhiza (Mart.) H.Wendl.,S o c r a t e a e x o r r h i z a ( M a r t . ) H . W e n d l .,S
BS4,4a,2053,Socratea exorrhiza (Mart.) H.Wendl.,S o c r a t e a e x o r r h i z a ( M a r t . ) H . W e n d l .,S
BS4,4a,2052,Socratea exorrhiza (Mart.) H.Wendl.,S o c r a t e a e x o r r h i z a ( M a r t . ) H . W e n d l .,S
BS4,4a,,Triplaris americana,T r i p l a r i s a m e r i c a n a,T
BS4,4a,,Guatteria sp.,G u a t t e r i a s p .,G
BS4,4a,,Virola sp.,V i r o l a s p .,V
BS4,4a,,Triplaris americana,T r i p l a r i s a m e r i c a n a,T
BS4,4b,1318,Clarisia biflora Ruiz & Pav.,C l a r i s i a b i f l o r a R u i z & P a v .,C
BS4,4b,1319,Guatteria ucayalina Huber,G u a t t e r i a u c a y a l i n a H u b e r,G
BS4,4b,3702,Sapium sp.,S a p i u m s p .,S
BS4,4b,3703,Socratea exorrhiza (Mart.) H.Wendl.,S o c r a t e a e x o r r h i z a ( M a r t . ) H . W e n d l .,S
BS4,4b,3704,"	
Triplaris americana L.",T r i p l a r i s a m e r i c a n a L .,T
BS4,4b,1324,Porcelia nitidifolia Ruiz & Pav.,P o r c e l i a n i t i d i f o l i a R u i z & P a v .,P
BS4,4b,3705,Bactris gasipaes Kunth,B a c t r i s g a s i p a e s K u n t h,B
BS4,4b,1325,Erythrina ulei Harms,E r y t h r i n a u l e i H a r m s,E
BS4,4b,1326,Erythrina ulei Harms,E r y t h r i n a u l e i H a r m s,E
BS4,4b,1327,Ceiba pentandra (L.) Gaertn.,C e i b a p e n t a n d r a ( L . ) G a e r t n .,C
BS4,4b,1329,"	
Sapium marmieri Huber",S a p i u m m a r m i e r i H u b e r,S
BS4,4b,,Inga sp2,I n g a s p 2,I
BS4,5a,1330,"	
Urera caracasana (Jacq.) Gaudich. ex Griseb.",U r e r a c a r a c a s a n a ( J a c q . ) G a u d i c h . e x G r i s e b .,U
BS4,5a,,Endlicheria formosa A.C.Sm.,E n d l i c h e r i a f o r m o s a A . C . S m .,E
BS4,5a,,Terminalia ,T e r m i n a l i a,T
BS4,5a,1341,Erythrina ulei Harms,E r y t h r i n a u l e i H a r m s,E
BS4,5a,2644,Socratea exorrhiza (Mart.) H.Wendl.,S o c r a t e a e x o r r h i z a ( M a r t . ) H . W e n d l .,S
BS4,5a,1343,Triplaris americana L.,T r i p l a r i s a m e r i c a n a L .,T
BS4,5a,,Tabernaemontana sp.,T a b e r n a e m o n t a n a s p .,T
BS4,5a,2054,Socratea exorrhiza (Mart.) H.Wendl.,S o c r a t e a e x o r r h i z a ( M a r t . ) H . W e n d l .,S
BS4,5a,,Casearia decandra Jacq.,C a s e a r i a d e c a n d r a J a c q .,C
BS4,5a,1335,Erythrina ulei Harms,E r y t h r i n a u l e i H a r m s,E
BS4,5a,,Pourouma minor,P o u r o u m a m i n o r,P
BS4,5a,1336,Socratea exorrhiza (Mart.) H.Wendl.,S o c r a t e a e x o r r h i z a ( M a r t . ) H . W e n d l .,S
BS4,5a,1338,Erythrina ulei Harms,E r y t h r i n a u l e i H a r m s,E
BS4,5b,2056,Endlicheria formosa A.C.Sm.,E n d l i c h e r i a f o r m o s a A . C . S m .,E
BS4,5b,1332,"	
Triplaris americana L.",T r i p l a r i s a m e r i c a n a L .,T
BS4,5b,2055,"	
Triplaris americana L.",T r i p l a r i s a m e r i c a n a L .,T
BS4,5b,2059,"	
Triplaris americana L.",T r i p l a r i s a m e r i c a n a L .,T
BS4,5b,2060,Porcelia nitidifolia Ruiz & Pav.,P o r c e l i a n i t i d i f o l i a R u i z & P a v .,P
BS4,5b,1347,Erythrina ulei Harms,E r y t h r i n a u l e i H a r m s,E
BS4,5b,1348,"	
Terminalia oblonga (Ruiz & Pav.) Steud.",T e r m i n a l i a o b l o n g a ( R u i z & P a v . ) S t e u d .,T
BS4,5b,2061,"	
Sapium marmieri Huber",S a p i u m m a r m i e r i H u b e r,S
BS4,6a,2063,Acacia loretensis J.F.Macbr.,A c a c i a l o r e t e n s i s J . F . M a c b r .,A
BS4,6a,1349,Erythrina ulei Harms,E r y t h r i n a u l e i H a r m s,E
BS4,6a,2062,"	
Triplaris americana L.",T r i p l a r i s a m e r i c a n a L .,T
BS4,6a,2064,Bactris gasipaes Kunth,B a c t r i s g a s i p a e s K u n t h,B
BS6,a,3620,Socratea exorrhiza (Mart.) H.Wendl.,S o c r a t e a e x o r r h i z a ( M a r t . ) H . W e n d l .,S
BS6,a,3621,Inga sp2,I n g a s p 2,I
BS6,a,3622,Socratea exorrhiza (Mart.) H.Wendl.,S o c r a t e a e x o r r h i z a ( M a r t . ) H . W e n d l .,S
BS6,a,3623,Pourouma sp.,P o u r o u m a s p .,P
BS6,a,3624,Pourouma sp.,P o u r o u m a s p .,P
BS6,a,3625,Astrocaryum murumuru Mart.,A s t r o c a r y u m m u r u m u r u M a r t .,A
BS6,a,3626,Astrocaryum murumuru Mart.,A s t r o c a r y u m m u r u m u r u M a r t .,A
BS6,a,3627,"	
Otoba parvifolia (Markgr.) A.H.Gentry",O t o b a p a r v i f o l i a ( M a r k g r . ) A . H . G e n t r y,O
BS6,a,3628,Pourouma sp.,P o u r o u m a s p .,P
BS6,a,3629,"	
Otoba parvifolia (Markgr.) A.H.Gentry",O t o b a p a r v i f o l i a ( M a r k g r . ) A . H . G e n t r y,O
BS6,a,3630,Eriotheca globosa (Aubl.) A.Robyns,E r i o t h e c a g l o b o s a ( A u b l . ) A . R o b y n s,E
BS6,a,3631,"	
Otoba parvifolia (Markgr.) A.H.Gentry",O t o b a p a r v i f o l i a ( M a r k g r . ) A . H . G e n t r y,O
BS6,a,3632,Socratea exorrhiza (Mart.) H.Wendl.,S o c r a t e a e x o r r h i z a ( M a r t . ) H . W e n d l .,S
BS6,a,3633,Astrocaryum murumuru Mart.,A s t r o c a r y u m m u r u m u r u M a r t .,A
BS6,a,3634,Astrocaryum murumuru Mart.,A s t r o c a r y u m m u r u m u r u M a r t .,A
BS6,a,3635,Socratea exorrhiza (Mart.) H.Wendl.,S o c r a t e a e x o r r h i z a ( M a r t . ) H . W e n d l .,S
BS6,a,3636,Iriartea deltoidea Ruiz & Pav.,I r i a r t e a d e l t o i d e a R u i z & P a v .,I
BS6,a,3637,Eriotheca globosa (Aubl.) A.Robyns,E r i o t h e c a g l o b o s a ( A u b l . ) A . R o b y n s,E
BS6,a,3638,"	
Terminalia oblonga (Ruiz & Pav.) Steud.",T e r m i n a l i a o b l o n g a ( R u i z & P a v . ) S t e u d .,T
BS6,a,3639,Astrocaryum murumuru Mart.,A s t r o c a r y u m m u r u m u r u M a r t .,A
BS6,a,3640,"	
Otoba parvifolia (Markgr.) A.H.Gentry",O t o b a p a r v i f o l i a ( M a r k g r . ) A . H . G e n t r y,O
BS6,a,3641,"	
Terminalia oblonga (Ruiz & Pav.) Steud.",T e r m i n a l i a o b l o n g a ( R u i z & P a v . ) S t e u d .,T
BS6,a,3642,Astrocaryum murumuru Mart.,A s t r o c a r y u m m u r u m u r u M a r t .,A
BS6,a,3643,Guarea guidonia (L.) Sleumer,G u a r e a g u i d o n i a ( L . ) S l e u m e r,G
BS6,a,3644,Virola sp.,V i r o l a s p .,V
BS6,a,3645,Sapium sp.,S a p i u m s p .,S
BS6,a,3646,Eugenia sp.,E u g e n i a s p .,E
BS6,a,3647,Virola sp.,V i r o l a s p .,V
BS6,a,3648,Genipa americana L.,G e n i p a a m e r i c a n a L .,G
BS6,a,,Acacia loretensis J.F.Macbr.,A c a c i a l o r e t e n s i s J . F . M a c b r .,A
BS6,a,,NN,N N,N
BS6,a,3650,Pourouma sp.,P o u r o u m a s p .,P
BS6,a,3649,Erythrina ulei Harms,E r y t h r i n a u l e i H a r m s,E
BS6,b,3651,Clarisia racemosa Ruiz & Pav.,C l a r i s i a r a c e m o s a R u i z & P a v .,C
BS6,b,3652,Sloanea sp.,S l o a n e a s p .,S
BS6,b,3653,Virola sp.,V i r o l a s p .,V
BS6,b,3654,Pseudolmedia sp.,P s e u d o l m e d i a s p .,P
BS6,b,3655,Pourouma sp.,P o u r o u m a s p .,P
BS6,b,3656,"	
Otoba parvifolia (Markgr.) A.H.Gentry",O t o b a p a r v i f o l i a ( M a r k g r . ) A . H . G e n t r y,O
BS6,b,3657,Guarea guidonia (L.) Sleumer,G u a r e a g u i d o n i a ( L . ) S l e u m e r,G
BS6,b,3658,Astrocaryum murumuru Mart.,A s t r o c a r y u m m u r u m u r u M a r t .,A
BS6,b,3659,Socratea exorrhiza (Mart.) H.Wendl.,S o c r a t e a e x o r r h i z a ( M a r t . ) H . W e n d l .,S
BS6,b,3660,Astrocaryum murumuru Mart.,A s t r o c a r y u m m u r u m u r u M a r t .,A
BS6,b,3661,Astrocaryum murumuru Mart.,A s t r o c a r y u m m u r u m u r u M a r t .,A
BS6,b,3662,Poulsenia armata (Miq.) Standl.,P o u l s e n i a a r m a t a ( M i q . ) S t a n d l .,P
BS6,b,3663,Pourouma sp.,P o u r o u m a s p .,P
BS6,b,3664,"	
Otoba parvifolia (Markgr.) A.H.Gentry",O t o b a p a r v i f o l i a ( M a r k g r . ) A . H . G e n t r y,O
BS6,b,3665,Socratea exorrhiza (Mart.) H.Wendl.,S o c r a t e a e x o r r h i z a ( M a r t . ) H . W e n d l .,S
BS6,b,3666,Pourouma sp.,P o u r o u m a s p .,P
BS6,b,3667,Sapium sp.,S a p i u m s p .,S
BS6,b,3668,Pourouma sp.,P o u r o u m a s p .,P
BS7,a,3710,Endlicheria formosa A.C.Sm.,E n d l i c h e r i a f o r m o s a A . C . S m .,E
BS7,a,3712,Porcelia nitidifolia Ruiz & Pav.,P o r c e l i a n i t i d i f o l i a R u i z & P a v .,P
BS7,a,3711,"	
Triplaris americana L.",T r i p l a r i s a m e r i c a n a L .,T
BS7,a,3713,Porcelia nitidifolia Ruiz & Pav.,P o r c e l i a n i t i d i f o l i a R u i z & P a v .,P
BS7,a,3714,Porcelia nitidifolia Ruiz & Pav.,P o r c e l i a n i t i d i f o l i a R u i z & P a v .,P
BS7,a,3715,Ficus sp.,F i c u s s p .,F
BS7,a,3716,Socratea exorrhiza (Mart.) H.Wendl.,S o c r a t e a e x o r r h i z a ( M a r t . ) H . W e n d l .,S
BS7,a,3717,"	
Triplaris americana L.",T r i p l a r i s a m e r i c a n a L .,T
BS7,a,3718,Socratea exorrhiza (Mart.) H.Wendl.,S o c r a t e a e x o r r h i z a ( M a r t . ) H . W e n d l .,S
BS7,a,3719,Virola sp.,V i r o l a s p .,V
BS7,a,3720,Socratea exorrhiza (Mart.) H.Wendl.,S o c r a t e a e x o r r h i z a ( M a r t . ) H . W e n d l .,S
BS7,a,3721,Sapium sp.,S a p i u m s p .,S
BS7,a,3722,Pourouma sp.,P o u r o u m a s p .,P
BS7,a,3723,"	
Urera caracasana (Jacq.) Gaudich. ex Griseb.",U r e r a c a r a c a s a n a ( J a c q . ) G a u d i c h . e x G r i s e b .,U
BS7,a,3724,Diplotropis sp.,D i p l o t r o p i s s p .,D
BS7,a,3725,Guarea guidonia (L.) Sleumer,G u a r e a g u i d o n i a ( L . ) S l e u m e r,G
BS7,a,3726,Capparidastrum sola (J.F.Macbr.) Cornejo & Iltis,C a p p a r i d a s t r u m s o l a ( J . F . M a c b r . ) C o r n e j o & I l t i s,C
BS7,a,3727,Matisia malacocalyx (A.Robyns & S.Nilsson) W.S.Alverson,M a t i s i a m a l a c o c a l y x ( A . R o b y n s & S . N i l s s o n ) W . S . A l v e r s o n,M
BS7,a,3728,Guarea guidonia (L.) Sleumer,G u a r e a g u i d o n i a ( L . ) S l e u m e r,G
BS7,a,3729,Spondias venulosa Mart. ex Engl.,S p o n d i a s v e n u l o s a M a r t . e x E n g l .,S
BS7,a,3730,Sloanea sp.,S l o a n e a s p .,S
BS7,a,3731,Genipa americana L.,G e n i p a a m e r i c a n a L .,G
BS7,a,3732,Astrocaryum murumuru Mart.,A s t r o c a r y u m m u r u m u r u M a r t .,A
BS7,a,3733,Ficus sp.,F i c u s s p .,F
BS7,a,3734,Genipa americana L.,G e n i p a a m e r i c a n a L .,G
BS7,a,3735,Porcelia nitidifolia Ruiz & Pav.,P o r c e l i a n i t i d i f o l i a R u i z & P a v .,P
BS7,a,,Cecropia sp.,C e c r o p i a s p .,C
BS7,a,3737,Guarea guidonia (L.) Sleumer,G u a r e a g u i d o n i a ( L . ) S l e u m e r,G
BS7,a,3738,Casearia decandra Jacq.,C a s e a r i a d e c a n d r a J a c q .,C
BS7,a,3739,Guarea guidonia (L.) Sleumer,G u a r e a g u i d o n i a ( L . ) S l e u m e r,G
BS7,b,3741,Socratea exorrhiza (Mart.) H.Wendl.,S o c r a t e a e x o r r h i z a ( M a r t . ) H . W e n d l .,S
BS7,b,3742,Sapium sp.,S a p i u m s p .,S
BS7,b,3745,Cordia sp.,C o r d i a s p .,C
BS7,b,,Acacia loretensis J.F.Macbr.,A c a c i a l o r e t e n s i s J . F . M a c b r .,A
BS7,b,,Sapium sp.,S a p i u m s p .,S
BS7,b,3746,Casearia decandra Jacq.,C a s e a r i a d e c a n d r a J a c q .,C
BS7,b,3747,Acacia loretensis J.F.Macbr.,A c a c i a l o r e t e n s i s J . F . M a c b r .,A
BS7,b,3748,Socratea exorrhiza (Mart.) H.Wendl.,S o c r a t e a e x o r r h i z a ( M a r t . ) H . W e n d l .,S
BS7,b,,Porcelia nitidifolia Ruiz & Pav.,P o r c e l i a n i t i d i f o l i a R u i z & P a v .,P
BS7,b,,Sapium sp.,S a p i u m s p .,S
BS7,b,,Erythrina ulei Harms,E r y t h r i n a u l e i H a r m s,E
BS7,b,3750,Ficus sp.,F i c u s s p .,F
BS7,b,3751,Astrocaryum murumuru Mart.,A s t r o c a r y u m m u r u m u r u M a r t .,A
BS7,b,,Socratea exorrhiza (Mart.) H.Wendl.,S o c r a t e a e x o r r h i z a ( M a r t . ) H . W e n d l .,S
BS7,b,,Virola sp.,V i r o l a s p .,V
BS7,b,3752,"	
Terminalia oblonga (Ruiz & Pav.) Steud.",T e r m i n a l i a o b l o n g a ( R u i z & P a v . ) S t e u d .,T
BS7,b,3753,"	
Zygia coccinea (G.Don) L.Rico",Z y g i a c o c c i n e a ( G . D o n ) L . R i c o,Z
BS7,b,3754,Tabernaemontana sp.,T a b e r n a e m o n t a n a s p .,T
BS7,b,3755,Spondias venulosa Mart. ex Engl.,S p o n d i a s v e n u l o s a M a r t . e x E n g l .,S
BS7,b,3756,Porcelia nitidifolia Ruiz & Pav.,P o r c e l i a n i t i d i f o l i a R u i z & P a v .,P
BS7,b,,Socratea exorrhiza (Mart.) H.Wendl.,S o c r a t e a e x o r r h i z a ( M a r t . ) H . W e n d l .,S
BS7,b,,Clarisia sp. ,C l a r i s i a s p .,C
BS7,b,,Socratea exorrhiza (Mart.) H.Wendl.,S o c r a t e a e x o r r h i z a ( M a r t . ) H . W e n d l .,S
BS7,b,3758,Sapium sp.,S a p i u m s p .,S
BS7,b,3759,"	
Terminalia oblonga (Ruiz & Pav.) Steud.",T e r m i n a l i a o b l o n g a ( R u i z & P a v . ) S t e u d .,T
BS7,b,3761,Socratea exorrhiza (Mart.) H.Wendl.,S o c r a t e a e x o r r h i z a ( M a r t . ) H . W e n d l .,S
BS7,b,,Terminalia ,T e r m i n a l i a,T
BS7,b,3762,Nectandra sp.,N e c t a n d r a s p .,N
BS7,b,3763,Allophylus sp.,A l l o p h y l u s s p .,A
BS7,b,3765,NN ,N N,N
BS7,b,3766,Astrocaryum murumuru Mart.,A s t r o c a r y u m m u r u m u r u M a r t .,A
BS7,b,3767,Astrocaryum murumuru Mart.,A s t r o c a r y u m m u r u m u r u M a r t .,A
BS7,b,3768,Capirona sp.,C a p i r o n a s p .,C
BS7,b,3769,Astrocaryum murumuru Mart.,A s t r o c a r y u m m u r u m u r u M a r t .,A
BS7,b,,NN,N N,N
BS7,b,,Astrocaryum murumuru Mart.,A s t r o c a r y u m m u r u m u r u M a r t .,A
BS7,b,,Tabernaemontana sp.,T a b e r n a e m o n t a n a s p .,T
BS7,b,3770,Pourouma sp.,P o u r o u m a s p .,P
BS7,b,,Pseudobombax septenatum (Jacq.) Dugand,P s e u d o b o m b a x s e p t e n a t u m ( J a c q . ) D u g a n d,P
BS7,b,,Sapium sp.,S a p i u m s p .,S
BS7,b,3771,Virola sp.,V i r o l a s p .,V
BS7,b,3772,Bactris gasipaes Kunth,B a c t r i s g a s i p a e s K u n t h,B
BS7,b,3773,"	
Triplaris americana L.",T r i p l a r i s a m e r i c a n a L .,T
BS7,b,3774,Porcelia nitidifolia Ruiz & Pav.,P o r c e l i a n i t i d i f o l i a R u i z & P a v .,P
BS7,b,,Porcelia nitidifolia Ruiz & Pav.,P o r c e l i a n i t i d i f o l i a R u i z & P a v .,P
BS7,b,3777,Astrocaryum murumuru Mart.,A s t r o c a r y u m m u r u m u r u M a r t .,A
BS7,b,3779,Nectandra sp.,N e c t a n d r a s p .,N
BS7,b,,Virola sp.,V i r o l a s p .,V
BS7,b,3778,Socratea exorrhiza (Mart.) H.Wendl.,S o c r a t e a e x o r r h i z a ( M a r t . ) H . W e n d l .,S
FP1,2a,,Iriartea deltoidea Ruiz & Pav.,I r i a r t e a d e l t o i d e a R u i z & P a v .,I
FP1,2a,,Genipa americana L.,G e n i p a a m e r i c a n a L .,G
FP1,2a,,Inga sp.,I n g a s p .,I
FP1,2a,,Pseudolmedia sp.,P s e u d o l m e d i a s p .,P
FP1,2a,41,Guapira sp.,G u a p i r a s p .,G
FP1,2a,42,"	
Otoba parvifolia (Markgr.) A.H.Gentry",O t o b a p a r v i f o l i a ( M a r k g r . ) A . H . G e n t r y,O
FP1,2a,43,Pouteria tarapotensis (Eichler ex Pierre) Baehni,P o u t e r i a t a r a p o t e n s i s ( E i c h l e r e x P i e r r e ) B a e h n i,P
FP1,2a,44,"	
Otoba parvifolia (Markgr.) A.H.Gentry",O t o b a p a r v i f o l i a ( M a r k g r . ) A . H . G e n t r y,O
FP1,2a,45,Iriartea deltoidea Ruiz & Pav.,I r i a r t e a d e l t o i d e a R u i z & P a v .,I
FP1,2a,,Sapium marmieri Huber.,S a p i u m m a r m i e r i H u b e r .,S
FP1,2b,49,Iriartea deltoidea Ruiz & Pav.,I r i a r t e a d e l t o i d e a R u i z & P a v .,I
FP1,2b,50,Pseudolmedia laevis (Ruiz & Pav.) J.F.Macbr.,P s e u d o l m e d i a l a e v i s ( R u i z & P a v . ) J . F . M a c b r .,P
FP1,2b,51,Pseudolmedia laevis (Ruiz & Pav.) J.F.Macbr.,P s e u d o l m e d i a l a e v i s ( R u i z & P a v . ) J . F . M a c b r .,P
FP1,2b,53,Iriartea deltoidea Ruiz & Pav.,I r i a r t e a d e l t o i d e a R u i z & P a v .,I
FP1,2b,54,"	
Otoba parvifolia (Markgr.) A.H.Gentry",O t o b a p a r v i f o l i a ( M a r k g r . ) A . H . G e n t r y,O
FP1,2b,56,Iriartea deltoidea Ruiz & Pav.,I r i a r t e a d e l t o i d e a R u i z & P a v .,I
FP1,2b,58,Iriartea deltoidea Ruiz & Pav.,I r i a r t e a d e l t o i d e a R u i z & P a v .,I
FP1,2b,60,Iriartea deltoidea Ruiz & Pav.,I r i a r t e a d e l t o i d e a R u i z & P a v .,I
FP1,2b,61,Sorocea briquetii J.F.Macbr.,S o r o c e a b r i q u e t i i J . F . M a c b r .,S
FP1,3a,1824,Allophylus pilosus (J.F.Macbr.) A.H.Gentry,A l l o p h y l u s p i l o s u s ( J . F . M a c b r . ) A . H . G e n t r y,A
FP1,3a,63,Iriartea deltoidea Ruiz & Pav.,I r i a r t e a d e l t o i d e a R u i z & P a v .,I
FP1,3a,65,Iriartea deltoidea Ruiz & Pav.,I r i a r t e a d e l t o i d e a R u i z & P a v .,I
FP1,3a,66,Unonopsis floribunda Diels,U n o n o p s i s f l o r i b u n d a D i e l s,U
FP1,3a,67,Iriartea deltoidea Ruiz & Pav.,I r i a r t e a d e l t o i d e a R u i z & P a v .,I
FP1,3a,1826,Cecropia sp.,C e c r o p i a s p .,C
FP1,3a,70,Iriartea deltoidea Ruiz & Pav.,I r i a r t e a d e l t o i d e a R u i z & P a v .,I
FP1,3a,71,Iriartea deltoidea Ruiz & Pav.,I r i a r t e a d e l t o i d e a R u i z & P a v .,I
FP1,3a,73,Iriartea deltoidea Ruiz & Pav.,I r i a r t e a d e l t o i d e a R u i z & P a v .,I
FP1,3a,74,Guarea guidonia (L.) Sleumer,G u a r e a g u i d o n i a ( L . ) S l e u m e r,G
FP1,3b,75,Iriartea deltoidea Ruiz & Pav.,I r i a r t e a d e l t o i d e a R u i z & P a v .,I
FP1,3b,,Jacaratia digitata (Poepp. & Endl.) Solms,J a c a r a t i a d i g i t a t a ( P o e p p . & E n d l . ) S o l m s,J
FP1,3b,77,Iriartea deltoidea Ruiz & Pav.,I r i a r t e a d e l t o i d e a R u i z & P a v .,I
FP1,3b,78,Iriartea deltoidea Ruiz & Pav.,I r i a r t e a d e l t o i d e a R u i z & P a v .,I
FP1,3b,79,Lunania parviflora Spruce ex Benth.,L u n a n i a p a r v i f l o r a S p r u c e e x B e n t h .,L
FP1,3b,2656,Trichilia sp.,T r i c h i l i a s p .,T
FP1,3b,,Hura crepitans L.,H u r a c r e p i t a n s L .,H
FP1,3b,82,Iriartea deltoidea Ruiz & Pav.,I r i a r t e a d e l t o i d e a R u i z & P a v .,I
FP1,3b,83,Iriartea deltoidea Ruiz & Pav.,I r i a r t e a d e l t o i d e a R u i z & P a v .,I
FP1,3b,87,Celtis schippii Standl.,C e l t i s s c h i p p i i S t a n d l .,C
FP1,3b,75A,Unonopsis floribunda Diels,U n o n o p s i s f l o r i b u n d a D i e l s,U
FP1,4a,89,Iriartea deltoidea Ruiz & Pav.,I r i a r t e a d e l t o i d e a R u i z & P a v .,I
FP1,4a,90,Swartzia sp.,S w a r t z i a s p .,S
FP1,4a,1828,Ficus sp.,F i c u s s p .,F
FP1,4a,91,Neea chlorantha Heimerl,N e e a c h l o r a n t h a H e i m e r l,N
FP1,4a,92,Iriartea deltoidea Ruiz & Pav.,I r i a r t e a d e l t o i d e a R u i z & P a v .,I
FP1,4a,93,Iriartea deltoidea Ruiz & Pav.,I r i a r t e a d e l t o i d e a R u i z & P a v .,I
FP1,5a,3930,Guarea guidonia (L.) Sleumer,G u a r e a g u i d o n i a ( L . ) S l e u m e r,G
FP1,5a,3931,Pourouma sp.,P o u r o u m a s p .,P
FP1,5a,3932,Neea sp.,N e e a s p .,N
FP1,5a,3933,Trichilia sp.,T r i c h i l i a s p .,T
FP1,5a,3934,Iriartea deltoidea Ruiz & Pav.,I r i a r t e a d e l t o i d e a R u i z & P a v .,I
FP1,5a,3935,Swartzia sp.,S w a r t z i a s p .,S
FP1,5a,3936,Iriartea deltoidea Ruiz & Pav.,I r i a r t e a d e l t o i d e a R u i z & P a v .,I
FP1,5a,3937,Brosimum sp.,B r o s i m u m s p .,B
FP1,5a,3938,"	
Otoba parvifolia (Markgr.) A.H.Gentry",O t o b a p a r v i f o l i a ( M a r k g r . ) A . H . G e n t r y,O
FP1,5a,3939,Inga sp2,I n g a s p 2,I
FP1,5a,3940,"	
Otoba parvifolia (Markgr.) A.H.Gentry",O t o b a p a r v i f o l i a ( M a r k g r . ) A . H . G e n t r y,O
FP1,5a,3941,Iriartea deltoidea Ruiz & Pav.,I r i a r t e a d e l t o i d e a R u i z & P a v .,I
FP1,5a,3942,Pseudolmedia sp.,P s e u d o l m e d i a s p .,P
FP1,5a,,Pouteria sp.,P o u t e r i a s p .,P
FP1,5a,3943,Inga sp.,I n g a s p .,I
FP1,5a,3945,Pouteria sp.,P o u t e r i a s p .,P
FP1,5a,3947,Iriartea deltoidea Ruiz & Pav.,I r i a r t e a d e l t o i d e a R u i z & P a v .,I
FP1,5a,3948,Iriartea deltoidea Ruiz & Pav.,I r i a r t e a d e l t o i d e a R u i z & P a v .,I
FP1,5a,3949,"	
Quiina amazonica A.C.Sm.",Q u i i n a a m a z o n i c a A . C . S m .,Q
FP1,5a,,Celtis schippii Standl.,C e l t i s s c h i p p i i S t a n d l .,C
FP1,5a,3950,Clarisia racemosa Ruiz & Pav.,C l a r i s i a r a c e m o s a R u i z & P a v .,C
FP1,5a,,Sterculia sp.,S t e r c u l i a s p .,S
FP1,5a,3951,Trichilia sp.,T r i c h i l i a s p .,T
FP1,5a,,Sorocea briquetii J.F.Macbr.,S o r o c e a b r i q u e t i i J . F . M a c b r .,S
FP1,4b,1827,"	
Quiina amazonica A.C.Sm.",Q u i i n a a m a z o n i c a A . C . S m .,Q
FP1,4b,96,Neea chlorantha Heimerl,N e e a c h l o r a n t h a H e i m e r l,N
FP1,4b,1830,Iriartea deltoidea Ruiz & Pav.,I r i a r t e a d e l t o i d e a R u i z & P a v .,I
FP1,4b,98,Richeria grandis Vahl,R i c h e r i a g r a n d i s V a h l,R
FP1,4b,99,"	
Pouteria durlandii (Standl.) Baehni",P o u t e r i a d u r l a n d i i ( S t a n d l . ) B a e h n i,P
FP1,4b,100,Protium amazonicum (Cuatrec.) Daly,P r o t i u m a m a z o n i c u m ( C u a t r e c . ) D a l y,P
FP1,4b,3952,Sterculia sp.,S t e r c u l i a s p .,S
FP1,4b,3953,Euterpe precatoria Mart.,E u t e r p e p r e c a t o r i a M a r t .,E
FP1,4b,3954,Inga sp2,I n g a s p 2,I
FP1,4b,3955,"	
Otoba parvifolia (Markgr.) A.H.Gentry",O t o b a p a r v i f o l i a ( M a r k g r . ) A . H . G e n t r y,O
FP1,4b,3956,Trichilia sp.,T r i c h i l i a s p .,T
FP1,4b,3957,Iriartea deltoidea Ruiz & Pav.,I r i a r t e a d e l t o i d e a R u i z & P a v .,I
FP1,4b,3958,Celtis schippii Standl.,C e l t i s s c h i p p i i S t a n d l .,C
FP1,4b,3959,"	
Quiina amazonica A.C.Sm.",Q u i i n a a m a z o n i c a A . C . S m .,Q
FP1,4b,3960,Inga,I n g a,I
FP1,4b,3961,"	
Ceiba samauma (Mart.) K.Schum.",C e i b a s a m a u m a ( M a r t . ) K . S c h u m .,C
FP1,4b,3962,Dipteryx micrantha Harms,D i p t e r y x m i c r a n t h a H a r m s,D
FP1,4b,3963,Guarea guidonia (L.) Sleumer,G u a r e a g u i d o n i a ( L . ) S l e u m e r,G
FP1,4b,3964,Iriartea deltoidea Ruiz & Pav.,I r i a r t e a d e l t o i d e a R u i z & P a v .,I
FP1,4b,3965,Pouteria sp.,P o u t e r i a s p .,P
FP1,4b,3966,Pouteria sp.,P o u t e r i a s p .,P
FP1,4b,3967,Trichilia sp.,T r i c h i l i a s p .,T
FP1,4b,3968,Pseudobombax septenatum (Jacq.) Dugand,P s e u d o b o m b a x s e p t e n a t u m ( J a c q . ) D u g a n d,P
FP1,4b,3969,"	
Terminalia oblonga (Ruiz & Pav.) Steud.",T e r m i n a l i a o b l o n g a ( R u i z & P a v . ) S t e u d .,T
FP1,4b,3970,Iriartea deltoidea Ruiz & Pav.,I r i a r t e a d e l t o i d e a R u i z & P a v .,I
FP1,4b,3971,Guarea guidonia (L.) Sleumer,G u a r e a g u i d o n i a ( L . ) S l e u m e r,G
FP1,4b,3972,Neea sp.,N e e a s p .,N
FP2,1a,3247,Iriartea deltoidea Ruiz & Pav.,I r i a r t e a d e l t o i d e a R u i z & P a v .,I
FP2,1a,3246,Ficus sp.,F i c u s s p .,F
FP2,1a,3244,Trichilia sp.,T r i c h i l i a s p .,T
FP2,1a,3245,,Indeterminado,Indeterminado
FP2,1a,102,Pseudobombax septenatum (Jacq.) Dugand,P s e u d o b o m b a x s e p t e n a t u m ( J a c q . ) D u g a n d,P
FP2,1a,3242,Pterocarpus sp.,P t e r o c a r p u s s p .,P
FP2,1a,3243,"	
Otoba parvifolia (Markgr.) A.H.Gentry",O t o b a p a r v i f o l i a ( M a r k g r . ) A . H . G e n t r y,O
FP2,1a,104,Ruizodendron ovale (Ruiz & Pav.) R.E.Fr.,R u i z o d e n d r o n o v a l e ( R u i z & P a v . ) R . E . F r .,R
FP2,1a,3240,Guarea guidonia (L.) Sleumer,G u a r e a g u i d o n i a ( L . ) S l e u m e r,G
FP2,1a,106,Iriartea deltoidea Ruiz & Pav.,I r i a r t e a d e l t o i d e a R u i z & P a v .,I
FP2,1a,1884,Inga sp2,I n g a s p 2,I
FP2,1a,108,Swartzia arborescens (Aubl.) Pittier,S w a r t z i a a r b o r e s c e n s ( A u b l . ) P i t t i e r,S
FP2,1a,109,Celtis schippii Standl.,C e l t i s s c h i p p i i S t a n d l .,C
FP2,1a,113,Eugenia moschata (Aubl.) Nied. ex T.Durand & B.D.Jacks.,E u g e n i a m o s c h a t a ( A u b l . ) N i e d . e x T . D u r a n d & B . D . J a c k s .,E
FP2,1b,114,Pseudolmedia laevis (Ruiz & Pav.) J.F.Macbr.,P s e u d o l m e d i a l a e v i s ( R u i z & P a v . ) J . F . M a c b r .,P
FP2,1b,116,"	
Matisia bicolor Ducke",M a t i s i a b i c o l o r D u c k e,M
FP2,1b,1883,NN,N N,N
FP2,1b,3241,Lunania parviflora Spruce ex Benth.,L u n a n i a p a r v i f l o r a S p r u c e e x B e n t h .,L
FP2,1b,118,Brosimum guianense (Aubl.) Huber ex Ducke,B r o s i m u m g u i a n e n s e ( A u b l . ) H u b e r e x D u c k e,B
FP2,1b,124,Matisia ochrocalyx K.Schum.,M a t i s i a o c h r o c a l y x K . S c h u m .,M
FP2,1b,125,Iriartea deltoidea Ruiz & Pav.,I r i a r t e a d e l t o i d e a R u i z & P a v .,I
FP2,1b,1887,"	
Otoba parvifolia (Markgr.) A.H.Gentry",O t o b a p a r v i f o l i a ( M a r k g r . ) A . H . G e n t r y,O
FP2,2b,142,Guarea macrophylla Vahl,G u a r e a m a c r o p h y l l a V a h l,G
FP2,1b,1874,"	
Otoba parvifolia (Markgr.) A.H.Gentry",O t o b a p a r v i f o l i a ( M a r k g r . ) A . H . G e n t r y,O
FP2,1b,3190,Iriartea deltoidea Ruiz & Pav.,I r i a r t e a d e l t o i d e a R u i z & P a v .,I
FP2,1b,3192,Inga sp2,I n g a s p 2,I
FP2,1b,126,Guarea guidonia (L.) Sleumer,G u a r e a g u i d o n i a ( L . ) S l e u m e r,G
FP2,1b,1875,Pseudolmedia sp.,P s e u d o l m e d i a s p .,P
FP2,1b,1876,Unonopsis sp.,U n o n o p s i s s p .,U
FP2,2a,127,"	
Otoba parvifolia (Markgr.) A.H.Gentry",O t o b a p a r v i f o l i a ( M a r k g r . ) A . H . G e n t r y,O
FP2,2a,3238,Trichilia sp.,T r i c h i l i a s p .,T
FP2,2a,3193,"	
Otoba parvifolia (Markgr.) A.H.Gentry",O t o b a p a r v i f o l i a ( M a r k g r . ) A . H . G e n t r y,O
FP2,2a,128,Trichilia elegans A.Juss.,T r i c h i l i a e l e g a n s A . J u s s .,T
FP2,3b,3231,Oxandra mediocris Diels,O x a n d r a m e d i o c r i s D i e l s,O
FP2,2a,129,Iriartea deltoidea Ruiz & Pav.,I r i a r t e a d e l t o i d e a R u i z & P a v .,I
FP2,2a,3237,Pseudolmedia sp.,P s e u d o l m e d i a s p .,P
FP2,2a,3194,Acacia loretensis J.F.Macbr.,A c a c i a l o r e t e n s i s J . F . M a c b r .,A
FP2,2a,3195,Jacaratia digitata (Poepp. & Endl.) Solms,J a c a r a t i a d i g i t a t a ( P o e p p . & E n d l . ) S o l m s,J
FP2,2a,3236,Erythrina ulei Harms,E r y t h r i n a u l e i H a r m s,E
FP2,2a,133,Iriartea deltoidea Ruiz & Pav.,I r i a r t e a d e l t o i d e a R u i z & P a v .,I
FP2,2a,134,Theobroma speciosum Willd. ex Spreng.,T h e o b r o m a s p e c i o s u m W i l l d . e x S p r e n g .,T
FP2,2a,135,Socratea exorrhiza (Mart.) H.Wendl.,S o c r a t e a e x o r r h i z a ( M a r t . ) H . W e n d l .,S
FP2,2a,136,"	
Spondias mombin L.",S p o n d i a s m o m b i n L .,S
FP2,2a,137,Buchenavia macrophylla Spruce ex Eichler,B u c h e n a v i a m a c r o p h y l l a S p r u c e e x E i c h l e r,B
FP2,2a,138,Swartzia sp.,S w a r t z i a s p .,S
FP2,2a,139,Iriartea deltoidea Ruiz & Pav.,I r i a r t e a d e l t o i d e a R u i z & P a v .,I
FP2,2a,140,"	
Ocotea leucoxylon (Sw.) Laness.",O c o t e a l e u c o x y l o n ( S w . ) L a n e s s .,O
FP2,2a,3196,Euterpe precatoria Mart.,E u t e r p e p r e c a t o r i a M a r t .,E
FP2,2b,144,"	
Otoba parvifolia (Markgr.) A.H.Gentry",O t o b a p a r v i f o l i a ( M a r k g r . ) A . H . G e n t r y,O
FP2,2b,145,Clarisia biflora Ruiz & Pav.,C l a r i s i a b i f l o r a R u i z & P a v .,C
FP2,2b,147,Eschweilera coriacea (DC.) S.A.Mori,E s c h w e i l e r a c o r i a c e a ( D C . ) S . A . M o r i,E
FP2,2b,148,Hirtella lightioides Rusby,H i r t e l l a l i g h t i o i d e s R u s b y,H
FP2,2b,149,Iriartea deltoidea Ruiz & Pav.,I r i a r t e a d e l t o i d e a R u i z & P a v .,I
FP2,2b,150,Iriartea deltoidea Ruiz & Pav.,I r i a r t e a d e l t o i d e a R u i z & P a v .,I
FP2,2b,3197,Virola sp.,V i r o l a s p .,V
FP2,3a,152,Iriartea deltoidea Ruiz & Pav.,I r i a r t e a d e l t o i d e a R u i z & P a v .,I
FP2,3a,154,Iriartea deltoidea Ruiz & Pav.,I r i a r t e a d e l t o i d e a R u i z & P a v .,I
FP2,3a,156,Iriartea deltoidea Ruiz & Pav.,I r i a r t e a d e l t o i d e a R u i z & P a v .,I
FP2,3a,157,Iriartea deltoidea Ruiz & Pav.,I r i a r t e a d e l t o i d e a R u i z & P a v .,I
FP2,3a,159,Iriartea deltoidea Ruiz & Pav.,I r i a r t e a d e l t o i d e a R u i z & P a v .,I
FP2,3a,160,Pseudobombax septenatum (Jacq.) Dugand,P s e u d o b o m b a x s e p t e n a t u m ( J a c q . ) D u g a n d,P
FP2,3a,161,Protium amazonicum (Cuatrec.) Daly,P r o t i u m a m a z o n i c u m ( C u a t r e c . ) D a l y,P
FP2,3a,162,"	
Otoba parvifolia (Markgr.) A.H.Gentry",O t o b a p a r v i f o l i a ( M a r k g r . ) A . H . G e n t r y,O
FP2,3a,164,Astrocaryum murumuru Mart.,A s t r o c a r y u m m u r u m u r u M a r t .,A
FP2,3a,3235,Tabernaemontana sp.,T a b e r n a e m o n t a n a s p .,T
FP2,3b,1882,Celtis schippii Standl.,C e l t i s s c h i p p i i S t a n d l .,C
FP2,3a,166,Guatteria sp.,G u a t t e r i a s p .,G
FP2,3b,170,Iriartea deltoidea Ruiz & Pav.,I r i a r t e a d e l t o i d e a R u i z & P a v .,I
FP2,3b,171,Theobroma cacao L.,T h e o b r o m a c a c a o L .,T
FP2,3b,172,Iriartea deltoidea Ruiz & Pav.,I r i a r t e a d e l t o i d e a R u i z & P a v .,I
FP2,3b,173,Iriartea deltoidea Ruiz & Pav.,I r i a r t e a d e l t o i d e a R u i z & P a v .,I
FP2,3b,174,Iriartea deltoidea Ruiz & Pav.,I r i a r t e a d e l t o i d e a R u i z & P a v .,I
FP2,3b,175,Iriartea deltoidea Ruiz & Pav.,I r i a r t e a d e l t o i d e a R u i z & P a v .,I
FP2,3b,1880,Iriartea deltoidea Ruiz & Pav.,I r i a r t e a d e l t o i d e a R u i z & P a v .,I
FP2,3b,177,"	
Otoba parvifolia (Markgr.) A.H.Gentry",O t o b a p a r v i f o l i a ( M a r k g r . ) A . H . G e n t r y,O
FP2,3b,1881,Ficus sp.,F i c u s s p .,F
FP2,3b,178,Iriartea deltoidea Ruiz & Pav.,I r i a r t e a d e l t o i d e a R u i z & P a v .,I
FP2,3b,3198,Iriartea deltoidea Ruiz & Pav.,I r i a r t e a d e l t o i d e a R u i z & P a v .,I
FP2,3b,3234,Pourouma sp.,P o u r o u m a s p .,P
FP2,3b,3233,Hieronyma oblonga (Tul.) Müll.Arg.,H i e r o n y m a o b l o n g a ( T u l . ) M ü l l . A r g .,H
FP2,3b,186,Iriartea deltoidea Ruiz & Pav.,I r i a r t e a d e l t o i d e a R u i z & P a v .,I
FP2,3b,188,Virola calophylla (Spruce) Warb.,V i r o l a c a l o p h y l l a ( S p r u c e ) W a r b .,V
FP2,3b,189,"	
Otoba parvifolia (Markgr.) A.H.Gentry",O t o b a p a r v i f o l i a ( M a r k g r . ) A . H . G e n t r y,O
FP2,3b,3232,Urera sp.,U r e r a s p .,U
FP2,3b,192,Iriartea deltoidea Ruiz & Pav.,I r i a r t e a d e l t o i d e a R u i z & P a v .,I
FP2,3b,,Bauhinia ,B a u h i n i a,B
FP2,3b,,Astrocaryum murumuru Mart.,A s t r o c a r y u m m u r u m u r u M a r t .,A
FP2,3b,,Sloanea sp.,S l o a n e a s p .,S
FP2,3b,195,Astrocaryum murumuru Mart.,A s t r o c a r y u m m u r u m u r u M a r t .,A
FP2,3b,1896,Theobroma sp.,T h e o b r o m a s p .,T
FP2,4a,196,"	
Trichilia solitudinis Harms",T r i c h i l i a s o l i t u d i n i s H a r m s,T
FP2,4a,197,"	
Matisia ochrocalyx K.Schum.",M a t i s i a o c h r o c a l y x K . S c h u m .,M
FP2,4a,198,Iriartea deltoidea Ruiz & Pav.,I r i a r t e a d e l t o i d e a R u i z & P a v .,I
FP2,4a,199,Iriartea deltoidea Ruiz & Pav.,I r i a r t e a d e l t o i d e a R u i z & P a v .,I
FP2,4a,1893,Poulsenia armata (Miq.) Standl.,P o u l s e n i a a r m a t a ( M i q . ) S t a n d l .,P
FP3,1a,201,Iriartea deltoidea Ruiz & Pav.,I r i a r t e a d e l t o i d e a R u i z & P a v .,I
FP3,1a,202,"	
Trichilia solitudinis Harms",T r i c h i l i a s o l i t u d i n i s H a r m s,T
FP3,1a,203,"	
Pouteria reticulata (Engl.) Eyma",P o u t e r i a r e t i c u l a t a ( E n g l . ) E y m a,P
FP3,1a,205,"	
Matisia bicolor Ducke",M a t i s i a b i c o l o r D u c k e,M
FP3,1a,1832,"	
Triplaris americana L.",T r i p l a r i s a m e r i c a n a L .,T
FP3,1a,208,"	
Trichilia solitudinis Harms",T r i c h i l i a s o l i t u d i n i s H a r m s,T
FP3,1a,209,Sorocea briquetii J.F.Macbr.,S o r o c e a b r i q u e t i i J . F . M a c b r .,S
FP3,1a,212,Warszewiczia coccinea (Vahl) Klotzsch,W a r s z e w i c z i a c o c c i n e a ( V a h l ) K l o t z s c h,W
FP3,1a,213,"	
Trichilia solitudinis Harms",T r i c h i l i a s o l i t u d i n i s H a r m s,T
FP3,1a,214,Guarea gomma Pulle,G u a r e a g o m m a P u l l e,G
FP3,1a,1833,Theobroma sp.,T h e o b r o m a s p .,T
FP3,1a,1834,Pseudolmedia sp.,P s e u d o l m e d i a s p .,P
FP3,1a,1835,Iriartea deltoidea Ruiz & Pav.,I r i a r t e a d e l t o i d e a R u i z & P a v .,I
FP3,1b,218,"	
Otoba parvifolia (Markgr.) A.H.Gentry",O t o b a p a r v i f o l i a ( M a r k g r . ) A . H . G e n t r y,O
FP3,1b,219,"	
Otoba parvifolia (Markgr.) A.H.Gentry",O t o b a p a r v i f o l i a ( M a r k g r . ) A . H . G e n t r y,O
FP3,1b,220,"	
Otoba parvifolia (Markgr.) A.H.Gentry",O t o b a p a r v i f o l i a ( M a r k g r . ) A . H . G e n t r y,O
FP3,1b,221,Mabea piriri Aubl.,M a b e a p i r i r i A u b l .,M
FP3,1b,223,Rinorea viridifolia Rusby,R i n o r e a v i r i d i f o l i a R u s b y,R
FP3,1b,234,Pouteria torta (Mart.) Radlk.,P o u t e r i a t o r t a ( M a r t . ) R a d l k .,P
FP3,1b,236,Apeiba glabra Aubl.,A p e i b a g l a b r a A u b l .,A
FP3,2a,239,Rinorea viridifolia Rusby,R i n o r e a v i r i d i f o l i a R u s b y,R
FP3,2a,240,Cecropia sciadophylla Mart.,C e c r o p i a s c i a d o p h y l l a M a r t .,C
FP3,2a,241,Pourouma cucura Standl. & Cuatrec.,P o u r o u m a c u c u r a S t a n d l . & C u a t r e c .,P
FP3,2a,242,Spondias venulosa Mart. ex Engl.,S p o n d i a s v e n u l o s a M a r t . e x E n g l .,S
FP3,2a,244,Rinorea viridifolia Rusby,R i n o r e a v i r i d i f o l i a R u s b y,R
FP3,2a,245,Guarea macrophylla Vahl,G u a r e a m a c r o p h y l l a V a h l,G
FP3,2a,246,Aspidosperma nitidum Benth. ex Müll.Arg.,A s p i d o s p e r m a n i t i d u m B e n t h . e x M ü l l . A r g .,A
FP3,2a,,Aspidosperma nitidum Benth. ex Müll.Arg.,A s p i d o s p e r m a n i t i d u m B e n t h . e x M ü l l . A r g .,A
FP3,2a,1840,Gallesia integrifolia (Spreng.) Harms,G a l l e s i a i n t e g r i f o l i a ( S p r e n g . ) H a r m s,G
FP3,2a,1841,Ficus sp.,F i c u s s p .,F
FP3,2a,1842,Rinorea viridifolia Rusby,R i n o r e a v i r i d i f o l i a R u s b y,R
FP3,2a,250,Minquartia guianensis Aubl.,M i n q u a r t i a g u i a n e n s i s A u b l .,M
FP3,2a,251,"	
Trichilia solitudinis Harms",T r i c h i l i a s o l i t u d i n i s H a r m s,T
FP3,2a,252,Otoba glycycarpa (Ducke) W.A.Rodrigues & T.S.Jaram.,O t o b a g l y c y c a r p a ( D u c k e ) W . A . R o d r i g u e s & T . S . J a r a m .,O
FP3,2a,253,"	
Sapium marmieri Huber",S a p i u m m a r m i e r i H u b e r,S
FP3,2a,1843,Hyeromina sp.,H y e r o m i n a s p .,H
FP3,2a,1844,Pourouma sp.,P o u r o u m a s p .,P
FP3,2a,1845,Pleurothyrium sp.,P l e u r o t h y r i u m s p .,P
FP3,2b,2619,Pouteria torta (Mart.) Radlk.,P o u t e r i a t o r t a ( M a r t . ) R a d l k .,P
FP3,2b,3510,Capparidastrum sola (J.F.Macbr.) Cornejo & Iltis,C a p p a r i d a s t r u m s o l a ( J . F . M a c b r . ) C o r n e j o & I l t i s,C
FP3,2b,258,Lacistema aggregatum (P.J.Bergius) Rusby,L a c i s t e m a a g g r e g a t u m ( P . J . B e r g i u s ) R u s b y,L
FP3,2b,263,Iriartea deltoidea Ruiz & Pav.,I r i a r t e a d e l t o i d e a R u i z & P a v .,I
FP3,2b,3511,Poulsenia armata (Miq.) Standl.,P o u l s e n i a a r m a t a ( M i q . ) S t a n d l .,P
FP3,3a,270,Guarea gomma Pulle,G u a r e a g o m m a P u l l e,G
FP3,3a,1848,Trichilia sp.,T r i c h i l i a s p .,T
FP3,3a,274,"	
Pouteria trilocularis Cronquist",P o u t e r i a t r i l o c u l a r i s C r o n q u i s t,P
FP3,3a,275,Pouteria torta (Mart.) Radlk.,P o u t e r i a t o r t a ( M a r t . ) R a d l k .,P
FP3,3a,276,Trichilia sp.,T r i c h i l i a s p .,T
FP3,3b,284,Caryocar amygdaliforme G.Don,C a r y o c a r a m y g d a l i f o r m e G . D o n,C
FP3,3b,284B,Otoba glycycarpa (Ducke) W.A.Rodrigues & T.S.Jaram.,O t o b a g l y c y c a r p a ( D u c k e ) W . A . R o d r i g u e s & T . S . J a r a m .,O
FP3,3b,285,Pouteria procera (Mart.) K.Hammer,P o u t e r i a p r o c e r a ( M a r t . ) K . H a m m e r,P
FP3,3b,286,"	
Otoba parvifolia (Markgr.) A.H.Gentry",O t o b a p a r v i f o l i a ( M a r k g r . ) A . H . G e n t r y,O
FP3,3b,290,Otoba parvifolia (Markgr.) A.H.Gentry,O t o b a p a r v i f o l i a ( M a r k g r . ) A . H . G e n t r y,O
FP3,4a,291,Iriartea deltoidea Ruiz & Pav.,I r i a r t e a d e l t o i d e a R u i z & P a v .,I
FP3,4a,292,Apeiba glabra Aubl.,A p e i b a g l a b r a A u b l .,A
FP3,4a,293,Guarea kunthiana A.Juss.,G u a r e a k u n t h i a n a A . J u s s .,G
FP3,4a,3513,Theobroma sp.,T h e o b r o m a s p .,T
FP3,4a,296,"	
Otoba parvifolia (Markgr.) A.H.Gentry",O t o b a p a r v i f o l i a ( M a r k g r . ) A . H . G e n t r y,O
FP3,4a,1854,"	
Triplaris americana L.",T r i p l a r i s a m e r i c a n a L .,T
FP3,4a,298,"	
Sapium marmieri Huber",S a p i u m m a r m i e r i H u b e r,S
FP3,4a,220A,"	
Trigynaea duckei (R.E.Fr.) R.E.Fr.",T r i g y n a e a d u c k e i ( R . E . F r . ) R . E . F r .,T
FP3,4a,247A,Jacaratia digitata (Poepp. & Endl.) Solms,J a c a r a t i a d i g i t a t a ( P o e p p . & E n d l . ) S o l m s,J
FP3,4a,264A,"	
Otoba parvifolia (Markgr.) A.H.Gentry",O t o b a p a r v i f o l i a ( M a r k g r . ) A . H . G e n t r y,O
FP3,4a,3523,"	
Otoba parvifolia (Markgr.) A.H.Gentry",O t o b a p a r v i f o l i a ( M a r k g r . ) A . H . G e n t r y,O
FP3,4a,1855,Inga sp2,I n g a s p 2,I
FP3,4b,3515,Pourouma sp.,P o u r o u m a s p .,P
FP3,4b,3514,Brosimun sp.,B r o s i m u n s p .,B
FP3,4b,3516,"	
Otoba parvifolia (Markgr.) A.H.Gentry",O t o b a p a r v i f o l i a ( M a r k g r . ) A . H . G e n t r y,O
FP3,4b,3517,Clarisia sp.,C l a r i s i a s p .,C
FP3,4b,3518,Casearia,C a s e a r i a,C
FP3,4b,3519,Virola sp.,V i r o l a s p .,V
FP3,4b,3520,Guarea sp.,G u a r e a s p .,G
FP3,4b,3521,Pseudolmedia sp.,P s e u d o l m e d i a s p .,P
FP3,4b,3522,Celtis schippii Standl.,C e l t i s s c h i p p i i S t a n d l .,C
FP3,4b,3524,Guarea guidonia (L.) Sleumer,G u a r e a g u i d o n i a ( L . ) S l e u m e r,G
FP3,4b,3525,"	
Otoba parvifolia (Markgr.) A.H.Gentry",O t o b a p a r v i f o l i a ( M a r k g r . ) A . H . G e n t r y,O
FP3,4b,3526,Iriartea deltoidea Ruiz & Pav.,I r i a r t e a d e l t o i d e a R u i z & P a v .,I
FP3,4b,3527,Pterocarpus sp.,P t e r o c a r p u s s p .,P
FP3,4b,3528,Iriartea deltoidea Ruiz & Pav.,I r i a r t e a d e l t o i d e a R u i z & P a v .,I
FP3,4b,3529,Trichilia sp.,T r i c h i l i a s p .,T
FP3,4b,3530,Theobroma sp.,T h e o b r o m a s p .,T
FP3,4b,3531,Diplotropis sp.,D i p l o t r o p i s s p .,D
FP3,4b,3532,Pouteria torta,P o u t e r i a t o r t a,P
FP3,4b,3533,Iriartea deltoidea Ruiz & Pav.,I r i a r t e a d e l t o i d e a R u i z & P a v .,I
FP3,4b,3534,Iriartea deltoidea Ruiz & Pav.,I r i a r t e a d e l t o i d e a R u i z & P a v .,I
FP3,4b,287A,Guarea gomma Pulle,G u a r e a g o m m a P u l l e,G
FP3,4b,290A,Iriartea deltoidea Ruiz & Pav.,I r i a r t e a d e l t o i d e a R u i z & P a v .,I
FP3,4b,294A,Oxandra mediocris Diels,O x a n d r a m e d i o c r i s D i e l s,O
FP4,1a,301,Iriartea deltoidea Ruiz & Pav.,I r i a r t e a d e l t o i d e a R u i z & P a v .,I
FP4,1a,302,Eschweilera coriacea (DC.) S.A.Mori,E s c h w e i l e r a c o r i a c e a ( D C . ) S . A . M o r i,E
FP4,1a,3120,Sloanea sp.,S l o a n e a s p .,S
FP4,1a,303,Guarea macrophylla Vahl,G u a r e a m a c r o p h y l l a V a h l,G
FP4,1a,,Matisia malacocalyx (A.Robyns & S.Nilsson) W.S.Alverson,M a t i s i a m a l a c o c a l y x ( A . R o b y n s & S . N i l s s o n ) W . S . A l v e r s o n,M
FP4,1a,3105,Buchenavia macrophylla Spruce ex Eichler,B u c h e n a v i a m a c r o p h y l l a S p r u c e e x E i c h l e r,B
FP4,1a,1857,Pterocarpus sp.,P t e r o c a r p u s s p .,P
FP4,1a,307,Maquira guianensis Aubl.,M a q u i r a g u i a n e n s i s A u b l .,M
FP4,1a,308,"	
Lecointea peruviana Standl. ex J.F.Macbr.",L e c o i n t e a p e r u v i a n a S t a n d l . e x J . F . M a c b r .,L
FP4,1a,1859,Perebea sp.,P e r e b e a s p .,P
FP4,1a,1860,Iriartea deltoidea Ruiz & Pav.,I r i a r t e a d e l t o i d e a R u i z & P a v .,I
FP4,1b,314,Clarisia biflora Ruiz & Pav.,C l a r i s i a b i f l o r a R u i z & P a v .,C
FP4,1b,1856,Eschweilera sp.,E s c h w e i l e r a s p .,E
FP4,1b,315,Eschweilera coriacea (DC.) S.A.Mori,E s c h w e i l e r a c o r i a c e a ( D C . ) S . A . M o r i,E
FP4,1b,316,Siparuna decipiens (Tul.) A.DC.,S i p a r u n a d e c i p i e n s ( T u l . ) A . D C .,S
FP4,1b,317,Theobroma cacao L.,T h e o b r o m a c a c a o L .,T
FP4,1b,318,Pseudobombax septenatum (Jacq.) Dugand,P s e u d o b o m b a x s e p t e n a t u m ( J a c q . ) D u g a n d,P
FP4,1b,319,"	
Pleurothyrium parviflorum Ducke",P l e u r o t h y r i u m p a r v i f l o r u m D u c k e,P
FP4,1b,3121,Rinorea viridifolia Rusby,R i n o r e a v i r i d i f o l i a R u s b y,R
FP4,1b,320,Gustavia longifolia O.Berg,G u s t a v i a l o n g i f o l i a O . B e r g,G
FP4,1b,321,Iriartea deltoidea Ruiz & Pav.,I r i a r t e a d e l t o i d e a R u i z & P a v .,I
FP4,1b,322,Brosimum alicastrum Sw.,B r o s i m u m a l i c a s t r u m S w .,B
FP4,1b,1858,Metrodorea flavida K. Krause,M e t r o d o r e a f l a v i d a K . K r a u s e,M
FP4,1b,323,Pouteria macrophylla Eyma,P o u t e r i a m a c r o p h y l l a E y m a,P
FP4,1b,324,Apeiba glabra Aubl.,A p e i b a g l a b r a A u b l .,A
FP4,1b,325,Pseudobombax septenatum (Jacq.) Dugand,P s e u d o b o m b a x s e p t e n a t u m ( J a c q . ) D u g a n d,P
FP4,1b,1861,Jacaratia digitata (Poepp. & Endl.) Solms,J a c a r a t i a d i g i t a t a ( P o e p p . & E n d l . ) S o l m s,J
FP4,1b,1862,Inga sp2,I n g a s p 2,I
FP4,1b,327,Lunania parviflora Spruce ex Benth.,L u n a n i a p a r v i f l o r a S p r u c e e x B e n t h .,L
FP4,1b,328,"	
Otoba parvifolia (Markgr.) A.H.Gentry",O t o b a p a r v i f o l i a ( M a r k g r . ) A . H . G e n t r y,O
FP4,2a,3107,"	
Otoba parvifolia (Markgr.) A.H.Gentry",O t o b a p a r v i f o l i a ( M a r k g r . ) A . H . G e n t r y,O
FP4,2a,3108,Cecropia sp.,C e c r o p i a s p .,C
FP4,2a,332,Himatanthus articulatus (Vahl) Woodson,H i m a t a n t h u s a r t i c u l a t u s ( V a h l ) W o o d s o n,H
FP4,2a,336,Gustavia longifolia O.Berg,G u s t a v i a l o n g i f o l i a O . B e r g,G
FP4,2a,337,Ficus maxima Mill.,F i c u s m a x i m a M i l l .,F
FP4,2b,341,Iriartea deltoidea Ruiz & Pav.,I r i a r t e a d e l t o i d e a R u i z & P a v .,I
FP4,2b,343,Endlicheria formosa A.C.Sm.,E n d l i c h e r i a f o r m o s a A . C . S m .,E
FP4,2b,345,"	
Otoba parvifolia (Markgr.) A.H.Gentry",O t o b a p a r v i f o l i a ( M a r k g r . ) A . H . G e n t r y,O
FP4,2b,1863,Iriartea deltoidea Ruiz & Pav.,I r i a r t e a d e l t o i d e a R u i z & P a v .,I
FP4,2b,1864,Inga sp2,I n g a s p 2,I
FP4,2b,346,Theobroma cacao L.,T h e o b r o m a c a c a o L .,T
FP4,2b,347,Ocotea sp.,O c o t e a s p .,O
FP4,2b,348,"	
Otoba parvifolia (Markgr.) A.H.Gentry",O t o b a p a r v i f o l i a ( M a r k g r . ) A . H . G e n t r y,O
FP4,2b,349,Pseudobombax septenatum (Jacq.) Dugand,P s e u d o b o m b a x s e p t e n a t u m ( J a c q . ) D u g a n d,P
FP4,2b,350,"	
Otoba parvifolia (Markgr.) A.H.Gentry",O t o b a p a r v i f o l i a ( M a r k g r . ) A . H . G e n t r y,O
FP4,2b,351,"	
Otoba parvifolia (Markgr.) A.H.Gentry",O t o b a p a r v i f o l i a ( M a r k g r . ) A . H . G e n t r y,O
FP4,2b,352,Swartzia sp.,S w a r t z i a s p .,S
FP4,2b,353,Swartzia arborescens (Aubl.) Pittier,S w a r t z i a a r b o r e s c e n s ( A u b l . ) P i t t i e r,S
FP4,2b,354,"	
Talisia cerasina Radlk.",T a l i s i a c e r a s i n a R a d l k .,T
FP4,2b,355,"	
Pourouma cecropiifolia Mart.",P o u r o u m a c e c r o p i i f o l i a M a r t .,P
FP4,3a,1867,Pouteria sp.,P o u t e r i a s p .,P
FP4,3a,357,Sterculia apetala (Jacq.) H.Karst.,S t e r c u l i a a p e t a l a ( J a c q . ) H . K a r s t .,S
FP4,3a,358,Nectandra mollis (Kunth) Nees,N e c t a n d r a m o l l i s ( K u n t h ) N e e s,N
FP4,3a,359,Perebea guianensis Aubl.,P e r e b e a g u i a n e n s i s A u b l .,P
FP4,3a,361,Poulsenia armata (Miq.) Standl.,P o u l s e n i a a r m a t a ( M i q . ) S t a n d l .,P
FP4,3a,3111,Inga sp2,I n g a s p 2,I
FP4,3a,363,Otoba glycycarpa (Ducke) W.A.Rodrigues & T.S.Jaram.,O t o b a g l y c y c a r p a ( D u c k e ) W . A . R o d r i g u e s & T . S . J a r a m .,O
FP4,3b,367,Guarea kunthiana A.Juss.,G u a r e a k u n t h i a n a A . J u s s .,G
FP4,3b,368,Trichilia elegans A.Juss.,T r i c h i l i a e l e g a n s A . J u s s .,T
FP4,3b,369,Tapirira obtusa (Benth.) J.D.Mitch.,T a p i r i r a o b t u s a ( B e n t h . ) J . D . M i t c h .,T
FP4,3b,370,Guarea kunthiana A.Juss.,G u a r e a k u n t h i a n a A . J u s s .,G
FP4,3b,371,"	
Pterocarpus rohrii Vahl",P t e r o c a r p u s r o h r i i V a h l,P
FP4,3b,3109,"	
Lecointea peruviana Standl. ex J.F.Macbr.",L e c o i n t e a p e r u v i a n a S t a n d l . e x J . F . M a c b r .,L
FP4,3b,1868,Allophylus pilosus (J.F.Macbr.) A.H.Gentry,A l l o p h y l u s p i l o s u s ( J . F . M a c b r . ) A . H . G e n t r y,A
FP4,3b,372,"	
Otoba parvifolia (Markgr.) A.H.Gentry",O t o b a p a r v i f o l i a ( M a r k g r . ) A . H . G e n t r y,O
FP4,3b,1869,Ficus sp.,F i c u s s p .,F
FP4,3b,374,Otoba glycycarpa (Ducke) W.A.Rodrigues & T.S.Jaram.,O t o b a g l y c y c a r p a ( D u c k e ) W . A . R o d r i g u e s & T . S . J a r a m .,O
FP4,3b,1870,Poulsenia armata (Miq.) Standl.,P o u l s e n i a a r m a t a ( M i q . ) S t a n d l .,P
FP4,3b,378,Cabralea canjerana (Vell.) Mart.,C a b r a l e a c a n j e r a n a ( V e l l . ) M a r t .,C
FP4,3b,3110,Celtis schippii Standl.,C e l t i s s c h i p p i i S t a n d l .,C
FP4,3b,379,Protium amazonicum (Cuatrec.) Daly,P r o t i u m a m a z o n i c u m ( C u a t r e c . ) D a l y,P
FP4,3b,380,Dipteryx micrantha Harms,D i p t e r y x m i c r a n t h a H a r m s,D
FP4,3b,3112,Swartzia sp.,S w a r t z i a s p .,S
FP4,3b,3113,Celtis schippii Standl.,C e l t i s s c h i p p i i S t a n d l .,C
FP4,3b,2620,"	
Otoba parvifolia (Markgr.) A.H.Gentry",O t o b a p a r v i f o l i a ( M a r k g r . ) A . H . G e n t r y,O
FP4,3b,383,Erythrina ulei Harms,E r y t h r i n a u l e i H a r m s,E
FP4,4a,385,Iriartea deltoidea Ruiz & Pav.,I r i a r t e a d e l t o i d e a R u i z & P a v .,I
FP4,4a,386,Iriartea deltoidea Ruiz & Pav.,I r i a r t e a d e l t o i d e a R u i z & P a v .,I
FP4,4a,3114,Tapirira obtusa (Benth.) J.D.Mitch.,T a p i r i r a o b t u s a ( B e n t h . ) J . D . M i t c h .,T
FP4,4a,3115,Pourouma sp.,P o u r o u m a s p .,P
FP4,4a,3116,Pleurothyrium sp.,P l e u r o t h y r i u m s p .,P
FP4,4a,388,Tapirira obtusa (Benth.) J.D.Mitch.,T a p i r i r a o b t u s a ( B e n t h . ) J . D . M i t c h .,T
FP4,4a,389,Guarea macrophylla Vahl,G u a r e a m a c r o p h y l l a V a h l,G
FP4,4a,390,Guarea macrophylla Vahl,G u a r e a m a c r o p h y l l a V a h l,G
FP4,4a,392,"	
Matisia bicolor Ducke",M a t i s i a b i c o l o r D u c k e,M
FP4,4a,3119,Trema sp,T r e m a s p,T
FP4,4a,394,Himatanthus articulatus (Vahl) Woodson,H i m a t a n t h u s a r t i c u l a t u s ( V a h l ) W o o d s o n,H
FP4,4a,395,Nectandra mollis (Kunth) Nees,N e c t a n d r a m o l l i s ( K u n t h ) N e e s,N
FP4,4a,1873,Pouteria sp.,P o u t e r i a s p .,P
FP4,4b,397,"	
Trichilia solitudinis Harms",T r i c h i l i a s o l i t u d i n i s H a r m s,T
FP4,4b,398,Iriartea deltoidea Ruiz & Pav.,I r i a r t e a d e l t o i d e a R u i z & P a v .,I
FP4,4b,399,Inga sp.,I n g a s p .,I
FP4,4b,3117,Cabralea canjerana (Vell.) Mart.,C a b r a l e a c a n j e r a n a ( V e l l . ) M a r t .,C
FP4,4b,3118,Pseudobombax septenatum (Jacq.) Dugand,P s e u d o b o m b a x s e p t e n a t u m ( J a c q . ) D u g a n d,P
FP4,4b,342A,Swartzia arborescens (Aubl.) Pittier,S w a r t z i a a r b o r e s c e n s ( A u b l . ) P i t t i e r,S
FP4,4b,,Acacia loretensis J.F.Macbr.,A c a c i a l o r e t e n s i s J . F . M a c b r .,A
FP6,a,3897,"	
Otoba parvifolia (Markgr.) A.H.Gentry",O t o b a p a r v i f o l i a ( M a r k g r . ) A . H . G e n t r y,O
FP6,a,3898,Endlicheria sp.,E n d l i c h e r i a s p .,E
FP6,a,3800,Astrocaryum murumuru Mart.,A s t r o c a r y u m m u r u m u r u M a r t .,A
FP6,a,3802,Astrocaryum murumuru Mart.,A s t r o c a r y u m m u r u m u r u M a r t .,A
FP6,a,3803,"	
Otoba parvifolia (Markgr.) A.H.Gentry",O t o b a p a r v i f o l i a ( M a r k g r . ) A . H . G e n t r y,O
FP6,a,3804,Iriartea deltoidea Ruiz & Pav.,I r i a r t e a d e l t o i d e a R u i z & P a v .,I
FP6,a,3805,Hura crepitans L.,H u r a c r e p i t a n s L .,H
FP6,a,3806,Tabernaemontana sp.,T a b e r n a e m o n t a n a s p .,T
FP6,a,3807,Inga sp2,I n g a s p 2,I
FP6,a,3808,Pourouma sp.,P o u r o u m a s p .,P
FP6,a,3809,Trichilia sp.,T r i c h i l i a s p .,T
FP6,a,3810,Guatteria sp.,G u a t t e r i a s p .,G
FP6,a,3811,Otoba parvifolia (Markgr.) A.H.Gentry,O t o b a p a r v i f o l i a ( M a r k g r . ) A . H . G e n t r y,O
FP6,a,3812,Ficus sp.,F i c u s s p .,F
FP6,a,3813,Pourouma sp.,P o u r o u m a s p .,P
FP6,a,3814,Guarea guidonia (L.) Sleumer,G u a r e a g u i d o n i a ( L . ) S l e u m e r,G
FP6,a,3815,Nectandra sp.,N e c t a n d r a s p .,N
FP6,a,3816,Pourouma sp.,P o u r o u m a s p .,P
FP6,a,3817,Cecropia sp.,C e c r o p i a s p .,C
FP6,a,3818,"	
Matisia malacocalyx (A.Robyns & S.Nilsson) W.S.Alverson",M a t i s i a m a l a c o c a l y x ( A . R o b y n s & S . N i l s s o n ) W . S . A l v e r s o n,M
FP6,a,3819,"	
Rollinia pittieri Saff.",R o l l i n i a p i t t i e r i S a f f .,R
FP6,a,3820,Erythrina poeppigiana (Walp.) O.F.Cook,E r y t h r i n a p o e p p i g i a n a ( W a l p . ) O . F . C o o k,E
FP6,a,3821,Astrocaryum murumuru Mart.,A s t r o c a r y u m m u r u m u r u M a r t .,A
FP6,a,3822,Pseudobombax septenatum (Jacq.) Dugand,P s e u d o b o m b a x s e p t e n a t u m ( J a c q . ) D u g a n d,P
FP6,a,3825,,Indeterminado,Indeterminado
FP6,a,,Pouroma sp.,P o u r o m a s p .,P
FP6,a,3826,Erythrina ulei Harms,E r y t h r i n a u l e i H a r m s,E
FP6,a,3827,Guarea guidonia (L.) Sleumer,G u a r e a g u i d o n i a ( L . ) S l e u m e r,G
FP6,a,3828,Inga sp2,I n g a s p 2,I
FP6,a,3829,Inga sp2,I n g a s p 2,I
FP6,a,3830,Pseudolmedia sp.,P s e u d o l m e d i a s p .,P
FP6,a,3831,Pseudobombax septenatum (Jacq.) Dugand,P s e u d o b o m b a x s e p t e n a t u m ( J a c q . ) D u g a n d,P
FP6,a,3832,Guarea guidonia (L.) Sleumer,G u a r e a g u i d o n i a ( L . ) S l e u m e r,G
FP6,a,3833,Matisia malacocalyx (A.Robyns & S.Nilsson) W.S.Alverson,M a t i s i a m a l a c o c a l y x ( A . R o b y n s & S . N i l s s o n ) W . S . A l v e r s o n,M
FP6,a,3834,"	
Guarea kunthiana A.Juss.",G u a r e a k u n t h i a n a A . J u s s .,G
FP6,a,3835,Celtis schippii Standl.,C e l t i s s c h i p p i i S t a n d l .,C
FP6,a,3836,Poulsenia armata (Miq.) Standl.,P o u l s e n i a a r m a t a ( M i q . ) S t a n d l .,P
FP6,a,3837,Guatteria sp.,G u a t t e r i a s p .,G
FP6,a,,Allophylus pilosus (J.F.Macbr.) A.H.Gentry,A l l o p h y l u s p i l o s u s ( J . F . M a c b r . ) A . H . G e n t r y,A
FP6,a,3838,Unonopsis sp.,U n o n o p s i s s p .,U
FP6,a,3839,"	
Guarea kunthiana A.Juss.",G u a r e a k u n t h i a n a A . J u s s .,G
FP6,b,3840,Celtis schippii Standl.,C e l t i s s c h i p p i i S t a n d l .,C
FP6,b,3841,Poulsenia armata (Miq.) Standl.,P o u l s e n i a a r m a t a ( M i q . ) S t a n d l .,P
FP6,b,3842,"	
Otoba parvifolia (Markgr.) A.H.Gentry",O t o b a p a r v i f o l i a ( M a r k g r . ) A . H . G e n t r y,O
FP6,b,3843,Iriartea deltoidea Ruiz & Pav.,I r i a r t e a d e l t o i d e a R u i z & P a v .,I
FP6,b,3844,,Indeterminado,Indeterminado
FP6,b,3845,Trichilia sp.,T r i c h i l i a s p .,T
FP6,b,3846,Guarea guidonia (L.) Sleumer,G u a r e a g u i d o n i a ( L . ) S l e u m e r,G
FP6,b,3847,Nectandra sp.,N e c t a n d r a s p .,N
FP6,b,3848,,Indeterminado,Indeterminado
FP6,b,3849,Iriartea deltoidea Ruiz & Pav.,I r i a r t e a d e l t o i d e a R u i z & P a v .,I
FP6,b,3850,"	
Otoba parvifolia (Markgr.) A.H.Gentry",O t o b a p a r v i f o l i a ( M a r k g r . ) A . H . G e n t r y,O
FP6,b,3851,Celtis schippii Standl.,C e l t i s s c h i p p i i S t a n d l .,C
FP6,b,3852,Pseudobombax septenatum (Jacq.) Dugand,P s e u d o b o m b a x s e p t e n a t u m ( J a c q . ) D u g a n d,P
FP6,b,3853,Nectandra sp.,N e c t a n d r a s p .,N
FP6,b,3854,Pseudobombax septenatum (Jacq.) Dugand,P s e u d o b o m b a x s e p t e n a t u m ( J a c q . ) D u g a n d,P
FP6,b,3855,Celtis schippii Standl.,C e l t i s s c h i p p i i S t a n d l .,C
FP6,b,3856,,Indeterminado,Indeterminado
FP6,b,3857,Guarea guidonia (L.) Sleumer,G u a r e a g u i d o n i a ( L . ) S l e u m e r,G
FP6,b,3858,Jacaratia digitata (Poepp. & Endl.) Solms,J a c a r a t i a d i g i t a t a ( P o e p p . & E n d l . ) S o l m s,J
FP6,b,,Tabernaemontana sp.,T a b e r n a e m o n t a n a s p .,T
FP6,b,3859,Pourouma sp.,P o u r o u m a s p .,P
FP6,b,3860,,Indeterminado,Indeterminado
FP6,b,3861,Nectandra sp.,N e c t a n d r a s p .,N
FP6,b,3862,Poulsenia armata (Miq.) Standl.,P o u l s e n i a a r m a t a ( M i q . ) S t a n d l .,P
FP6,b,3863,Pourouma sp.,P o u r o u m a s p .,P
FP6,b,3864,Cecropia sp.,C e c r o p i a s p .,C
FP6,b,3865,Coccoloba sp.,C o c c o l o b a s p .,C
FP6,b,3866,Iriartea deltoidea Ruiz & Pav.,I r i a r t e a d e l t o i d e a R u i z & P a v .,I
FP6,b,3867,Rollinia pittieri Saff.,R o l l i n i a p i t t i e r i S a f f .,R
FP6,b,3868,Cecropia sp.,C e c r o p i a s p .,C
FP6,b,3869,Acacia loretensis J.F.Macbr.,A c a c i a l o r e t e n s i s J . F . M a c b r .,A
FP6,b,3870,"	
Pourouma cecropiifolia Mart.",P o u r o u m a c e c r o p i i f o l i a M a r t .,P
FP6,b,3871,Guarea guidonia (L.) Sleumer,G u a r e a g u i d o n i a ( L . ) S l e u m e r,G
FP6,b,3872,Guarea guidonia (L.) Sleumer,G u a r e a g u i d o n i a ( L . ) S l e u m e r,G
FP6,b,3873,"	
Matisia malacocalyx (A.Robyns & S.Nilsson) W.S.Alverson",M a t i s i a m a l a c o c a l y x ( A . R o b y n s & S . N i l s s o n ) W . S . A l v e r s o n,M
FP6,b,3874,"	
Rollinia pittieri Saff.",R o l l i n i a p i t t i e r i S a f f .,R
FP6,b,3875,Astrocaryum murumuru Mart.,A s t r o c a r y u m m u r u m u r u M a r t .,A
FP6,b,3876,"	
Rollinia pittieri Saff.",R o l l i n i a p i t t i e r i S a f f .,R
FP6,b,3877,Porcelia nitidifolia Ruiz & Pav.,P o r c e l i a n i t i d i f o l i a R u i z & P a v .,P
FP6,b,3878,Pourouma sp.,P o u r o u m a s p .,P
FP6,b,3879,Ficus sp.,F i c u s s p .,F
FP6,b,3880,Ficus sp.,F i c u s s p .,F
FP6,b,3881,Guarea guidonia (L.) Sleumer,G u a r e a g u i d o n i a ( L . ) S l e u m e r,G
FP6,b,3882,Cordia sp.,C o r d i a s p .,C
FP6,b,3883,Cabralea canjerana (Vell.) Mart.,C a b r a l e a c a n j e r a n a ( V e l l . ) M a r t .,C
FP6,b,3884,Pourouma sp.,P o u r o u m a s p .,P
FP6,b,3885,Himatanthus articulatus (Vahl) Woodson,H i m a t a n t h u s a r t i c u l a t u s ( V a h l ) W o o d s o n,H
FP6,b,3886,Acacia loretensis J.F.Macbr.,A c a c i a l o r e t e n s i s J . F . M a c b r .,A
FP6,b,3887,Astrocaryum murumuru Mart.,A s t r o c a r y u m m u r u m u r u M a r t .,A
FP6,b,3888,"	
Rollinia pittieri Saff.",R o l l i n i a p i t t i e r i S a f f .,R
FP6,b,3889,Iriartea deltoidea Ruiz & Pav.,I r i a r t e a d e l t o i d e a R u i z & P a v .,I
FP6,b,3890,Tabernaemontana sp.,T a b e r n a e m o n t a n a s p .,T
FP6,b,3891,"	
Triplaris americana L.",T r i p l a r i s a m e r i c a n a L .,T
FP6,b,3892,Iriartea deltoidea Ruiz & Pav.,I r i a r t e a d e l t o i d e a R u i z & P a v .,I
FP6,b,3893,"	
Rollinia pittieri Saff.",R o l l i n i a p i t t i e r i S a f f .,R
FP6,b,3894,Spondias sp.,S p o n d i a s s p .,S
FP6,b,3895,"	
Otoba parvifolia (Markgr.) A.H.Gentry",O t o b a p a r v i f o l i a ( M a r k g r . ) A . H . G e n t r y,O
FP6,b,3896,Pourouma sp.,P o u r o u m a s p .,P
FP6,b,3899,Iriartea deltoidea Ruiz & Pav.,I r i a r t e a d e l t o i d e a R u i z & P a v .,I
TF1,1a,501,Swartzia sp.,S w a r t z i a s p .,S
TF1,1a,502,Micropholis egensis (A.DC.) Pierre,M i c r o p h o l i s e g e n s i s ( A . D C . ) P i e r r e,M
TF1,1a,503,Cremastosperma sp.,C r e m a s t o s p e r m a s p .,C
TF1,1a,504,"	
Swartzia jorori Harms",S w a r t z i a j o r o r i H a r m s,S
TF1,1a,505,Cremastosperma sp.,C r e m a s t o s p e r m a s p .,C
TF1,1a,506,Aspidosperma nitidum Benth. ex Müll.Arg.,A s p i d o s p e r m a n i t i d u m B e n t h . e x M ü l l . A r g .,A
TF1,1a,510,Lonchocarpus cultratus (Vell.) A.M.G.Azevedo & H.C.Lima,L o n c h o c a r p u s c u l t r a t u s ( V e l l . ) A . M . G . A z e v e d o & H . C . L i m a,L
TF1,1a,3087,Inga sp2,I n g a s p 2,I
TF1,1a,508,Cabralea canjerana (Vell.) Mart.,C a b r a l e a c a n j e r a n a ( V e l l . ) M a r t .,C
TF1,1a,3093,Eschweilera andina (Rusby) J.F.Macbr.,E s c h w e i l e r a a n d i n a ( R u s b y ) J . F . M a c b r .,E
TF1,1a,3092,Socratea exorrhiza (Mart.) H.Wendl.,S o c r a t e a e x o r r h i z a ( M a r t . ) H . W e n d l .,S
TF1,1a,3091,Mabea piriri Aubl.,M a b e a p i r i r i A u b l .,M
TF1,1b,511,Dialium guianense (Aubl.) Sandwith,D i a l i u m g u i a n e n s e ( A u b l . ) S a n d w i t h,D
TF1,1b,,Sterculia chicomendesii E.L Taylor,S t e r c u l i a c h i c o m e n d e s i i E . L T a y l o r,S
TF1,1b,,Pseudobombax septenatum (Jacq.) Dugand,P s e u d o b o m b a x s e p t e n a t u m ( J a c q . ) D u g a n d,P
TF1,1b,512,Pouteria procera (Mart.) K.Hammer,P o u t e r i a p r o c e r a ( M a r t . ) K . H a m m e r,P
TF1,1b,3089,Mabea piriri Aubl.,M a b e a p i r i r i A u b l .,M
TF1,1b,3090,Naucleopsis sp.,N a u c l e o p s i s s p .,N
TF1,1b,514,Drypetes gentryi Monach.,D r y p e t e s g e n t r y i M o n a c h .,D
TF1,1b,515,Leonia crassa L.B.Sm. & A.Fernández,L e o n i a c r a s s a L . B . S m . & A . F e r n á n d e z,L
TF1,1b,516,Socratea exorrhiza (Mart.) H.Wendl.,S o c r a t e a e x o r r h i z a ( M a r t . ) H . W e n d l .,S
TF1,1b,517,Cordia ucayaliensis (I.M.Johnst.) I.M.Johnst.,C o r d i a u c a y a l i e n s i s ( I . M . J o h n s t . ) I . M . J o h n s t .,C
TF1,1b,2623,Guarea guidonia (L.) Sleumer,G u a r e a g u i d o n i a ( L . ) S l e u m e r,G
TF1,2a,3082,Perebea sp.,P e r e b e a s p .,P
TF1,2a,521,Tabernaemontana cymosa Jacq.,T a b e r n a e m o n t a n a c y m o s a J a c q .,T
TF1,2a,522,"	
Perebea mollis (Poepp. & Endl.) Huber",P e r e b e a m o l l i s ( P o e p p . & E n d l . ) H u b e r,P
TF1,2a,525,Socratea exorrhiza (Mart.) H.Wendl.,S o c r a t e a e x o r r h i z a ( M a r t . ) H . W e n d l .,S
TF1,2a,3083,Ormosia sp.,O r m o s i a s p .,O
TF1,2a,3075,Eschweilera andina (Rusby) J.F.Macbr.,E s c h w e i l e r a a n d i n a ( R u s b y ) J . F . M a c b r .,E
TF1,2a,2171,"	
Rollinia pittieri Saff.",R o l l i n i a p i t t i e r i S a f f .,R
TF1,2b,2177,Socratea exorrhiza (Mart.) H.Wendl.,S o c r a t e a e x o r r h i z a ( M a r t . ) H . W e n d l .,S
TF1,2b,,Pouteria sp. ,P o u t e r i a s p .,P
TF1,2b,2176,Inga sp2,I n g a s p 2,I
TF1,2b,2175,Pouteria sp.,P o u t e r i a s p .,P
TF1,2b,528,Erythrina ulei Harms,E r y t h r i n a u l e i H a r m s,E
TF1,2b,,NN,N N,N
TF1,2b,529,Erythrina ulei Harms,E r y t h r i n a u l e i H a r m s,E
TF1,2b,3078,Dendropanax arboreus (L.) Decne. & Planch.,D e n d r o p a n a x a r b o r e u s ( L . ) D e c n e . & P l a n c h .,D
TF1,2a,3085,Naucleopsis sp.,N a u c l e o p s i s s p .,N
TF1,2b,3080,Tabernaemontana sp.,T a b e r n a e m o n t a n a s p .,T
TF1,2b,3076,Cordia sp.,C o r d i a s p .,C
TF1,2b,3077,Naucleopsis sp.,N a u c l e o p s i s s p .,N
TF1,2b,3079,Perebea sp.,P e r e b e a s p .,P
TF1,2b,536,Dendropanax arboreus (L.) Decne. & Planch.,D e n d r o p a n a x a r b o r e u s ( L . ) D e c n e . & P l a n c h .,D
TF1,2b,3074,Ocotea sp.,O c o t e a s p .,O
TF1,3b,537,"	
Perebea mollis (Poepp. & Endl.) Huber",P e r e b e a m o l l i s ( P o e p p . & E n d l . ) H u b e r,P
TF1,3a,,Socratea exorrhiza (Mart.) H.Wendl.,S o c r a t e a e x o r r h i z a ( M a r t . ) H . W e n d l .,S
TF1,3a,539,Himatanthus articulatus (Vahl) Woodson,H i m a t a n t h u s a r t i c u l a t u s ( V a h l ) W o o d s o n,H
TF1,3b,544,Huberodendron swietenioides (Gleason) Ducke,H u b e r o d e n d r o n s w i e t e n i o i d e s ( G l e a s o n ) D u c k e,H
TF1,3b,3073,"	
Sparattosperma leucanthum (Vell.) K.Schum.",S p a r a t t o s p e r m a l e u c a n t h u m ( V e l l . ) K . S c h u m .,S
TF1,3b,2164,,Indeterminado,Indeterminado
TF1,3b,547,Erythrina ulei Harms,E r y t h r i n a u l e i H a r m s,E
TF1,3b,548,Pseudobombax septenatum (Jacq.) Dugand,P s e u d o b o m b a x s e p t e n a t u m ( J a c q . ) D u g a n d,P
TF1,3a,,Mabea piriri Aubl.,M a b e a p i r i r i A u b l .,M
TF1,4a,551,Guarea gomma Pulle,G u a r e a g o m m a P u l l e,G
TF1,4a,2160,Pouteria sp.,P o u t e r i a s p .,P
TF1,4a,2628,Socratea exorrhiza (Mart.) H.Wendl.,S o c r a t e a e x o r r h i z a ( M a r t . ) H . W e n d l .,S
TF1,4a,554,"	
Sparattosperma leucanthum (Vell.) K.Schum.",S p a r a t t o s p e r m a l e u c a n t h u m ( V e l l . ) K . S c h u m .,S
TF1,4a,3070,Neea sp.,N e e a s p .,N
TF1,4a,555,Coccoloba colombiana R.A.Howard,C o c c o l o b a c o l o m b i a n a R . A . H o w a r d,C
TF1,4b,3071,Lonchocarpus cultratus (Vell.) A.M.G.Azevedo & H.C.Lima,L o n c h o c a r p u s c u l t r a t u s ( V e l l . ) A . M . G . A z e v e d o & H . C . L i m a,L
TF1,4b,559,Pouteria pariry (Ducke) Baehni,P o u t e r i a p a r i r y ( D u c k e ) B a e h n i,P
TF1,5a,2159,Neea sp.,N e e a s p .,N
TF1,5a,2629,Norantea guianensis Aubl.,N o r a n t e a g u i a n e n s i s A u b l .,N
TF1,5a,563,Eschweilera andina (Rusby) J.F.Macbr.,E s c h w e i l e r a a n d i n a ( R u s b y ) J . F . M a c b r .,E
TF1,5a,564,Hymenaea courbaril L.,H y m e n a e a c o u r b a r i l L .,H
TF1,5a,566,Homalolepis paraensis (Ducke) Devecchi & Pirani,H o m a l o l e p i s p a r a e n s i s ( D u c k e ) D e v e c c h i & P i r a n i,H
TF1,5a,567,Dendropanax arboreus (L.) Decne. & Planch.,D e n d r o p a n a x a r b o r e u s ( L . ) D e c n e . & P l a n c h .,D
TF1,5a,568,Leonia crassa L.B.Sm. & A.Fernández,L e o n i a c r a s s a L . B . S m . & A . F e r n á n d e z,L
TF1,5a,569,Guarea gomma Pulle,G u a r e a g o m m a P u l l e,G
TF1,5a,2156,Socratea exorrhiza (Mart.) H.Wendl.,S o c r a t e a e x o r r h i z a ( M a r t . ) H . W e n d l .,S
TF1,5b,,Eschweilera andina (Rusby) J.F.Macbr.,E s c h w e i l e r a a n d i n a ( R u s b y ) J . F . M a c b r .,E
TF1,5b,2158,Matisia malacocalyx (A.Robyns & S.Nilsson) W.S.Alverson,M a t i s i a m a l a c o c a l y x ( A . R o b y n s & S . N i l s s o n ) W . S . A l v e r s o n,M
TF1,5b,572,echweilera ,e c h w e i l e r a,e
TF1,5b,2157,Socratea exorrhiza (Mart.) H.Wendl.,S o c r a t e a e x o r r h i z a ( M a r t . ) H . W e n d l .,S
TF1,5b,,Bactris gasipaes Kunth,B a c t r i s g a s i p a e s K u n t h,B
TF1,5b,573,Pseudobombax septenatum (Jacq.) Dugand,P s e u d o b o m b a x s e p t e n a t u m ( J a c q . ) D u g a n d,P
TF1,5b,2155,Socratea exorrhiza (Mart.) H.Wendl.,S o c r a t e a e x o r r h i z a ( M a r t . ) H . W e n d l .,S
TF1,5b,574,Socratea exorrhiza (Mart.) H.Wendl.,S o c r a t e a e x o r r h i z a ( M a r t . ) H . W e n d l .,S
TF1,5b,576,Dendropanax arboreus (L.) Decne. & Planch.,D e n d r o p a n a x a r b o r e u s ( L . ) D e c n e . & P l a n c h .,D
TF1,6a,2153,Socratea exorrhiza (Mart.) H.Wendl.,S o c r a t e a e x o r r h i z a ( M a r t . ) H . W e n d l .,S
TF1,6a,,Cedrela fissilis Vell.,C e d r e l a f i s s i l i s V e l l .,C
TF1,6a,577,Sterculia chicomendesii E.L.Taylor,S t e r c u l i a c h i c o m e n d e s i i E . L . T a y l o r,S
TF1,6a,578,Guarea ecuadoriensis W.Palacios,G u a r e a e c u a d o r i e n s i s W . P a l a c i o s,G
TF1,6a,579,Pseudolmedia sp.,P s e u d o l m e d i a s p .,P
TF1,6a,580,Pouteria sp.,P o u t e r i a s p .,P
TF1,6a,581,Swartzia sp.,S w a r t z i a s p .,S
TF1,6a,,Pouroma sp.,P o u r o m a s p .,P
TF1,6b,3069,Guatteria sp.,G u a t t e r i a s p .,G
TF1,6b,585,Mabea piriri Aubl.,M a b e a p i r i r i A u b l .,M
TF1,6b,3067,Sterculia chicomendesii E.L.Taylor,S t e r c u l i a c h i c o m e n d e s i i E . L . T a y l o r,S
TF1,6b,3068,Guarea guidonia (L.) Sleumer,G u a r e a g u i d o n i a ( L . ) S l e u m e r,G
TF1,6b,588,Eschweilera andina (Rusby) J.F.Macbr.,E s c h w e i l e r a a n d i n a ( R u s b y ) J . F . M a c b r .,E
TF1,6b,589,Hymenaea courbaril L.,H y m e n a e a c o u r b a r i l L .,H
TF1,6b,,Cabralea canjerana (Vell.) Mart.,C a b r a l e a c a n j e r a n a ( V e l l . ) M a r t .,C
TF1,6b,3066,Pouteria sp.,P o u t e r i a s p .,P
TF1,6a,3100,Matisia malacocalyx (A.Robyns & S.Nilsson) W.S.Alverson,M a t i s i a m a l a c o c a l y x ( A . R o b y n s & S . N i l s s o n ) W . S . A l v e r s o n,M
TF1,6a,3101,Pseudobombax septenatum (Jacq.) Dugand,P s e u d o b o m b a x s e p t e n a t u m ( J a c q . ) D u g a n d,P
TF1,6a,597,,Indeterminado,Indeterminado
TF1,6b,,Eschweilera andina (Rusby) J.F.Macbr.,E s c h w e i l e r a a n d i n a ( R u s b y ) J . F . M a c b r .,E
TF1,6a,598,Socratea exorrhiza (Mart.) H.Wendl.,S o c r a t e a e x o r r h i z a ( M a r t . ) H . W e n d l .,S
TF1,6b,599,"	
Sparattosperma leucanthum (Vell.) K.Schum.",S p a r a t t o s p e r m a l e u c a n t h u m ( V e l l . ) K . S c h u m .,S
TF1,6b,600,Himatanthus articulatus (Vahl) Woodson,H i m a t a n t h u s a r t i c u l a t u s ( V a h l ) W o o d s o n,H
TF1,6b,,Cabralea canjerana (Vell.) Mart.,C a b r a l e a c a n j e r a n a ( V e l l . ) M a r t .,C
TF1,6b,3065,Pseudobombax septenatum (Jacq.) Dugand,P s e u d o b o m b a x s e p t e n a t u m ( J a c q . ) D u g a n d,P
TF2,1a,602,Pseudosenefeldera inclinata (Müll.Arg.) Esser,P s e u d o s e n e f e l d e r a i n c l i n a t a ( M ü l l . A r g . ) E s s e r,P
TF2,1a,3164,Hevea guianensis Aubl.,H e v e a g u i a n e n s i s A u b l .,H
TF2,1a,3165,Protium stevensonii (Standl.) Daly,P r o t i u m s t e v e n s o n i i ( S t a n d l . ) D a l y,P
TF2,1a,,Ocotea sp.,O c o t e a s p .,O
TF2,1a,3166,Socratea exorrhiza (Mart.) H.Wendl.,S o c r a t e a e x o r r h i z a ( M a r t . ) H . W e n d l .,S
TF2,1a,603,Calycolpus sp.,C a l y c o l p u s s p .,C
TF2,1a,604,Mabea piriri Aubl.,M a b e a p i r i r i A u b l .,M
TF2,1a,3160,Huberodendron swietenioides (Gleason) Ducke,H u b e r o d e n d r o n s w i e t e n i o i d e s ( G l e a s o n ) D u c k e,H
TF2,1a,3161,Perebea sp.,P e r e b e a s p .,P
TF2,1a,3162,Amaioua corymbosa Kunth,A m a i o u a c o r y m b o s a K u n t h,A
TF2,1a,3163,Euterpe precatoria Mart.,E u t e r p e p r e c a t o r i a M a r t .,E
TF2,1a,607,"	
Pourouma minor Benoist",P o u r o u m a m i n o r B e n o i s t,P
TF2,1a,608,Nealchornea yapurensis Huber,N e a l c h o r n e a y a p u r e n s i s H u b e r,N
TF2,1a,609,Pseudosenefeldera inclinata (Müll.Arg.) Esser,P s e u d o s e n e f e l d e r a i n c l i n a t a ( M ü l l . A r g . ) E s s e r,P
TF2,1a,610,Ocotea camphoromoea Rohwer,O c o t e a c a m p h o r o m o e a R o h w e r,O
TF2,1a,2193,Euterpe precatoria Mart.,E u t e r p e p r e c a t o r i a M a r t .,E
TF2,1a,611,Ocotea sp.,O c o t e a s p .,O
TF2,1a,3158,Tachigali setifera (Ducke) Zarucchi & Herend.,T a c h i g a l i s e t i f e r a ( D u c k e ) Z a r u c c h i & H e r e n d .,T
TF2,1a,3159,Euterpe precatoria Mart.,E u t e r p e p r e c a t o r i a M a r t .,E
TF2,1b,613,Pseudosenefeldera inclinata (Müll.Arg.) Esser,P s e u d o s e n e f e l d e r a i n c l i n a t a ( M ü l l . A r g . ) E s s e r,P
TF2,1b,614,Copaifera reticulata Ducke,C o p a i f e r a r e t i c u l a t a D u c k e,C
TF2,1b,617,Pouteria sp.,P o u t e r i a s p .,P
TF2,1b,618,Pseudosenefeldera inclinata (Müll.Arg.) Esser,P s e u d o s e n e f e l d e r a i n c l i n a t a ( M ü l l . A r g . ) E s s e r,P
TF2,1b,619,Protium stevensonii (Standl.) Daly,P r o t i u m s t e v e n s o n i i ( S t a n d l . ) D a l y,P
TF2,1b,620,Naucleopsis sp.,N a u c l e o p s i s s p .,N
TF2,1b,621,Nealchornea yapurensis Huber,N e a l c h o r n e a y a p u r e n s i s H u b e r,N
TF2,1b,622,Pseudosenefeldera inclinata (Müll.Arg.) Esser,P s e u d o s e n e f e l d e r a i n c l i n a t a ( M ü l l . A r g . ) E s s e r,P
TF2,1b,623,Mabea piriri Aubl.,M a b e a p i r i r i A u b l .,M
TF2,1b,624,Hevea guianensis Aubl.,H e v e a g u i a n e n s i s A u b l .,H
TF2,2a,625,"	
Pourouma minor Benoist",P o u r o u m a m i n o r B e n o i s t,P
TF2,2a,627,"	
Trattinnickia aspera (Standl.) Swart",T r a t t i n n i c k i a a s p e r a ( S t a n d l . ) S w a r t,T
TF2,2a,,Virola sp.,V i r o l a s p .,V
TF2,2a,628,Hirtella excelsa Standl. ex Prance,H i r t e l l a e x c e l s a S t a n d l . e x P r a n c e,H
TF2,2a,629,Hevea guianensis Aubl.,H e v e a g u i a n e n s i s A u b l .,H
TF2,2b,631,Mabea piriri Aubl.,M a b e a p i r i r i A u b l .,M
TF2,2b,632,Ocotea camphoromoea Rohwer,O c o t e a c a m p h o r o m o e a R o h w e r,O
TF2,2b,3157,Matisia malacocalyx (A.Robyns & S.Nilsson) W.S.Alverson,M a t i s i a m a l a c o c a l y x ( A . R o b y n s & S . N i l s s o n ) W . S . A l v e r s o n,M
TF2,2b,634,Raritebe sp.,R a r i t e b e s p .,R
TF2,2b,635,Sterculia sp.,S t e r c u l i a s p .,S
TF2,2b,636,Huberodendron swietenioides (Gleason) Ducke,H u b e r o d e n d r o n s w i e t e n i o i d e s ( G l e a s o n ) D u c k e,H
TF2,2b,637,Pseudolmedia laevis (Ruiz & Pav.) J.F.Macbr.,P s e u d o l m e d i a l a e v i s ( R u i z & P a v . ) J . F . M a c b r .,P
TF2,2b,638,Brosimum rubescens Taub.,B r o s i m u m r u b e s c e n s T a u b .,B
TF2,3b,640,Ocotea tessmannii O.C. Schmidt,O c o t e a t e s s m a n n i i O . C . S c h m i d t,O
TF2,3a,641,Iryanthera olacoides (A.C. Sm.) A.C. Sm.,I r y a n t h e r a o l a c o i d e s ( A . C . S m . ) A . C . S m .,I
TF2,3a,3156,Nealchornea yapurensis Huber,N e a l c h o r n e a y a p u r e n s i s H u b e r,N
TF2,3a,3155,Inga sp2,I n g a s p 2,I
TF2,3a,3154,Matisia malacocalyx (A.Robyns & S.Nilsson) W.S.Alverson,M a t i s i a m a l a c o c a l y x ( A . R o b y n s & S . N i l s s o n ) W . S . A l v e r s o n,M
TF2,3a,642,Protium stevensonii (Standl.) Daly,P r o t i u m s t e v e n s o n i i ( S t a n d l . ) D a l y,P
TF2,3a,644,Eugenia sp.,E u g e n i a s p .,E
TF2,3a,2086,Micropholis sp.,M i c r o p h o l i s s p .,M
TF2,3a,2185,Diploom,D i p l o o m,D
TF2,3a,648,Pouteria torta (Mart.) Radlk.,P o u t e r i a t o r t a ( M a r t . ) R a d l k .,P
TF2,3a,2084,Pseudosenefeldera inclinata (Müll.Arg.) Esser,P s e u d o s e n e f e l d e r a i n c l i n a t a ( M ü l l . A r g . ) E s s e r,P
TF2,3a,650,Huberodendron swietenioides (Gleason) Ducke,H u b e r o d e n d r o n s w i e t e n i o i d e s ( G l e a s o n ) D u c k e,H
TF2,3a,2192,Virola sp.,V i r o l a s p .,V
TF2,3b,2190,Pourouma sp.,P o u r o u m a s p .,P
TF2,3b,652,Guatteria guentheri Diels,G u a t t e r i a g u e n t h e r i D i e l s,G
TF2,3b,2189,Tabernaemontana sp.,T a b e r n a e m o n t a n a s p .,T
TF2,3b,655,Virola calophylla (Spruce) Warb.,V i r o l a c a l o p h y l l a ( S p r u c e ) W a r b .,V
TF2,3b,656,Nealchornea yapurensis Huber,N e a l c h o r n e a y a p u r e n s i s H u b e r,N
TF2,3b,645,Iryanthera olacoides (A.C. Sm.) A.C. Sm.,I r y a n t h e r a o l a c o i d e s ( A . C . S m . ) A . C . S m .,I
TF2,3b,657,Guarea macrophylla Vahl,G u a r e a m a c r o p h y l l a V a h l,G
TF2,3b,658,Lonchocarpus cultratus (Vell.) A.M.G.Azevedo & H.C.Lima,L o n c h o c a r p u s c u l t r a t u s ( V e l l . ) A . M . G . A z e v e d o & H . C . L i m a,L
TF2,4a,661,Hevea guianensis Aubl.,H e v e a g u i a n e n s i s A u b l .,H
TF2,4a,662,Protium stevensonii (Standl.) Daly,P r o t i u m s t e v e n s o n i i ( S t a n d l . ) D a l y,P
TF2,4a,663,"	
Rollinia pittieri Saff.",R o l l i n i a p i t t i e r i S a f f .,R
TF2,4a,2183,Inga sp2,I n g a s p 2,I
TF2,4a,664,Pouteria sp.,P o u t e r i a s p .,P
TF2,4a,666,Perebea tessmannii Mildbr.,P e r e b e a t e s s m a n n i i M i l d b r .,P
TF2,4a,667,"	
Pourouma minor Benoist",P o u r o u m a m i n o r B e n o i s t,P
TF2,4a,668,Guapira sp.,G u a p i r a s p .,G
TF2,4a,2181,Ocotea sp.,O c o t e a s p .,O
TF2,4a,669,Tachigali setifera (Ducke) Zarucchi & Herend.,T a c h i g a l i s e t i f e r a ( D u c k e ) Z a r u c c h i & H e r e n d .,T
TF2,4a,670,Guapira sp.,G u a p i r a s p .,G
TF2,4a,671,Didymopanax morototoni (Aubl.) Decne. & Planch.,D i d y m o p a n a x m o r o t o t o n i ( A u b l . ) D e c n e . & P l a n c h .,D
TF2,4a,672,Nealchornea yapurensis Huber,N e a l c h o r n e a y a p u r e n s i s H u b e r,N
TF2,4a,673,Myrcia sp.,M y r c i a s p .,M
TF2,4a,3150,Cedrela fissilis Vell.,C e d r e l a f i s s i l i s V e l l .,C
TF2,4a,675,Guapira sp.,G u a p i r a s p .,G
TF2,4a,676,Guarea guidonia (L.) Sleumer,G u a r e a g u i d o n i a ( L . ) S l e u m e r,G
TF2,4a,677,Neea oppositifolia Ruiz & Pav.,N e e a o p p o s i t i f o l i a R u i z & P a v .,N
TF2,4b,679,Mabea piriri Aubl.,M a b e a p i r i r i A u b l .,M
TF2,4b,3153,Attalea phalerata Mart. ex Spreng.,A t t a l e a p h a l e r a t a M a r t . e x S p r e n g .,A
TF2,4b,682,Lonchocarpus cultratus (Vell.) A.M.G.Azevedo & H.C.Lima,L o n c h o c a r p u s c u l t r a t u s ( V e l l . ) A . M . G . A z e v e d o & H . C . L i m a,L
TF2,4b,3151,Pourouma sp.,P o u r o u m a s p .,P
TF2,4b,3152,Jacaranda copaia (Aubl.) D.Don,J a c a r a n d a c o p a i a ( A u b l . ) D . D o n,J
TF2,4b,2182,Virola sp.,V i r o l a s p .,V
TF2,4b,683,Guapira sp.,G u a p i r a s p .,G
TF2,4b,684,Guarea kunthiana A.Juss.,G u a r e a k u n t h i a n a A . J u s s .,G
TF2,4b,685,Qualea grandiflora Mart.,Q u a l e a g r a n d i f l o r a M a r t .,Q
TF2,4b,686,Ocotea sp.,O c o t e a s p .,O
TF2,4b,688,Sloanea sp.,S l o a n e a s p .,S
TF2,5a,689,Alchornea triplinervia (Spreng.) Müll.Arg.,A l c h o r n e a t r i p l i n e r v i a ( S p r e n g . ) M ü l l . A r g .,A
TF2,5a,691,Calycolpus sp.,C a l y c o l p u s s p .,C
TF2,5a,692,Dendropanax arboreus (L.) Decne. & Planch.,D e n d r o p a n a x a r b o r e u s ( L . ) D e c n e . & P l a n c h .,D
TF2,5b,693,Grias neuberthii J.F.Macbr.,G r i a s n e u b e r t h i i J . F . M a c b r .,G
TF2,5b,694,Socratea exorrhiza (Mart.) H.Wendl.,S o c r a t e a e x o r r h i z a ( M a r t . ) H . W e n d l .,S
TF2,5b,696,Siparuna decipiens (Tul.) A.DC.,S i p a r u n a d e c i p i e n s ( T u l . ) A . D C .,S
TF2,5b,697,Socratea exorrhiza (Mart.) H.Wendl.,S o c r a t e a e x o r r h i z a ( M a r t . ) H . W e n d l .,S
TF2,5b,698,Cedrela fissilis Vell.,C e d r e l a f i s s i l i s V e l l .,C
TF2,5b,699,Agonandra brasiliensis Miers ex Benth.,A g o n a n d r a b r a s i l i e n s i s M i e r s e x B e n t h .,A
TF2,5b,700,Miconia triplinervis Ruiz & Pav.,M i c o n i a t r i p l i n e r v i s R u i z & P a v .,M
TF2,5b,609A,Iryanthera olacoides (A.C. Sm.) A.C. Sm.,I r y a n t h e r a o l a c o i d e s ( A . C . S m . ) A . C . S m .,I
TF2,5b,664A,Mabea piriri Aubl.,M a b e a p i r i r i A u b l .,M
TF3,1a,3392,Naucleopsis sp.,N a u c l e o p s i s s p .,N
TF3,1a,3393,Pseudosenefeldera inclinata (Müll.Arg.) Esser,P s e u d o s e n e f e l d e r a i n c l i n a t a ( M ü l l . A r g . ) E s s e r,P
TF3,1a,3394,Pseudosenefeldera inclinata (Müll.Arg.) Esser,P s e u d o s e n e f e l d e r a i n c l i n a t a ( M ü l l . A r g . ) E s s e r,P
TF3,1a,3395,Eschweilera sp.,E s c h w e i l e r a s p .,E
TF3,1a,3396,Socratea exorrhiza (Mart.) H.Wendl.,S o c r a t e a e x o r r h i z a ( M a r t . ) H . W e n d l .,S
TF3,1a,3397,Iryanthera sp1,I r y a n t h e r a s p 1,I
TF3,1a,3398,Protium stevensonii (Standl.) Daly,P r o t i u m s t e v e n s o n i i ( S t a n d l . ) D a l y,P
TF3,1a,3399,Wettinia augusta Poepp. & Endl.,W e t t i n i a a u g u s t a P o e p p . & E n d l .,W
TF3,1a,3400,Pourouma sp.,P o u r o u m a s p .,P
TF3,1a,3401,"	
Matisia malacocalyx (A.Robyns & S.Nilsson) W.S.Alverson",M a t i s i a m a l a c o c a l y x ( A . R o b y n s & S . N i l s s o n ) W . S . A l v e r s o n,M
TF3,1a,3402,Euterpe precatoria Mart.,E u t e r p e p r e c a t o r i a M a r t .,E
TF3,1a,3403,Ormosia sp.,O r m o s i a s p .,O
TF3,1a,701,Licania tambopatensis Prance,L i c a n i a t a m b o p a t e n s i s P r a n c e,L
TF3,1a,702,"	
Sloanea terniflora (Moc. & Sessé ex DC.) Standl.",S l o a n e a t e r n i f l o r a ( M o c . & S e s s é e x D C . ) S t a n d l .,S
TF3,1a,704,Hirtella excelsa Standl. ex Prance,H i r t e l l a e x c e l s a S t a n d l . e x P r a n c e,H
TF3,1a,705,Lauraceae,L a u r a c e a e,L
TF3,1a,2252,Hevea guianensis Aubl.,H e v e a g u i a n e n s i s A u b l .,H
TF3,1a,708,Huberodendron swietenioides (Gleason) Ducke,H u b e r o d e n d r o n s w i e t e n i o i d e s ( G l e a s o n ) D u c k e,H
TF3,1a,710,Socratea exorrhiza (Mart.) H.Wendl.,S o c r a t e a e x o r r h i z a ( M a r t . ) H . W e n d l .,S
TF3,1a,3391,Perebea sp.,P e r e b e a s p .,P
TF3,1a,711,Helicostylis tomentosa (Poepp. & Endl.) J.F.Macbr.,H e l i c o s t y l i s t o m e n t o s a ( P o e p p . & E n d l . ) J . F . M a c b r .,H
TF3,1a,712,Iryanthera olacoides (A.C. Sm.) A.C. Sm.,I r y a n t h e r a o l a c o i d e s ( A . C . S m . ) A . C . S m .,I
TF3,1a,3390,Pourouma sp.,P o u r o u m a s p .,P
TF3,1a,714,Leonia ulei (Melch.) Byng & Christenh.,L e o n i a u l e i ( M e l c h . ) B y n g & C h r i s t e n h .,L
TF3,1a,715,Perebea tessmannii Mildbr.,P e r e b e a t e s s m a n n i i M i l d b r .,P
TF3,1b,3404,Virola sp.,V i r o l a s p .,V
TF3,1b,3405,Naucleopsis sp.,N a u c l e o p s i s s p .,N
TF3,1b,3406,Protium stevensonii (Standl.) Daly,P r o t i u m s t e v e n s o n i i ( S t a n d l . ) D a l y,P
TF3,1b,3407,,Indeterminado,Indeterminado
TF3,1b,3408,Pseudosenefeldera inclinata (Müll.Arg.) Esser,P s e u d o s e n e f e l d e r a i n c l i n a t a ( M ü l l . A r g . ) E s s e r,P
TF3,1b,3409,Pseudosenefeldera inclinata (Müll.Arg.) Esser,P s e u d o s e n e f e l d e r a i n c l i n a t a ( M ü l l . A r g . ) E s s e r,P
TF3,1b,3410,Eschweilera sp.,E s c h w e i l e r a s p .,E
TF3,1b,3411,Pouteria sp.,P o u t e r i a s p .,P
TF3,1b,716,Pseudosenefeldera inclinata (Müll.Arg.) Esser,P s e u d o s e n e f e l d e r a i n c l i n a t a ( M ü l l . A r g . ) E s s e r,P
TF3,1b,717,Leonia ulei (Melch.) Byng & Christenh.,L e o n i a u l e i ( M e l c h . ) B y n g & C h r i s t e n h .,L
TF3,1b,720,Nealchornea yapurensis Huber,N e a l c h o r n e a y a p u r e n s i s H u b e r,N
TF3,1b,725,Iryanthera olacoides (A.C. Sm.) A.C. Sm.,I r y a n t h e r a o l a c o i d e s ( A . C . S m . ) A . C . S m .,I
TF3,1b,,Brosimun sp.,B r o s i m u n s p .,B
TF3,1b,,Cecropia sp.,C e c r o p i a s p .,C
TF3,2a,728,Ecclinusa lanceolata (Mart. & Eichler ex Miq.) Pierre,E c c l i n u s a l a n c e o l a t a ( M a r t . & E i c h l e r e x M i q . ) P i e r r e,E
TF3,2a,3388,Wettinia augusta Poepp. & Endl.,W e t t i n i a a u g u s t a P o e p p . & E n d l .,W
TF3,2a,3387,Virola sp.,V i r o l a s p .,V
TF3,2a,730,Minquartia guianensis Aubl.,M i n q u a r t i a g u i a n e n s i s A u b l .,M
TF3,2a,733,Mabea piriri Aubl.,M a b e a p i r i r i A u b l .,M
TF3,2a,734,Eschweilera sp.,E s c h w e i l e r a s p .,E
TF3,2a,735,Astronium graveolens Jacq.,A s t r o n i u m g r a v e o l e n s J a c q .,A
TF3,2a,738,Pseudosenefeldera inclinata (Müll.Arg.) Esser,P s e u d o s e n e f e l d e r a i n c l i n a t a ( M ü l l . A r g . ) E s s e r,P
TF3,2b,739,Eschweilera andina (Rusby) J.F.Macbr.,E s c h w e i l e r a a n d i n a ( R u s b y ) J . F . M a c b r .,E
TF3,2b,3389,Dialium guianense (Aubl.) Sandwith,D i a l i u m g u i a n e n s e ( A u b l . ) S a n d w i t h,D
TF3,2b,740,Pseudosenefeldera inclinata (Müll.Arg.) Esser,P s e u d o s e n e f e l d e r a i n c l i n a t a ( M ü l l . A r g . ) E s s e r,P
TF3,2b,2255,Iryanthera sp1,I r y a n t h e r a s p 1,I
TF3,2b,742,Socratea exorrhiza (Mart.) H.Wendl.,S o c r a t e a e x o r r h i z a ( M a r t . ) H . W e n d l .,S
TF3,2b,743,Iryanthera olacoides (A.C. Sm.) A.C. Sm.,I r y a n t h e r a o l a c o i d e s ( A . C . S m . ) A . C . S m .,I
TF3,2b,744,Ecclinusa lanceolata (Mart. & Eichler ex Miq.) Pierre,E c c l i n u s a l a n c e o l a t a ( M a r t . & E i c h l e r e x M i q . ) P i e r r e,E
TF3,2b,745,Huberodendron swietenioides (Gleason) Ducke,H u b e r o d e n d r o n s w i e t e n i o i d e s ( G l e a s o n ) D u c k e,H
TF3,2b,3385,Pseudolmedia sp.,P s e u d o l m e d i a s p .,P
TF3,2b,3386,Leonia ulei (Melch.) Byng & Christenh.,L e o n i a u l e i ( M e l c h . ) B y n g & C h r i s t e n h .,L
TF3,2b,2256,Cedrelinga catenaeformis (Ducke) Ducke,C e d r e l i n g a c a t e n a e f o r m i s ( D u c k e ) D u c k e,C
TF3,2b,750,Pseudosenefeldera inclinata (Müll.Arg.) Esser,P s e u d o s e n e f e l d e r a i n c l i n a t a ( M ü l l . A r g . ) E s s e r,P
TF3,3a,751,Pseudosenefeldera inclinata (Müll.Arg.) Esser,P s e u d o s e n e f e l d e r a i n c l i n a t a ( M ü l l . A r g . ) E s s e r,P
TF3,3a,3383,Virola sp.,V i r o l a s p .,V
TF3,3a,2246,Acacia loretensis J.F.Macbr.,A c a c i a l o r e t e n s i s J . F . M a c b r .,A
TF3,3a,2245,Guatteria sp.,G u a t t e r i a s p .,G
TF3,3a,756,Inga alba (Sw.) Willd.,I n g a a l b a ( S w . ) W i l l d .,I
TF3,3a,3382,Inga sp2,I n g a s p 2,I
TF3,3a,2244,Homalolepis paraensis (Ducke) Devecchi & Pirani,H o m a l o l e p i s p a r a e n s i s ( D u c k e ) D e v e c c h i & P i r a n i,H
TF3,3b,759,Pseudosenefeldera inclinata (Müll.Arg.) Esser,P s e u d o s e n e f e l d e r a i n c l i n a t a ( M ü l l . A r g . ) E s s e r,P
TF3,3b,760,Virola calophylla (Spruce) Warb.,V i r o l a c a l o p h y l l a ( S p r u c e ) W a r b .,V
TF3,3b,2243,Socratea exorrhiza (Mart.) H.Wendl.,S o c r a t e a e x o r r h i z a ( M a r t . ) H . W e n d l .,S
TF3,4a,2238,Symphonia globulifera L.f.,S y m p h o n i a g l o b u l i f e r a L . f .,S
TF3,4a,2237,"	
Roucheria punctata (Ducke) Ducke",R o u c h e r i a p u n c t a t a ( D u c k e ) D u c k e,R
TF3,4a,764,Pseudosenefeldera inclinata (Müll.Arg.) Esser,P s e u d o s e n e f e l d e r a i n c l i n a t a ( M ü l l . A r g . ) E s s e r,P
TF3,4a,765,Aspidosperma vargasii A.DC.,A s p i d o s p e r m a v a r g a s i i A . D C .,A
TF3,4a,3375,Pseudolmedia sp.,P s e u d o l m e d i a s p .,P
TF3,4a,3376,Virola sp.,V i r o l a s p .,V
TF3,4a,3377,Pourouma sp.,P o u r o u m a s p .,P
TF3,4a,3378,Huberodendron swietenioides (Gleason) Ducke,H u b e r o d e n d r o n s w i e t e n i o i d e s ( G l e a s o n ) D u c k e,H
TF3,4a,3379,"	
Sparattosperma leucanthum (Vell.) K.Schum.",S p a r a t t o s p e r m a l e u c a n t h u m ( V e l l . ) K . S c h u m .,S
TF3,4a,3380,Mabea piriri Aubl.,M a b e a p i r i r i A u b l .,M
TF3,4a,,Pseudobombax septenatum (Jacq.) Dugand,P s e u d o b o m b a x s e p t e n a t u m ( J a c q . ) D u g a n d,P
TF3,4b,2241,Socratea exorrhiza (Mart.) H.Wendl.,S o c r a t e a e x o r r h i z a ( M a r t . ) H . W e n d l .,S
TF3,4b,771,"	
Pourouma minor Benoist",P o u r o u m a m i n o r B e n o i s t,P
TF3,4b,774,Pseudosenefeldera inclinata (Müll.Arg.) Esser,P s e u d o s e n e f e l d e r a i n c l i n a t a ( M ü l l . A r g . ) E s s e r,P
TF3,4b,775,Protium stevensonii (Standl.) Daly,P r o t i u m s t e v e n s o n i i ( S t a n d l . ) D a l y,P
TF3,4b,776,Pseudolmedia sp.,P s e u d o l m e d i a s p .,P
TF3,4b,3374,Brosimum sp.,B r o s i m u m s p .,B
TF3,4b,,Casearia sp.,C a s e a r i a s p .,C
TF3,4b,3373,Sterculia sp.,S t e r c u l i a s p .,S
TF3,5a,781,Ocotea sp.,O c o t e a s p .,O
TF3,5a,782,Pseudolmedia laevigata Trécul,P s e u d o l m e d i a l a e v i g a t a T r é c u l,P
TF3,5a,784,Guarea gomma Pulle,G u a r e a g o m m a P u l l e,G
TF3,5a,786,Pseudosenefeldera inclinata (Müll.Arg.) Esser,P s e u d o s e n e f e l d e r a i n c l i n a t a ( M ü l l . A r g . ) E s s e r,P
TF3,5a,788,"	
Pourouma minor Benoist",P o u r o u m a m i n o r B e n o i s t,P
TF3,5a,2228,Iryanthera sp1,I r y a n t h e r a s p 1,I
TF3,5a,790,Hevea guianensis Aubl.,H e v e a g u i a n e n s i s A u b l .,H
TF3,5a,791,Pseudosenefeldera inclinata (Müll.Arg.) Esser,P s e u d o s e n e f e l d e r a i n c l i n a t a ( M ü l l . A r g . ) E s s e r,P
TF3,5a,800A,Micropholis egensis (A.DC.) Pierre,M i c r o p h o l i s e g e n s i s ( A . D C . ) P i e r r e,M
TF3,5b,2233,Pourouma sp.,P o u r o u m a s p .,P
TF3,5b,795,Pseudosenefeldera inclinata (Müll.Arg.) Esser,P s e u d o s e n e f e l d e r a i n c l i n a t a ( M ü l l . A r g . ) E s s e r,P
TF3,5b,796,Copaifera reticulata Ducke,C o p a i f e r a r e t i c u l a t a D u c k e,C
TF3,5b,798,Licania brittoniana Fritsch,L i c a n i a b r i t t o n i a n a F r i t s c h,L
TF3,5b,799,Couratari sp.,C o u r a t a r i s p .,C
TF4,1a,801,Pseudolmedia macrophylla Trécul,P s e u d o l m e d i a m a c r o p h y l l a T r é c u l,P
TF4,1a,802,Pseudosenefeldera inclinata (Müll.Arg.) Esser,P s e u d o s e n e f e l d e r a i n c l i n a t a ( M ü l l . A r g . ) E s s e r,P
TF4,1a,3367,Naucleopsis sp.,N a u c l e o p s i s s p .,N
TF4,1a,803,Socratea exorrhiza (Mart.) H.Wendl.,S o c r a t e a e x o r r h i z a ( M a r t . ) H . W e n d l .,S
TF4,1a,3366,Mabea piriri Aubl.,M a b e a p i r i r i A u b l .,M
TF4,1a,804,Eschweilera andina (Rusby) J.F.Macbr.,E s c h w e i l e r a a n d i n a ( R u s b y ) J . F . M a c b r .,E
TF4,1a,2225,Eschweilera sp.,E s c h w e i l e r a s p .,E
TF4,1a,2224,Euterpe precatoria Mart.,E u t e r p e p r e c a t o r i a M a r t .,E
TF4,1a,807,Hevea guianensis Aubl.,H e v e a g u i a n e n s i s A u b l .,H
TF4,1a,808,Matisia malacocalyx (A.Robyns & S.Nilsson) W.S.Alverson,M a t i s i a m a l a c o c a l y x ( A . R o b y n s & S . N i l s s o n ) W . S . A l v e r s o n,M
TF4,1a,809,Minquartia guianensis Aubl.,M i n q u a r t i a g u i a n e n s i s A u b l .,M
TF4,1a,810,Mabea piriri Aubl.,M a b e a p i r i r i A u b l .,M
TF4,1a,813,Matisia malacocalyx (A.Robyns & S.Nilsson) W.S.Alverson,M a t i s i a m a l a c o c a l y x ( A . R o b y n s & S . N i l s s o n ) W . S . A l v e r s o n,M
TF4,1a,814,Hirtella excelsa Standl. ex Prance,H i r t e l l a e x c e l s a S t a n d l . e x P r a n c e,H
TF4,1a,815,"	
Pourouma minor Benoist",P o u r o u m a m i n o r B e n o i s t,P
TF4,1a,816,Matisia malacocalyx (A.Robyns & S.Nilsson) W.S.Alverson,M a t i s i a m a l a c o c a l y x ( A . R o b y n s & S . N i l s s o n ) W . S . A l v e r s o n,M
TF4,1b,817,Pouteria pariry (Ducke) Baehni,P o u t e r i a p a r i r y ( D u c k e ) B a e h n i,P
TF4,1b,3373,Trattinnickia sp.,T r a t t i n n i c k i a s p .,T
TF4,1b,3372,Acacia loretensis J.F.Macbr.,A c a c i a l o r e t e n s i s J . F . M a c b r .,A
TF4,1b,3371,Minquartia guianensis Aubl.,M i n q u a r t i a g u i a n e n s i s A u b l .,M
TF4,1b,3370,Hevea guianensis Aubl.,H e v e a g u i a n e n s i s A u b l .,H
TF4,1b,3369,Pouteria,P o u t e r i a,P
TF4,1b,818,Pseudosenefeldera inclinata (Müll.Arg.) Esser,P s e u d o s e n e f e l d e r a i n c l i n a t a ( M ü l l . A r g . ) E s s e r,P
TF4,1b,819,Agonandra brasiliensis Miers ex Benth.,A g o n a n d r a b r a s i l i e n s i s M i e r s e x B e n t h .,A
TF4,1b,822,"	
Pourouma minor Benoist",P o u r o u m a m i n o r B e n o i s t,P
TF4,1b,823,Pseudolmedia macrophylla Trécul,P s e u d o l m e d i a m a c r o p h y l l a T r é c u l,P
TF4,1b,824,Pseudosenefeldera inclinata (Müll.Arg.) Esser,P s e u d o s e n e f e l d e r a i n c l i n a t a ( M ü l l . A r g . ) E s s e r,P
TF4,1b,825,Pseudosenefeldera inclinata (Müll.Arg.) Esser,P s e u d o s e n e f e l d e r a i n c l i n a t a ( M ü l l . A r g . ) E s s e r,P
TF4,1b,828,Naucleopsis sp.,N a u c l e o p s i s s p .,N
TF4,1b,830,Protium stevensonii (Standl.) Daly,P r o t i u m s t e v e n s o n i i ( S t a n d l . ) D a l y,P
TF4,1b,832,Mabea piriri Aubl.,M a b e a p i r i r i A u b l .,M
TF4,1b,833,Meliosma herbertii Rolfe,M e l i o s m a h e r b e r t i i R o l f e,M
TF4,1b,834,Casearia ulmifolia Vahl ex Vent.,C a s e a r i a u l m i f o l i a V a h l e x V e n t .,C
TF4,1b,2221,Tachigali setifera (Ducke) Zarucchi & Herend.,T a c h i g a l i s e t i f e r a ( D u c k e ) Z a r u c c h i & H e r e n d .,T
TF4,1b,3364,Socratea exorrhiza (Mart.) H.Wendl.,S o c r a t e a e x o r r h i z a ( M a r t . ) H . W e n d l .,S
TF4,1b,3365,Helicostylis sp.,H e l i c o s t y l i s s p .,H
TF4,1b,2220,Trichilia sp.,T r i c h i l i a s p .,T
TF4,1b,836,"	
Zygia coccinea (G.Don) L.Rico",Z y g i a c o c c i n e a ( G . D o n ) L . R i c o,Z
TF4,2a,3361,"	
Zygia coccinea (G.Don) L.Rico",Z y g i a c o c c i n e a ( G . D o n ) L . R i c o,Z
TF4,2a,3362,Pourouma sp.,P o u r o u m a s p .,P
TF4,2a,837,Matisia malacocalyx (A.Robyns & S.Nilsson) W.S.Alverson,M a t i s i a m a l a c o c a l y x ( A . R o b y n s & S . N i l s s o n ) W . S . A l v e r s o n,M
TF4,2a,839,Vitex triflora Vahl,V i t e x t r i f l o r a V a h l,V
TF4,2a,842,Leonia ulei (Melch.) Byng & Christenh.,L e o n i a u l e i ( M e l c h . ) B y n g & C h r i s t e n h .,L
TF4,2a,843,Iriartea deltoidea Ruiz & Pav.,I r i a r t e a d e l t o i d e a R u i z & P a v .,I
TF4,2a,844,Eugenia sp.,E u g e n i a s p .,E
TF4,2a,845,Iriartea deltoidea Ruiz & Pav.,I r i a r t e a d e l t o i d e a R u i z & P a v .,I
TF4,2a,846,Protium stevensonii (Standl.) Daly,P r o t i u m s t e v e n s o n i i ( S t a n d l . ) D a l y,P
TF4,2a,847,Siparuna sp.,S i p a r u n a s p .,S
TF4,2b,849,Glycydendron amazonicum Ducke,G l y c y d e n d r o n a m a z o n i c u m D u c k e,G
TF4,2b,3363,Inga sp2,I n g a s p 2,I
TF4,2b,851,Endlicheria formosa A.C.Sm.,E n d l i c h e r i a f o r m o s a A . C . S m .,E
TF4,2b,852,Socratea exorrhiza (Mart.) H.Wendl.,S o c r a t e a e x o r r h i z a ( M a r t . ) H . W e n d l .,S
TF4,2b,853,Protium stevensonii (Standl.) Daly,P r o t i u m s t e v e n s o n i i ( S t a n d l . ) D a l y,P
TF4,2b,854,"	
Matisia malacocalyx (A.Robyns & S.Nilsson) W.S.Alverson",M a t i s i a m a l a c o c a l y x ( A . R o b y n s & S . N i l s s o n ) W . S . A l v e r s o n,M
TF4,2b,857,"	
Sparattosperma leucanthum (Vell.) K.Schum.",S p a r a t t o s p e r m a l e u c a n t h u m ( V e l l . ) K . S c h u m .,S
TF4,2b,859,Helicostylis tomentosa (Poepp. & Endl.) J.F.Macbr.,H e l i c o s t y l i s t o m e n t o s a ( P o e p p . & E n d l . ) J . F . M a c b r .,H
TF4,2b,860,Leonia ulei (Melch.) Byng & Christenh.,L e o n i a u l e i ( M e l c h . ) B y n g & C h r i s t e n h .,L
TF4,3a,3355,Cecropia sp.,C e c r o p i a s p .,C
TF4,3a,864,"	
Matisia malacocalyx (A.Robyns & S.Nilsson) W.S.Alverson",M a t i s i a m a l a c o c a l y x ( A . R o b y n s & S . N i l s s o n ) W . S . A l v e r s o n,M
TF4,3a,865,Himatanthus articulatus (Vahl) Woodson,H i m a t a n t h u s a r t i c u l a t u s ( V a h l ) W o o d s o n,H
TF4,3a,866,Pseudolmedia laevis (Ruiz & Pav.) J.F.Macbr.,P s e u d o l m e d i a l a e v i s ( R u i z & P a v . ) J . F . M a c b r .,P
TF4,3a,867,Inga punctata Willd.,I n g a p u n c t a t a W i l l d .,I
TF4,3a,868,Nealchornea yapurensis Huber,N e a l c h o r n e a y a p u r e n s i s H u b e r,N
TF4,3a,871,Micropholis egensis (A.DC.) Pierre,M i c r o p h o l i s e g e n s i s ( A . D C . ) P i e r r e,M
TF4,3a,872,Minquartia guianensis Aubl.,M i n q u a r t i a g u i a n e n s i s A u b l .,M
TF4,3a,873,Eschweilera coriacea (DC.) S.A.Mori,E s c h w e i l e r a c o r i a c e a ( D C . ) S . A . M o r i,E
TF4,3a,874,Iriartea deltoidea Ruiz & Pav.,I r i a r t e a d e l t o i d e a R u i z & P a v .,I
TF4,3a,3350,"	
Triplaris americana L.",T r i p l a r i s a m e r i c a n a L .,T
TF4,3a,876,Jacaranda copaia (Aubl.) D.Don,J a c a r a n d a c o p a i a ( A u b l . ) D . D o n,J
TF4,3b,879,Licaria sp.,L i c a r i a s p .,L
TF4,3b,880,Siparuna grandiflora (Kunth) Perkins,S i p a r u n a g r a n d i f l o r a ( K u n t h ) P e r k i n s,S
TF4,3b,881,Nealchornea yapurensis Huber,N e a l c h o r n e a y a p u r e n s i s H u b e r,N
TF4,3b,882,"	
Tabernaemontana heterophylla Vahl",T a b e r n a e m o n t a n a h e t e r o p h y l l a V a h l,T
TF4,3b,3360,Naucleopsis sp.,N a u c l e o p s i s s p .,N
TF4,3b,883,"	
Matisia malacocalyx (A.Robyns & S.Nilsson) W.S.Alverson",M a t i s i a m a l a c o c a l y x ( A . R o b y n s & S . N i l s s o n ) W . S . A l v e r s o n,M
TF4,3b,,Siparuna sp.,S i p a r u n a s p .,S
TF4,3b,3359,Inga sp2,I n g a s p 2,I
TF4,3b,887,Rollinia pittieri Saff.,R o l l i n i a p i t t i e r i S a f f .,R
TF4,3b,888,Micropholis egensis (A.DC.) Pierre,M i c r o p h o l i s e g e n s i s ( A . D C . ) P i e r r e,M
TF4,3b,889,Iriartea deltoidea Ruiz & Pav.,I r i a r t e a d e l t o i d e a R u i z & P a v .,I
TF4,3b,890,Eschweilera andina (Rusby) J.F.Macbr.,E s c h w e i l e r a a n d i n a ( R u s b y ) J . F . M a c b r .,E
TF4,3b,3356,Inga sp2,I n g a s p 2,I
TF4,3b,2218,Guatteria sp.,G u a t t e r i a s p .,G
TF4,3b,891,Pouteria tarapotensis (Eichler ex Pierre) Baehni,P o u t e r i a t a r a p o t e n s i s ( E i c h l e r e x P i e r r e ) B a e h n i,P
TF4,3b,3351,Euterpe precatoria Mart.,E u t e r p e p r e c a t o r i a M a r t .,E
TF4,4a,892,Escheweilera sp,E s c h e w e i l e r a s p,E
TF4,4a,3353,,Indeterminado,Indeterminado
TF4,4a,893,Eschweilera andina (Rusby) J.F.Macbr.,E s c h w e i l e r a a n d i n a ( R u s b y ) J . F . M a c b r .,E
TF4,4a,3354,Nealchornea yapurensis Huber,N e a l c h o r n e a y a p u r e n s i s H u b e r,N
TF4,4a,,NN,N N,N
TF4,4b,3352,Pourouma sp.,P o u r o u m a s p .,P
TF4,4b,896,"	
Pleurothyrium parviflorum Ducke",P l e u r o t h y r i u m p a r v i f l o r u m D u c k e,P
TF4,4b,897,Metrodorea flavida K. Krause,M e t r o d o r e a f l a v i d a K . K r a u s e,M
TF4,4b,3355,Simaba sp.,S i m a b a s p .,S
TF4,4b,3357,Simarouba amara Aubl.,S i m a r o u b a a m a r a A u b l .,S
TF4,4b,898,Leonia ulei (Melch.) Byng & Christenh.,L e o n i a u l e i ( M e l c h . ) B y n g & C h r i s t e n h .,L
TF4,4b,899,Mabea piriri Aubl.,M a b e a p i r i r i A u b l .,M
TF4,4b,900,Iriartea deltoidea Ruiz & Pav.,I r i a r t e a d e l t o i d e a R u i z & P a v .,I
TF5,1a,901,Himatanthus articulatus (Vahl) Woodson,H i m a t a n t h u s a r t i c u l a t u s ( V a h l ) W o o d s o n,H
TF5,1a,903,Pouteria procera (Mart.) K.Hammer,P o u t e r i a p r o c e r a ( M a r t . ) K . H a m m e r,P
TF5,1a,3171,Socratea exorrhiza (Mart.) H.Wendl.,S o c r a t e a e x o r r h i z a ( M a r t . ) H . W e n d l .,S
TF5,1a,905,Huberodendron swietenioides (Gleason) Ducke,H u b e r o d e n d r o n s w i e t e n i o i d e s ( G l e a s o n ) D u c k e,H
TF5,1a,907,Matisia malacocalyx (A.Robyns & S.Nilsson) W.S.Alverson,M a t i s i a m a l a c o c a l y x ( A . R o b y n s & S . N i l s s o n ) W . S . A l v e r s o n,M
TF5,1a,908,Huberodendron swietenioides (Gleason) Ducke,H u b e r o d e n d r o n s w i e t e n i o i d e s ( G l e a s o n ) D u c k e,H
TF5,1a,909,Mabea piriri Aubl.,M a b e a p i r i r i A u b l .,M
TF5,1a,911,Inga auristellae Harms,I n g a a u r i s t e l l a e H a r m s,I
TF5,1a,913,Matisia malacocalyx (A.Robyns & S.Nilsson) W.S.Alverson,M a t i s i a m a l a c o c a l y x ( A . R o b y n s & S . N i l s s o n ) W . S . A l v e r s o n,M
TF5,1b,916,Casearia ulmifolia Vahl ex Vent.,C a s e a r i a u l m i f o l i a V a h l e x V e n t .,C
TF5,1b,3170,Eschweilera sp.,E s c h w e i l e r a s p .,E
TF5,1b,917,Didymopanax morototoni (Aubl.) Decne. & Planch.,D i d y m o p a n a x m o r o t o t o n i ( A u b l . ) D e c n e . & P l a n c h .,D
TF5,1b,919,"	
Sloanea terniflora (Moc. & Sessé ex DC.) Standl.",S l o a n e a t e r n i f l o r a ( M o c . & S e s s é e x D C . ) S t a n d l .,S
TF5,1b,920,Matisia malacocalyx (A.Robyns & S.Nilsson) W.S.Alverson,M a t i s i a m a l a c o c a l y x ( A . R o b y n s & S . N i l s s o n ) W . S . A l v e r s o n,M
TF5,1b,2195,Guatteria sp.,G u a t t e r i a s p .,G
TF5,1b,921,Matisia malacocalyx (A.Robyns & S.Nilsson) W.S.Alverson,M a t i s i a m a l a c o c a l y x ( A . R o b y n s & S . N i l s s o n ) W . S . A l v e r s o n,M
TF5,1b,3172,Socratea exorrhiza (Mart.) H.Wendl.,S o c r a t e a e x o r r h i z a ( M a r t . ) H . W e n d l .,S
TF5,1a,922,Himatanthus articulatus (Vahl) Woodson,H i m a t a n t h u s a r t i c u l a t u s ( V a h l ) W o o d s o n,H
TF5,2a,923,Theobroma speciosum Willd. ex Spreng.,T h e o b r o m a s p e c i o s u m W i l l d . e x S p r e n g .,T
TF5,2a,924,"	
Trattinnickia lancifolia (Cuatrec.) Daly",T r a t t i n n i c k i a l a n c i f o l i a ( C u a t r e c . ) D a l y,T
TF5,2a,925,Trichilia poeppigii C.DC.,T r i c h i l i a p o e p p i g i i C . D C .,T
TF5,2a,926,Tabernaemontana sp.,T a b e r n a e m o n t a n a s p .,T
TF5,2a,927,Tabernaemontana cymosa Jacq.,T a b e r n a e m o n t a n a c y m o s a J a c q .,T
TF5,2a,928,Mabea piriri Aubl.,M a b e a p i r i r i A u b l .,M
TF5,2a,930,Aspidosperma rigidum Rusby,A s p i d o s p e r m a r i g i d u m R u s b y,A
TF5,2b,934,Dipteryx micrantha Harms,D i p t e r y x m i c r a n t h a H a r m s,D
TF5,2b,935,Matisia malacocalyx (A.Robyns & S.Nilsson) W.S.Alverson,M a t i s i a m a l a c o c a l y x ( A . R o b y n s & S . N i l s s o n ) W . S . A l v e r s o n,M
TF5,2b,936,Matisia malacocalyx (A.Robyns & S.Nilsson) W.S.Alverson,M a t i s i a m a l a c o c a l y x ( A . R o b y n s & S . N i l s s o n ) W . S . A l v e r s o n,M
TF5,2b,937,Casearia ulmifolia Vahl ex Vent.,C a s e a r i a u l m i f o l i a V a h l e x V e n t .,C
TF5,2b,939,Tabernaemontana cymosa Jacq.,T a b e r n a e m o n t a n a c y m o s a J a c q .,T
TF5,2b,2196,Sloanea sp.,S l o a n e a s p .,S
TF5,2b,,Sloanea sp.,S l o a n e a s p .,S
TF5,2b,2198,Tabernaemontana sp.,T a b e r n a e m o n t a n a s p .,T
TF5,2b,2199,Cordia sp.,C o r d i a s p .,C
TF5,3a,3173,Melastomataceae,M e l a s t o m a t a c e a e,M
TF5,3a,3174,Homalolepis paraensis (Ducke) Devecchi & Pirani,H o m a l o l e p i s p a r a e n s i s ( D u c k e ) D e v e c c h i & P i r a n i,H
TF5,3a,944,Pseudobombax septenatum (Jacq.) Dugand,P s e u d o b o m b a x s e p t e n a t u m ( J a c q . ) D u g a n d,P
TF5,3a,945,Tabernaemontana cymosa Jacq.,T a b e r n a e m o n t a n a c y m o s a J a c q .,T
TF5,3a,2202,Socratea exorrhiza (Mart.) H.Wendl.,S o c r a t e a e x o r r h i z a ( M a r t . ) H . W e n d l .,S
TF5,3a,3175,Himatanthus articulatus (Vahl) Woodson,H i m a t a n t h u s a r t i c u l a t u s ( V a h l ) W o o d s o n,H
TF5,3a,950,Pseudolmedia macrophylla Trécul,P s e u d o l m e d i a m a c r o p h y l l a T r é c u l,P
TF5,3a,951,Himatanthus articulatus (Vahl) Woodson,H i m a t a n t h u s a r t i c u l a t u s ( V a h l ) W o o d s o n,H
TF5,3a,,Ocotea sp.,O c o t e a s p .,O
TF5,3a,2204,Calycolpus sp.,C a l y c o l p u s s p .,C
TF5,3a,952,Minquartia guianensis Aubl.,M i n q u a r t i a g u i a n e n s i s A u b l .,M
TF5,3b,955,Cabralea canjerana (Vell.) Mart.,C a b r a l e a c a n j e r a n a ( V e l l . ) M a r t .,C
TF5,3b,2200,Socratea exorrhiza (Mart.) H.Wendl.,S o c r a t e a e x o r r h i z a ( M a r t . ) H . W e n d l .,S
TF5,3b,2201,Socratea exorrhiza (Mart.) H.Wendl.,S o c r a t e a e x o r r h i z a ( M a r t . ) H . W e n d l .,S
TF5,3b,961,Lonchocarpus cultratus (Vell.) A.M.G.Azevedo & H.C.Lima,L o n c h o c a r p u s c u l t r a t u s ( V e l l . ) A . M . G . A z e v e d o & H . C . L i m a,L
TF5,4a,964,Diospyros poeppigiana A.DC.,D i o s p y r o s p o e p p i g i a n a A . D C .,D
TF5,4a,965,Copaifera reticulata Ducke,C o p a i f e r a r e t i c u l a t a D u c k e,C
TF5,4a,2205,Socratea exorrhiza (Mart.) H.Wendl.,S o c r a t e a e x o r r h i z a ( M a r t . ) H . W e n d l .,S
TF5,4a,2206,Wettinia augusta Poepp. & Endl.,W e t t i n i a a u g u s t a P o e p p . & E n d l .,W
TF5,4a,966,Dendropanax arboreus (L.) Decne. & Planch.,D e n d r o p a n a x a r b o r e u s ( L . ) D e c n e . & P l a n c h .,D
TF5,4a,967,Mabea piriri Aubl.,M a b e a p i r i r i A u b l .,M
TF5,4a,968,Pouteria sp.,P o u t e r i a s p .,P
TF5,4a,969,Eschweilera coriacea (DC.) S.A.Mori,E s c h w e i l e r a c o r i a c e a ( D C . ) S . A . M o r i,E
TF5,4a,970,Pouteria procera (Mart.) K.Hammer,P o u t e r i a p r o c e r a ( M a r t . ) K . H a m m e r,P
TF5,4a,972,Mabea piriri Aubl.,M a b e a p i r i r i A u b l .,M
TF5,4a,,Mabea piriri Aubl.,M a b e a p i r i r i A u b l .,M
TF5,4a,975,Tabernaemontana cymosa Jacq.,T a b e r n a e m o n t a n a c y m o s a J a c q .,T
TF5,4b,976,Matisia malacocalyx (A.Robyns & S.Nilsson) W.S.Alverson,M a t i s i a m a l a c o c a l y x ( A . R o b y n s & S . N i l s s o n ) W . S . A l v e r s o n,M
TF5,4b,982,Socratea exorrhiza (Mart.) H.Wendl.,S o c r a t e a e x o r r h i z a ( M a r t . ) H . W e n d l .,S
TF5,4b,983,Jacaranda copaia subsp. spectabilis (Mart. ex DC.) A.H.Gentry,J a c a r a n d a c o p a i a s u b s p . s p e c t a b i l i s ( M a r t . e x D C . ) A . H . G e n t r y,J
TF5,4b,984,Cordia ucayaliensis (I.M.Johnst.) I.M.Johnst.,C o r d i a u c a y a l i e n s i s ( I . M . J o h n s t . ) I . M . J o h n s t .,C
TF5,4b,985,Pseudolmedia laevigata Trécul,P s e u d o l m e d i a l a e v i g a t a T r é c u l,P
TF5,4b,986,Pouteria tarapotensis (Eichler ex Pierre) Baehni,P o u t e r i a t a r a p o t e n s i s ( E i c h l e r e x P i e r r e ) B a e h n i,P
TF5,4b,988,Brosimum acutifolium subsp. obovatum (Ducke) C.C.Berg,B r o s i m u m a c u t i f o l i u m s u b s p . o b o v a t u m ( D u c k e ) C . C . B e r g,B
TF5,4b,989,Eschweilera andina (Rusby) J.F.Macbr.,E s c h w e i l e r a a n d i n a ( R u s b y ) J . F . M a c b r .,E
TF5,4b,990,Pouteria tarapotensis (Eichler ex Pierre) Baehni,P o u t e r i a t a r a p o t e n s i s ( E i c h l e r e x P i e r r e ) B a e h n i,P
TF5,4b,991,Matisia malacocalyx (A.Robyns & S.Nilsson) W.S.Alverson,M a t i s i a m a l a c o c a l y x ( A . R o b y n s & S . N i l s s o n ) W . S . A l v e r s o n,M
TF5,4b,,Trichilia sp.,T r i c h i l i a s p .,T
TF5,4b,,Eschweilera sp.,E s c h w e i l e r a s p .,E
TF5,4b,993,Mabea piriri Aubl.,M a b e a p i r i r i A u b l .,M
TF5,4b,2208,Dipteryx micrantha Harms,D i p t e r y x m i c r a n t h a H a r m s,D
TF5,5a,995,Micropholis egensis (A.DC.) Pierre,M i c r o p h o l i s e g e n s i s ( A . D C . ) P i e r r e,M
TF5,5a,996,Eschweilera coriacea (DC.) S.A.Mori,E s c h w e i l e r a c o r i a c e a ( D C . ) S . A . M o r i,E
TF5,5b,1000,Metrodorea flavida K. Krause,M e t r o d o r e a f l a v i d a K . K r a u s e,M
TF5,5a,910A,Pseudobombax septenatum (Jacq.) Dugand,P s e u d o b o m b a x s e p t e n a t u m ( J a c q . ) D u g a n d,P
TF5,5a,3177,Pausandra trianae (Müll.Arg.) Baill.,P a u s a n d r a t r i a n a e ( M ü l l . A r g . ) B a i l l .,P
TF5,5a,3178,Eschweilera sp.,E s c h w e i l e r a s p .,E
TF5,5a,2210,Eschweilera sp.,E s c h w e i l e r a s p .,E
TF5,5a,2211,Dendropanax arboreus (L.) Decne. & Planch.,D e n d r o p a n a x a r b o r e u s ( L . ) D e c n e . & P l a n c h .,D
TF5,5a,2212,Coccoloba sp.,C o c c o l o b a s p .,C
TF5,5b,998,Swartzia sp.,S w a r t z i a s p .,S
TF5,5a,976A,Matisia malacocalyx (A.Robyns & S.Nilsson) W.S.Alverson,M a t i s i a m a l a c o c a l y x ( A . R o b y n s & S . N i l s s o n ) W . S . A l v e r s o n,M
TF5,5a,963A,Eschweilera sp.,E s c h w e i l e r a s p .,E
TF5,5b,2209,Ocotea sp.,O c o t e a s p .,O
TF5,5b,999,Buchenavia macrophylla Spruce ex Eichler,B u c h e n a v i a m a c r o p h y l l a S p r u c e e x E i c h l e r,B
TF5,5b,,Pausandra trianae (Müll.Arg.) Baill.,P a u s a n d r a t r i a n a e ( M ü l l . A r g . ) B a i l l .,P
TF5,5b,,Dendropanax arboreus (L.) Decne. & Planch.,D e n d r o p a n a x a r b o r e u s ( L . ) D e c n e . & P l a n c h .,D
TF5,5b,913A,Cremastosperma sp.,C r e m a s t o s p e r m a s p .,C
TF5,5b,,Tabernaemontana sp.,T a b e r n a e m o n t a n a s p .,T
TF5,5b,2214,Inga sp2,I n g a s p 2,I
TF5,5b,958A,Aspidosperma sp.,A s p i d o s p e r m a s p .,A
TF5,5b,3186,Inga sp2,I n g a s p 2,I
TF5,5b,3183,Matisia malacocalyx (A.Robyns & S.Nilsson) W.S.Alverson,M a t i s i a m a l a c o c a l y x ( A . R o b y n s & S . N i l s s o n ) W . S . A l v e r s o n,M
TF5,5a,3176,Matisia malacocalyx (A.Robyns & S.Nilsson) W.S.Alverson,M a t i s i a m a l a c o c a l y x ( A . R o b y n s & S . N i l s s o n ) W . S . A l v e r s o n,M
TF5,5b,3187,Cremastosperma sp.,C r e m a s t o s p e r m a s p .,C
TF5,5a,3184,Pouteria sp.,P o u t e r i a s p .,P
TF5,5a,3185,Mabea piriri Aubl.,M a b e a p i r i r i A u b l .,M
TF5,5b,3188,Tabernaemontana sp.,T a b e r n a e m o n t a n a s p .,T
