ORIGINAL ORDER,MONTH,HABITAT,PLOP,SUB,TAG,INDICADOR,FAMILY,Nombre científico,GENERO,Especie,B,F,UF,RF,D,OBS,N,DATE,YEAR,TEMPERATURE,RAIN,GENERO_limpio,Rol_Agroforestal
2207,1,Bosque de Tierra Firme,TF1,1a,501,NO,Fabaceae,Swartzia myrtifolia Sm.,Swartzia,myrtifolia,0,0,0,0,0,,0,2010-01-08,2010,24.160714285714285,491.00000000000017,Swartzia,Ingeniero del Suelo - Fijador N
2210,1,Bosque de Tierra Firme,TF1,1a,504,NO,Fabaceae,Swartzia tomentifera (Ducke) Ducke,Swartzia,tomentifera,0,0,0,0,0,,0,2010-01-08,2010,24.160714285714285,491.00000000000017,Swartzia,Ingeniero del Suelo - Fijador N
2212,1,Bosque de Tierra Firme,TF1,1a,506,NO,Apocynaceae,Aspidosperma nitidum Benth. ex Müll.Arg.,Aspidosperma,nitidum,0,0,0,0,0,,0,2010-01-08,2010,24.160714285714285,491.00000000000017,Aspidosperma,Caja Fuerte - Maderable
2218,1,Bosque de Tierra Firme,TF1,1b,512,NO,Sapotaceae,Pouteria procera (Mart.) K.Hammer,Pouteria,procera,0,0,0,0,0,,0,2010-01-08,2010,24.160714285714285,491.00000000000017,Pouteria,Estrella Comercial - Frutal
2224,1,Bosque de Tierra Firme,TF1,2a,519,NO,Euphorbiaceae,Croton lechleri Müll.Arg.,Croton,lechleri,0,0,0,0,0,,0,2010-01-08,2010,24.160714285714285,491.00000000000017,Croton,Estrella Comercial - Industrial
2231,1,Bosque de Tierra Firme,TF1,2b,528,NO,Fabaceae,Erythrina ulei Harms,Erythrina,ulei,0,0,0,0,0,,0,2010-01-08,2010,24.160714285714285,491.00000000000017,Erythrina,Ingeniero del Suelo - Fijador N
2232,1,Bosque de Tierra Firme,TF1,2b,529,NO,Fabaceae,Erythrina ulei Harms,Erythrina,ulei,0,0,0,0,0,,0,2010-01-08,2010,24.160714285714285,491.00000000000017,Erythrina,Ingeniero del Suelo - Fijador N
2246,1,Bosque de Tierra Firme,TF1,3b,547,NO,Fabaceae,Erythrina ulei Harms,Erythrina,ulei,0,0,0,0,0,,0,2010-01-08,2010,24.160714285714285,491.00000000000017,Erythrina,Ingeniero del Suelo - Fijador N
2249,1,Bosque de Tierra Firme,TF1,4a,553,NO,Fabaceae,Erythrina ulei Harms,Erythrina,ulei,0,0,0,0,0,,0,2010-01-08,2010,24.160714285714285,491.00000000000017,Erythrina,Ingeniero del Suelo - Fijador N
2253,1,Bosque de Tierra Firme,TF1,4b,559,NO,Sapotaceae,Pouteria pariry (Ducke) Baehni,Pouteria,pariry,0,0,0,0,0,,0,2010-01-08,2010,24.160714285714285,491.00000000000017,Pouteria,Estrella Comercial - Frutal
2254,1,Bosque de Tierra Firme,TF1,4b,560,NO,Fabaceae,Erythrina ulei Harms,Erythrina,ulei,0,0,0,0,0,,0,2010-01-08,2010,24.160714285714285,491.00000000000017,Erythrina,Ingeniero del Suelo - Fijador N
2258,1,Bosque de Tierra Firme,TF1,5a,564,NO,Fabaceae,Hymenaea courbaril L.,Hymenaea,courbaril,0,0,0,0,0,,0,2010-01-08,2010,24.160714285714285,491.00000000000017,Hymenaea,Estrella Comercial - Frutal
2269,1,Bosque de Tierra Firme,TF1,6a,580,NO,Sapotaceae,Pouteria sp. 3,Pouteria,sp,0,0,0,0,0,,0,2010-01-08,2010,24.160714285714285,491.00000000000017,Pouteria,Estrella Comercial - Frutal
2270,1,Bosque de Tierra Firme,TF1,6a,581,NO,Fabaceae,Swartzia myrtifolia Sm.,Swartzia,myrtifolia,0,0,0,0,0,,0,2010-01-08,2010,24.160714285714285,491.00000000000017,Swartzia,Ingeniero del Suelo - Fijador N
2273,1,Bosque de Tierra Firme,TF1,6b,589,NO,Fabaceae,Hymenaea courbaril L.,Hymenaea,courbaril,0,0,2,0,0,,1,2010-01-08,2010,24.160714285714285,491.00000000000017,Hymenaea,Estrella Comercial - Frutal
2291,1,Bosque de Tierra Firme,TF2,1b,614,NO,Fabaceae,Copaifera reticulata Ducke,Copaifera,reticulata,0,0,0,0,0,,0,2010-01-08,2010,24.160714285714285,491.00000000000017,Copaifera,Estrella Comercial - Industrial
2294,1,Bosque de Tierra Firme,TF2,1b,617,NO,Sapotaceae,Pouteria sp. 2,Pouteria,sp,0,0,0,0,0,,0,2010-01-08,2010,24.160714285714285,491.00000000000017,Pouteria,Estrella Comercial - Frutal
2299,1,Bosque de Tierra Firme,TF2,1b,624,NO,Euphorbiaceae,Hevea guianensis Aubl.,Hevea,guianensis,0,0,0,0,0,,0,2010-01-08,2010,24.160714285714285,491.00000000000017,Hevea,Estrella Comercial - Industrial
2303,1,Bosque de Tierra Firme,TF2,2a,629,NO,Euphorbiaceae,Hevea guianensis Aubl.,Hevea,guianensis,0,0,0,0,0,,0,2010-01-08,2010,24.160714285714285,491.00000000000017,Hevea,Estrella Comercial - Industrial
2310,1,Bosque de Tierra Firme,TF2,2b,638,NO,Moraceae,Brosimum rubescens Taub.,Brosimum,rubescens,0,0,0,0,0,,0,2010-01-08,2010,24.160714285714285,491.00000000000017,Brosimum,Caja Fuerte - Maderable
2315,1,Bosque de Tierra Firme,TF2,3a,648,NO,Sapotaceae,Pouteria torta (Mart.) Radlk.,Pouteria,torta,0,0,0,0,0,,0,2010-01-08,2010,24.160714285714285,491.00000000000017,Pouteria,Estrella Comercial - Frutal
2320,1,Bosque de Tierra Firme,TF2,3b,654,NO,Fabaceae,Inga sapindoides Willd.,Inga,sapindoides,0,0,0,0,0,,0,2010-01-08,2010,24.160714285714285,491.00000000000017,Inga,Ingeniero del Suelo - Fijador N
2325,1,Bosque de Tierra Firme,TF2,4a,661,NO,Euphorbiaceae,Hevea guianensis Aubl.,Hevea,guianensis,0,0,0,0,0,,0,2010-01-08,2010,24.160714285714285,491.00000000000017,Hevea,Estrella Comercial - Industrial
2331,1,Bosque de Tierra Firme,TF2,4a,669,NO,Fabaceae,Tachigali vasquezii Pipoly,Tachigali,vasquezii,0,0,0,0,0,,0,2010-01-08,2010,24.160714285714285,491.00000000000017,Tachigali,Ingeniero del Suelo - Fijador N
2336,1,Bosque de Tierra Firme,TF2,4a,674,NO,Meliaceae,Cedrela fissilis Vell.,Cedrela,fissilis,0,0,0,0,0,,0,2010-01-08,2010,24.160714285714285,491.00000000000017,Cedrela,Caja Fuerte - Maderable
2342,1,Bosque de Tierra Firme,TF2,4b,681,NO,Malvaceae,Theobroma speciosum Willd. ex Spreng.,Theobroma,speciosum,0,0,0,0,0,,0,2010-01-08,2010,24.160714285714285,491.00000000000017,Theobroma,Estrella Comercial - Frutal
2347,1,Bosque de Tierra Firme,TF2,4b,687,NO,Urticaceae,Cecropia sciadophylla Mart.,Cecropia,sciadophylla,0,0,0,0,0,,0,2010-01-08,2010,24.160714285714285,491.00000000000017,Cecropia,Ingeniero del Suelo - Pionera
2355,1,Bosque de Tierra Firme,TF2,5a,695,NO,Arecaceae,Bactris gasipaes Kunth,Bactris,gasipaes,0,0,0,0,0,,0,2010-01-08,2010,24.160714285714285,491.00000000000017,Bactris,Estrella Comercial - Frutal
2358,1,Bosque de Tierra Firme,TF2,5a,698,NO,Meliaceae,Cedrela fissilis Vell.,Cedrela,fissilis,0,0,0,0,0,,0,2010-01-08,2010,24.160714285714285,491.00000000000017,Cedrela,Caja Fuerte - Maderable
2378,1,Bosque de Tierra Firme,TF3,1b,721,NO,Moraceae,Brosimum rubescens Taub.,Brosimum,rubescens,0,0,0,0,0,,0,2010-01-08,2010,24.160714285714285,491.00000000000017,Brosimum,Caja Fuerte - Maderable
2398,1,Bosque de Tierra Firme,TF3,2b,746,NO,Euphorbiaceae,Hevea guianensis Aubl.,Hevea,guianensis,0,0,0,0,0,,0,2010-01-08,2010,24.160714285714285,491.00000000000017,Hevea,Estrella Comercial - Industrial
2400,1,Bosque de Tierra Firme,TF3,2b,749,NO,Fabaceae,Cedrelinga catenaeformis (Ducke) Ducke,Cedrelinga,catenaeformis,0,0,0,0,0,,0,2010-01-08,2010,24.160714285714285,491.00000000000017,Cedrelinga,Caja Fuerte - Maderable / Fijador N
2403,1,Bosque de Tierra Firme,TF3,3a,756,NO,Fabaceae,Inga alba (Sw.) Willd.,Inga,alba,0,0,0,0,0,,0,2010-01-08,2010,24.160714285714285,491.00000000000017,Inga,Ingeniero del Suelo - Fijador N
2410,1,Bosque de Tierra Firme,TF3,4a,765,NO,Apocynaceae,Aspidosperma vargasii A.DC.,Aspidosperma,vargasii,0,0,0,0,0,,0,2010-01-08,2010,24.160714285714285,491.00000000000017,Aspidosperma,Caja Fuerte - Maderable
2419,1,Bosque de Tierra Firme,TF3,4b,777,NO,Euphorbiaceae,Hevea guianensis Aubl.,Hevea,guianensis,0,0,0,0,0,,0,2010-01-08,2010,24.160714285714285,491.00000000000017,Hevea,Estrella Comercial - Industrial
2424,1,Bosque de Tierra Firme,TF3,5a,785,NO,Fabaceae,Copaifera reticulata Ducke,Copaifera,reticulata,0,0,0,0,0,,0,2010-01-08,2010,24.160714285714285,491.00000000000017,Copaifera,Estrella Comercial - Industrial
2427,1,Bosque de Tierra Firme,TF3,5a,790,NO,Euphorbiaceae,Hevea guianensis Aubl.,Hevea,guianensis,0,0,0,0,0,,0,2010-01-08,2010,24.160714285714285,491.00000000000017,Hevea,Estrella Comercial - Industrial
2432,1,Bosque de Tierra Firme,TF3,5b,796,NO,Fabaceae,Copaifera reticulata Ducke,Copaifera,reticulata,0,0,0,0,0,,0,2010-01-08,2010,24.160714285714285,491.00000000000017,Copaifera,Estrella Comercial - Industrial
2441,1,Bosque de Tierra Firme,TF4,1a,807,NO,Euphorbiaceae,Hevea guianensis Aubl.,Hevea,guianensis,0,0,0,0,0,,0,2010-01-11,2010,24.160714285714285,491.00000000000017,Hevea,Estrella Comercial - Industrial
2445,1,Bosque de Tierra Firme,TF4,1a,811,NO,Euphorbiaceae,Hevea guianensis Aubl.,Hevea,guianensis,0,0,0,0,0,,0,2010-01-11,2010,24.160714285714285,491.00000000000017,Hevea,Estrella Comercial - Industrial
2451,1,Bosque de Tierra Firme,TF4,1b,817,NO,Sapotaceae,Pouteria pariry (Ducke) Baehni,Pouteria,pariry,0,0,0,0,0,,0,2010-01-11,2010,24.160714285714285,491.00000000000017,Pouteria,Estrella Comercial - Frutal
2454,1,Bosque de Tierra Firme,TF4,1b,820,NO,Olacaceae,Aptandra tubicina (Poepp.) Benth. ex Miers,Aptandra,tubicina,0,0,0,0,0,,0,2010-01-11,2010,24.160714285714285,491.00000000000017,Aptandra,Ingeniero del Suelo - Pionera
2471,1,Bosque de Tierra Firme,TF4,2a,840,NO,Fabaceae,Inga stipularis DC.,Inga,stipularis,0,0,0,0,0,,0,2010-01-11,2010,24.160714285714285,491.00000000000017,Inga,Ingeniero del Suelo - Fijador N
2492,1,Bosque de Tierra Firme,TF4,3a,867,NO,Fabaceae,Inga punctata Willd.,Inga,punctata,0,0,0,0,0,,0,2010-01-11,2010,24.160714285714285,491.00000000000017,Inga,Ingeniero del Suelo - Fijador N
2500,1,Bosque de Tierra Firme,TF4,3a,876,NO,Bignonaceae,Jacaranda copaia (Aubl.) D.Don,Jacaranda,copaia,0,0,0,0,0,,0,2010-01-11,2010,24.160714285714285,491.00000000000017,Jacaranda,Ingeniero del Suelo - Pionera
2508,1,Bosque de Tierra Firme,TF4,3b,884,NO,Apocynaceae,Aspidosperma nitidum Benth. ex Müll.Arg.,Aspidosperma,nitidum,0,0,0,0,0,,0,2010-01-11,2010,24.160714285714285,491.00000000000017,Aspidosperma,Caja Fuerte - Maderable
2524,1,Bosque de Tierra Firme,TF5,1a,903,NO,Sapotaceae,Pouteria procera (Mart.) K.Hammer,Pouteria,procera,0,0,0,0,0,,0,2010-01-08,2010,24.160714285714285,491.00000000000017,Pouteria,Estrella Comercial - Frutal
2530,1,Bosque de Tierra Firme,TF5,1a,911,NO,Fabaceae,Inga auristellae Harms,Inga,auristellae,0,0,0,0,0,,0,2010-01-08,2010,24.160714285714285,491.00000000000017,Inga,Ingeniero del Suelo - Fijador N
2533,1,Bosque de Tierra Firme,TF5,1b,915,NO,Fabaceae,Inga sp. 2,Inga,sp,0,0,0,0,0,,0,2010-01-08,2010,24.160714285714285,491.00000000000017,Inga,Ingeniero del Suelo - Fijador N
2536,1,Bosque de Tierra Firme,TF5,1b,918,NO,Fabaceae,Inga cordistipula Mart.,Inga,cordistipula,0,0,0,0,0,,0,2010-01-08,2010,24.160714285714285,491.00000000000017,Inga,Ingeniero del Suelo - Fijador N
2540,1,Bosque de Tierra Firme,TF5,2a,923,NO,Malvaceae,Theobroma speciosum Willd. ex Spreng.,Theobroma,speciosum,0,0,0,0,0,,0,2010-01-08,2010,24.160714285714285,491.00000000000017,Theobroma,Estrella Comercial - Frutal
2546,1,Bosque de Tierra Firme,TF5,2a,930,NO,Apocynaceae,Aspidosperma rigidum Rusby,Aspidosperma,rigidum,0,0,0,0,0,,0,2010-01-08,2010,24.160714285714285,491.00000000000017,Aspidosperma,Caja Fuerte - Maderable
2548,1,Bosque de Tierra Firme,TF5,2b,934,NO,Fabaceae,Dipteryx micrantha Harms,Dipteryx,micrantha,0,0,0,0,0,,0,2010-01-08,2010,24.160714285714285,491.00000000000017,Dipteryx,Estrella Comercial - Industrial
2556,1,Bosque de Tierra Firme,TF5,3a,942,NO,Fabaceae,Inga edulis Mart.,Inga,edulis,0,0,0,2,0,,1,2010-01-08,2010,24.160714285714285,491.00000000000017,Inga,Ingeniero del Suelo - Fijador N
2560,1,Bosque de Tierra Firme,TF5,3a,946,NO,Fabaceae,Inga sp. 2,Inga,sp,0,0,0,2,0,,1,2010-01-08,2010,24.160714285714285,491.00000000000017,Inga,Ingeniero del Suelo - Fijador N
2568,1,Bosque de Tierra Firme,TF5,3b,959,NO,Fabaceae,Inga sp. 2,Inga,sp,0,0,2,0,0,,1,2010-01-08,2010,24.160714285714285,491.00000000000017,Inga,Ingeniero del Suelo - Fijador N
2576,1,Bosque de Tierra Firme,TF5,4a,970,NO,Sapotaceae,Pouteria procera (Mart.) K.Hammer,Pouteria,procera,0,0,0,0,0,,0,2010-01-08,2010,24.160714285714285,491.00000000000017,Pouteria,Estrella Comercial - Frutal
2584,1,Bosque de Tierra Firme,TF5,4b,983,NO,Bignonaceae,Jacaranda copaia subsp. spectabilis (Mart. ex DC.) A.H.Gentry,Jacaranda,copaia subsp. spectabilis,0,0,0,0,0,,0,2010-01-08,2010,24.160714285714285,491.00000000000017,Jacaranda,Ingeniero del Suelo - Pionera
2587,1,Bosque de Tierra Firme,TF5,4b,986,NO,Sapotaceae,Pouteria tarapotensis (Eichler ex Pierre) Baehni,Pouteria,tarapotensis,0,0,0,0,0,,0,2010-01-08,2010,24.160714285714285,491.00000000000017,Pouteria,Estrella Comercial - Frutal
2589,1,Bosque de Tierra Firme,TF5,4b,988,NO,Moraceae,Brosimum acutifolium subsp. obovatum (Ducke) C.C.Berg,Brosimum,acutifolium subsp. obovatum,0,0,0,0,0,,0,2010-01-08,2010,24.160714285714285,491.00000000000017,Brosimum,Caja Fuerte - Maderable
2591,1,Bosque de Tierra Firme,TF5,4b,990,NO,Sapotaceae,Pouteria tarapotensis (Eichler ex Pierre) Baehni,Pouteria,tarapotensis,0,0,0,0,0,,0,2010-01-08,2010,24.160714285714285,491.00000000000017,Pouteria,Estrella Comercial - Frutal
2598,1,Bosque de Tierra Firme,TF5,5a,994A,NO,Apocynaceae,Aspidosperma rigidum Rusby,Aspidosperma,rigidum,0,0,0,0,0,,0,2010-01-08,2010,24.160714285714285,491.00000000000017,Aspidosperma,Caja Fuerte - Maderable
2601,1,Bosque de Tierra Firme,TF5,5b,998,NO,Fabaceae,Swartzia myrtifolia Sm.,Swartzia,myrtifolia,0,0,0,0,0,,0,2010-01-08,2010,24.160714285714285,491.00000000000017,Swartzia,Ingeniero del Suelo - Fijador N
2605,1,Bosque de Tierra Firme,TF5,5b,958A,NO,Apocynaceae,Aspidosperma vargasii A.DC.,Aspidosperma,vargasii,0,0,0,0,0,,0,2010-01-08,2010,24.160714285714285,491.00000000000017,Aspidosperma,Caja Fuerte - Maderable
3510,2,Bosque de Tierra Firme,TF1,1a,501,NO,Fabaceae,Swartzia myrtifolia Sm.,Swartzia,myrtifolia,0,0,0,0,0,,0,2010-02-13,2010,24.884615384615383,476,Swartzia,Ingeniero del Suelo - Fijador N
3513,2,Bosque de Tierra Firme,TF1,1a,504,NO,Fabaceae,Swartzia tomentifera (Ducke) Ducke,Swartzia,tomentifera,0,0,0,0,0,,0,2010-02-13,2010,24.884615384615383,476,Swartzia,Ingeniero del Suelo - Fijador N
3515,2,Bosque de Tierra Firme,TF1,1a,506,NO,Apocynaceae,Aspidosperma nitidum Benth. ex Müll.Arg.,Aspidosperma,nitidum,0,0,0,0,0,,0,2010-02-13,2010,24.884615384615383,476,Aspidosperma,Caja Fuerte - Maderable
3521,2,Bosque de Tierra Firme,TF1,1b,512,NO,Sapotaceae,Pouteria procera (Mart.) K.Hammer,Pouteria,procera,0,0,0,0,0,,0,2010-02-13,2010,24.884615384615383,476,Pouteria,Estrella Comercial - Frutal
3527,2,Bosque de Tierra Firme,TF1,2a,519,NO,Euphorbiaceae,Croton lechleri Müll.Arg.,Croton,lechleri,0,0,0,0,0,,0,2010-02-13,2010,24.884615384615383,476,Croton,Estrella Comercial - Industrial
3534,2,Bosque de Tierra Firme,TF1,2b,528,NO,Fabaceae,Erythrina ulei Harms,Erythrina,ulei,0,0,0,0,0,,0,2010-02-13,2010,24.884615384615383,476,Erythrina,Ingeniero del Suelo - Fijador N
3535,2,Bosque de Tierra Firme,TF1,2b,529,NO,Fabaceae,Erythrina ulei Harms,Erythrina,ulei,0,0,0,0,0,,0,2010-02-13,2010,24.884615384615383,476,Erythrina,Ingeniero del Suelo - Fijador N
3549,2,Bosque de Tierra Firme,TF1,3b,547,NO,Fabaceae,Erythrina ulei Harms,Erythrina,ulei,0,0,0,0,0,,0,2010-02-13,2010,24.884615384615383,476,Erythrina,Ingeniero del Suelo - Fijador N
3552,2,Bosque de Tierra Firme,TF1,4a,553,NO,Fabaceae,Erythrina ulei Harms,Erythrina,ulei,0,0,0,0,0,,0,2010-02-13,2010,24.884615384615383,476,Erythrina,Ingeniero del Suelo - Fijador N
3556,2,Bosque de Tierra Firme,TF1,4b,559,NO,Sapotaceae,Pouteria pariry (Ducke) Baehni,Pouteria,pariry,0,0,0,0,0,,0,2010-02-13,2010,24.884615384615383,476,Pouteria,Estrella Comercial - Frutal
3557,2,Bosque de Tierra Firme,TF1,4b,560,NO,Fabaceae,Erythrina ulei Harms,Erythrina,ulei,0,0,0,0,0,,0,2010-02-13,2010,24.884615384615383,476,Erythrina,Ingeniero del Suelo - Fijador N
3561,2,Bosque de Tierra Firme,TF1,5a,564,NO,Fabaceae,Hymenaea courbaril L.,Hymenaea,courbaril,0,0,0,2,0,,1,2010-02-13,2010,24.884615384615383,476,Hymenaea,Estrella Comercial - Frutal
3573,2,Bosque de Tierra Firme,TF1,6a,580,NO,Sapotaceae,Pouteria sp. 3,Pouteria,sp,0,0,0,0,0,,0,2010-02-13,2010,24.884615384615383,476,Pouteria,Estrella Comercial - Frutal
3574,2,Bosque de Tierra Firme,TF1,6a,581,NO,Fabaceae,Swartzia myrtifolia Sm.,Swartzia,myrtifolia,0,0,0,0,0,,0,2010-02-13,2010,24.884615384615383,476,Swartzia,Ingeniero del Suelo - Fijador N
3577,2,Bosque de Tierra Firme,TF1,6b,589,NO,Fabaceae,Hymenaea courbaril L.,Hymenaea,courbaril,0,0,2,0,0,,1,2010-02-13,2010,24.884615384615383,476,Hymenaea,Estrella Comercial - Frutal
3595,2,Bosque de Tierra Firme,TF2,1b,614,NO,Fabaceae,Copaifera reticulata Ducke,Copaifera,reticulata,0,0,0,0,0,,0,2010-02-13,2010,24.884615384615383,476,Copaifera,Estrella Comercial - Industrial
3598,2,Bosque de Tierra Firme,TF2,1b,617,NO,Sapotaceae,Pouteria sp. 2,Pouteria,sp,0,0,0,0,0,,0,2010-02-13,2010,24.884615384615383,476,Pouteria,Estrella Comercial - Frutal
3603,2,Bosque de Tierra Firme,TF2,1b,624,NO,Euphorbiaceae,Hevea guianensis Aubl.,Hevea,guianensis,0,0,0,0,0,,0,2010-02-13,2010,24.884615384615383,476,Hevea,Estrella Comercial - Industrial
3607,2,Bosque de Tierra Firme,TF2,2a,629,NO,Euphorbiaceae,Hevea guianensis Aubl.,Hevea,guianensis,0,0,0,0,0,,0,2010-02-13,2010,24.884615384615383,476,Hevea,Estrella Comercial - Industrial
3614,2,Bosque de Tierra Firme,TF2,2b,638,NO,Moraceae,Brosimum rubescens Taub.,Brosimum,rubescens,0,0,0,0,0,,0,2010-02-13,2010,24.884615384615383,476,Brosimum,Caja Fuerte - Maderable
3619,2,Bosque de Tierra Firme,TF2,3a,648,NO,Sapotaceae,Pouteria torta (Mart.) Radlk.,Pouteria,torta,0,0,0,0,0,,0,2010-02-13,2010,24.884615384615383,476,Pouteria,Estrella Comercial - Frutal
3624,2,Bosque de Tierra Firme,TF2,3b,654,NO,Fabaceae,Inga sapindoides Willd.,Inga,sapindoides,0,0,0,0,0,,0,2010-02-13,2010,24.884615384615383,476,Inga,Ingeniero del Suelo - Fijador N
3629,2,Bosque de Tierra Firme,TF2,4a,661,NO,Euphorbiaceae,Hevea guianensis Aubl.,Hevea,guianensis,0,0,0,0,0,,0,2010-02-13,2010,24.884615384615383,476,Hevea,Estrella Comercial - Industrial
3635,2,Bosque de Tierra Firme,TF2,4a,669,NO,Fabaceae,Tachigali vasquezii Pipoly,Tachigali,vasquezii,0,0,0,0,0,,0,2010-02-13,2010,24.884615384615383,476,Tachigali,Ingeniero del Suelo - Fijador N
3640,2,Bosque de Tierra Firme,TF2,4a,674,NO,Meliaceae,Cedrela fissilis Vell.,Cedrela,fissilis,0,0,0,0,0,,0,2010-02-13,2010,24.884615384615383,476,Cedrela,Caja Fuerte - Maderable
3646,2,Bosque de Tierra Firme,TF2,4b,681,NO,Malvaceae,Theobroma speciosum Willd. ex Spreng.,Theobroma,speciosum,0,0,0,0,0,,0,2010-02-13,2010,24.884615384615383,476,Theobroma,Estrella Comercial - Frutal
3651,2,Bosque de Tierra Firme,TF2,4b,687,NO,Urticaceae,Cecropia sciadophylla Mart.,Cecropia,sciadophylla,0,0,0,0,0,,0,2010-02-13,2010,24.884615384615383,476,Cecropia,Ingeniero del Suelo - Pionera
3659,2,Bosque de Tierra Firme,TF2,5a,695,NO,Arecaceae,Bactris gasipaes Kunth,Bactris,gasipaes,0,0,0,0,0,,0,2010-02-13,2010,24.884615384615383,476,Bactris,Estrella Comercial - Frutal
3662,2,Bosque de Tierra Firme,TF2,5a,698,NO,Meliaceae,Cedrela fissilis Vell.,Cedrela,fissilis,0,0,0,0,0,,0,2010-02-13,2010,24.884615384615383,476,Cedrela,Caja Fuerte - Maderable
3682,2,Bosque de Tierra Firme,TF3,1b,721,NO,Moraceae,Brosimum rubescens Taub.,Brosimum,rubescens,0,0,0,0,0,,0,2010-02-16,2010,24.884615384615383,476,Brosimum,Caja Fuerte - Maderable
3702,2,Bosque de Tierra Firme,TF3,2b,746,NO,Euphorbiaceae,Hevea guianensis Aubl.,Hevea,guianensis,0,0,0,0,0,,0,2010-02-16,2010,24.884615384615383,476,Hevea,Estrella Comercial - Industrial
3704,2,Bosque de Tierra Firme,TF3,2b,749,NO,Fabaceae,Cedrelinga catenaeformis (Ducke) Ducke,Cedrelinga,catenaeformis,0,0,0,0,0,,0,2010-02-16,2010,24.884615384615383,476,Cedrelinga,Caja Fuerte - Maderable / Fijador N
3707,2,Bosque de Tierra Firme,TF3,3a,756,NO,Fabaceae,Inga alba (Sw.) Willd.,Inga,alba,0,0,0,0,0,,0,2010-02-16,2010,24.884615384615383,476,Inga,Ingeniero del Suelo - Fijador N
3714,2,Bosque de Tierra Firme,TF3,4a,765,NO,Apocynaceae,Aspidosperma vargasii A.DC.,Aspidosperma,vargasii,0,0,0,0,0,,0,2010-02-16,2010,24.884615384615383,476,Aspidosperma,Caja Fuerte - Maderable
3723,2,Bosque de Tierra Firme,TF3,4b,777,NO,Euphorbiaceae,Hevea guianensis Aubl.,Hevea,guianensis,0,0,0,0,0,,0,2010-02-16,2010,24.884615384615383,476,Hevea,Estrella Comercial - Industrial
3728,2,Bosque de Tierra Firme,TF3,5a,785,NO,Fabaceae,Copaifera reticulata Ducke,Copaifera,reticulata,0,0,0,0,0,,0,2010-02-16,2010,24.884615384615383,476,Copaifera,Estrella Comercial - Industrial
3731,2,Bosque de Tierra Firme,TF3,5a,790,NO,Euphorbiaceae,Hevea guianensis Aubl.,Hevea,guianensis,0,0,0,0,0,,0,2010-02-16,2010,24.884615384615383,476,Hevea,Estrella Comercial - Industrial
3736,2,Bosque de Tierra Firme,TF3,5b,796,NO,Fabaceae,Copaifera reticulata Ducke,Copaifera,reticulata,0,0,0,0,0,,0,2010-02-16,2010,24.884615384615383,476,Copaifera,Estrella Comercial - Industrial
3745,2,Bosque de Tierra Firme,TF4,1a,807,NO,Euphorbiaceae,Hevea guianensis Aubl.,Hevea,guianensis,0,0,0,0,0,,0,2010-02-16,2010,24.884615384615383,476,Hevea,Estrella Comercial - Industrial
3749,2,Bosque de Tierra Firme,TF4,1a,811,NO,Euphorbiaceae,Hevea guianensis Aubl.,Hevea,guianensis,0,0,0,0,0,,0,2010-02-16,2010,24.884615384615383,476,Hevea,Estrella Comercial - Industrial
3755,2,Bosque de Tierra Firme,TF4,1b,817,NO,Sapotaceae,Pouteria pariry (Ducke) Baehni,Pouteria,pariry,0,0,0,0,0,,0,2010-02-16,2010,24.884615384615383,476,Pouteria,Estrella Comercial - Frutal
3758,2,Bosque de Tierra Firme,TF4,1b,820,NO,Olacaceae,Aptandra tubicina (Poepp.) Benth. ex Miers,Aptandra,tubicina,0,0,0,0,0,,0,2010-02-16,2010,24.884615384615383,476,Aptandra,Ingeniero del Suelo - Pionera
3775,2,Bosque de Tierra Firme,TF4,2a,840,NO,Fabaceae,Inga stipularis DC.,Inga,stipularis,0,0,0,0,0,,0,2010-02-16,2010,24.884615384615383,476,Inga,Ingeniero del Suelo - Fijador N
3796,2,Bosque de Tierra Firme,TF4,3a,867,NO,Fabaceae,Inga punctata Willd.,Inga,punctata,0,0,0,0,0,,0,2010-02-16,2010,24.884615384615383,476,Inga,Ingeniero del Suelo - Fijador N
3804,2,Bosque de Tierra Firme,TF4,3a,876,NO,Bignonaceae,Jacaranda copaia (Aubl.) D.Don,Jacaranda,copaia,0,0,0,0,0,,0,2010-02-16,2010,24.884615384615383,476,Jacaranda,Ingeniero del Suelo - Pionera
3812,2,Bosque de Tierra Firme,TF4,3b,884,NO,Apocynaceae,Aspidosperma nitidum Benth. ex Müll.Arg.,Aspidosperma,nitidum,0,0,0,0,0,,0,2010-02-16,2010,24.884615384615383,476,Aspidosperma,Caja Fuerte - Maderable
3828,2,Bosque de Tierra Firme,TF5,1a,903,NO,Sapotaceae,Pouteria procera (Mart.) K.Hammer,Pouteria,procera,0,0,0,0,0,,0,2010-02-13,2010,24.884615384615383,476,Pouteria,Estrella Comercial - Frutal
3834,2,Bosque de Tierra Firme,TF5,1a,911,NO,Fabaceae,Inga auristellae Harms,Inga,auristellae,2,0,0,0,0,,1,2010-02-13,2010,24.884615384615383,476,Inga,Ingeniero del Suelo - Fijador N
3837,2,Bosque de Tierra Firme,TF5,1b,915,NO,Fabaceae,Inga sp. 2,Inga,sp,0,0,0,0,0,,0,2010-02-13,2010,24.884615384615383,476,Inga,Ingeniero del Suelo - Fijador N
3840,2,Bosque de Tierra Firme,TF5,1b,918,NO,Fabaceae,Inga cordistipula Mart.,Inga,cordistipula,0,0,0,0,0,,0,2010-02-13,2010,24.884615384615383,476,Inga,Ingeniero del Suelo - Fijador N
3844,2,Bosque de Tierra Firme,TF5,2a,923,NO,Malvaceae,Theobroma speciosum Willd. ex Spreng.,Theobroma,speciosum,0,0,0,0,0,,0,2010-02-13,2010,24.884615384615383,476,Theobroma,Estrella Comercial - Frutal
3850,2,Bosque de Tierra Firme,TF5,2a,930,NO,Apocynaceae,Aspidosperma rigidum Rusby,Aspidosperma,rigidum,0,0,0,0,0,,0,2010-02-13,2010,24.884615384615383,476,Aspidosperma,Caja Fuerte - Maderable
3852,2,Bosque de Tierra Firme,TF5,2b,934,NO,Fabaceae,Dipteryx micrantha Harms,Dipteryx,micrantha,0,0,0,0,0,,0,2010-02-13,2010,24.884615384615383,476,Dipteryx,Estrella Comercial - Industrial
3860,2,Bosque de Tierra Firme,TF5,3a,942,NO,Fabaceae,Inga edulis Mart.,Inga,edulis,0,0,2,3,0,,1,2010-02-13,2010,24.884615384615383,476,Inga,Ingeniero del Suelo - Fijador N
3864,2,Bosque de Tierra Firme,TF5,3a,946,NO,Fabaceae,Inga sp. 2,Inga,sp,0,0,0,2,0,,1,2010-02-13,2010,24.884615384615383,476,Inga,Ingeniero del Suelo - Fijador N
3872,2,Bosque de Tierra Firme,TF5,3b,959,NO,Fabaceae,Inga sp. 2,Inga,sp,0,0,2,2,0,,1,2010-02-13,2010,24.884615384615383,476,Inga,Ingeniero del Suelo - Fijador N
3880,2,Bosque de Tierra Firme,TF5,4a,970,NO,Sapotaceae,Pouteria procera (Mart.) K.Hammer,Pouteria,procera,0,0,0,0,0,,0,2010-02-13,2010,24.884615384615383,476,Pouteria,Estrella Comercial - Frutal
3888,2,Bosque de Tierra Firme,TF5,4b,983,NO,Bignonaceae,Jacaranda copaia subsp. spectabilis (Mart. ex DC.) A.H.Gentry,Jacaranda,copaia subsp. spectabilis,0,0,0,0,0,,0,2010-02-13,2010,24.884615384615383,476,Jacaranda,Ingeniero del Suelo - Pionera
3891,2,Bosque de Tierra Firme,TF5,4b,986,NO,Sapotaceae,Pouteria tarapotensis (Eichler ex Pierre) Baehni,Pouteria,tarapotensis,0,0,2,0,0,,1,2010-02-13,2010,24.884615384615383,476,Pouteria,Estrella Comercial - Frutal
3893,2,Bosque de Tierra Firme,TF5,4b,988,NO,Moraceae,Brosimum acutifolium subsp. obovatum (Ducke) C.C.Berg,Brosimum,acutifolium subsp. obovatum,0,0,0,0,0,,0,2010-02-13,2010,24.884615384615383,476,Brosimum,Caja Fuerte - Maderable
3895,2,Bosque de Tierra Firme,TF5,4b,990,NO,Sapotaceae,Pouteria tarapotensis (Eichler ex Pierre) Baehni,Pouteria,tarapotensis,0,0,0,0,0,,0,2010-02-13,2010,24.884615384615383,476,Pouteria,Estrella Comercial - Frutal
3902,2,Bosque de Tierra Firme,TF5,5a,994A,NO,Apocynaceae,Aspidosperma rigidum Rusby,Aspidosperma,rigidum,0,0,0,0,0,,0,2010-02-13,2010,24.884615384615383,476,Aspidosperma,Caja Fuerte - Maderable
3905,2,Bosque de Tierra Firme,TF5,5b,998,NO,Fabaceae,Swartzia myrtifolia Sm.,Swartzia,myrtifolia,0,0,0,0,0,,0,2010-02-13,2010,24.884615384615383,476,Swartzia,Ingeniero del Suelo - Fijador N
3909,2,Bosque de Tierra Firme,TF5,5b,958A,NO,Apocynaceae,Aspidosperma vargasii A.DC.,Aspidosperma,vargasii,0,0,0,0,0,,0,2010-02-13,2010,24.884615384615383,476,Aspidosperma,Caja Fuerte - Maderable
4814,3,Bosque de Tierra Firme,TF1,1a,501,NO,Fabaceae,Swartzia myrtifolia Sm.,Swartzia,myrtifolia,0,0,0,0,0,,0,2010-03-09,2010,24.946428571428573,314.4,Swartzia,Ingeniero del Suelo - Fijador N
4817,3,Bosque de Tierra Firme,TF1,1a,504,NO,Fabaceae,Swartzia tomentifera (Ducke) Ducke,Swartzia,tomentifera,0,0,0,0,0,,0,2010-03-09,2010,24.946428571428573,314.4,Swartzia,Ingeniero del Suelo - Fijador N
4819,3,Bosque de Tierra Firme,TF1,1a,506,NO,Apocynaceae,Aspidosperma nitidum Benth. ex Müll.Arg.,Aspidosperma,nitidum,0,0,0,0,0,,0,2010-03-09,2010,24.946428571428573,314.4,Aspidosperma,Caja Fuerte - Maderable
4825,3,Bosque de Tierra Firme,TF1,1b,512,NO,Sapotaceae,Pouteria procera (Mart.) K.Hammer,Pouteria,procera,0,0,0,0,0,,0,2010-03-09,2010,24.946428571428573,314.4,Pouteria,Estrella Comercial - Frutal
4831,3,Bosque de Tierra Firme,TF1,2a,519,NO,Euphorbiaceae,Croton lechleri Müll.Arg.,Croton,lechleri,0,0,0,0,0,,0,2010-03-09,2010,24.946428571428573,314.4,Croton,Estrella Comercial - Industrial
4838,3,Bosque de Tierra Firme,TF1,2b,528,NO,Fabaceae,Erythrina ulei Harms,Erythrina,ulei,0,0,0,0,0,,0,2010-03-09,2010,24.946428571428573,314.4,Erythrina,Ingeniero del Suelo - Fijador N
4839,3,Bosque de Tierra Firme,TF1,2b,529,NO,Fabaceae,Erythrina ulei Harms,Erythrina,ulei,0,0,0,0,0,,0,2010-03-09,2010,24.946428571428573,314.4,Erythrina,Ingeniero del Suelo - Fijador N
4853,3,Bosque de Tierra Firme,TF1,3b,547,NO,Fabaceae,Erythrina ulei Harms,Erythrina,ulei,0,0,0,0,0,,0,2010-03-09,2010,24.946428571428573,314.4,Erythrina,Ingeniero del Suelo - Fijador N
4856,3,Bosque de Tierra Firme,TF1,4a,553,NO,Fabaceae,Erythrina ulei Harms,Erythrina,ulei,0,0,0,0,0,muerto,0,2010-03-09,2010,24.946428571428573,314.4,Erythrina,Ingeniero del Suelo - Fijador N
4860,3,Bosque de Tierra Firme,TF1,4b,559,NO,Sapotaceae,Pouteria pariry (Ducke) Baehni,Pouteria,pariry,0,0,0,0,0,,0,2010-03-09,2010,24.946428571428573,314.4,Pouteria,Estrella Comercial - Frutal
4861,3,Bosque de Tierra Firme,TF1,4b,560,NO,Fabaceae,Erythrina ulei Harms,Erythrina,ulei,0,0,0,0,0,,0,2010-03-09,2010,24.946428571428573,314.4,Erythrina,Ingeniero del Suelo - Fijador N
4865,3,Bosque de Tierra Firme,TF1,5a,564,NO,Fabaceae,Hymenaea courbaril L.,Hymenaea,courbaril,0,0,0,2,1,,1,2010-03-09,2010,24.946428571428573,314.4,Hymenaea,Estrella Comercial - Frutal
4877,3,Bosque de Tierra Firme,TF1,6a,580,NO,Sapotaceae,Pouteria sp. 3,Pouteria,sp,0,0,0,0,0,,0,2010-03-09,2010,24.946428571428573,314.4,Pouteria,Estrella Comercial - Frutal
4878,3,Bosque de Tierra Firme,TF1,6a,581,NO,Fabaceae,Swartzia myrtifolia Sm.,Swartzia,myrtifolia,0,0,0,0,0,,0,2010-03-09,2010,24.946428571428573,314.4,Swartzia,Ingeniero del Suelo - Fijador N
4881,3,Bosque de Tierra Firme,TF1,6b,589,NO,Fabaceae,Hymenaea courbaril L.,Hymenaea,courbaril,0,0,2,0,0,,1,2010-03-09,2010,24.946428571428573,314.4,Hymenaea,Estrella Comercial - Frutal
4899,3,Bosque de Tierra Firme,TF2,1b,614,NO,Fabaceae,Copaifera reticulata Ducke,Copaifera,reticulata,0,0,0,0,0,,0,2010-03-09,2010,24.946428571428573,314.4,Copaifera,Estrella Comercial - Industrial
4902,3,Bosque de Tierra Firme,TF2,1b,617,NO,Sapotaceae,Pouteria sp. 2,Pouteria,sp,0,0,0,0,0,,0,2010-03-09,2010,24.946428571428573,314.4,Pouteria,Estrella Comercial - Frutal
4907,3,Bosque de Tierra Firme,TF2,1b,624,NO,Euphorbiaceae,Hevea guianensis Aubl.,Hevea,guianensis,0,0,0,0,0,,0,2010-03-09,2010,24.946428571428573,314.4,Hevea,Estrella Comercial - Industrial
4911,3,Bosque de Tierra Firme,TF2,2a,629,NO,Euphorbiaceae,Hevea guianensis Aubl.,Hevea,guianensis,0,0,0,0,0,,0,2010-03-09,2010,24.946428571428573,314.4,Hevea,Estrella Comercial - Industrial
4918,3,Bosque de Tierra Firme,TF2,2b,638,NO,Moraceae,Brosimum rubescens Taub.,Brosimum,rubescens,0,0,0,0,0,,0,2010-03-09,2010,24.946428571428573,314.4,Brosimum,Caja Fuerte - Maderable
4923,3,Bosque de Tierra Firme,TF2,3a,648,NO,Sapotaceae,Pouteria torta (Mart.) Radlk.,Pouteria,torta,0,0,0,0,0,,0,2010-03-09,2010,24.946428571428573,314.4,Pouteria,Estrella Comercial - Frutal
4928,3,Bosque de Tierra Firme,TF2,3b,654,NO,Fabaceae,Inga sapindoides Willd.,Inga,sapindoides,1,0,0,0,0,,1,2010-03-09,2010,24.946428571428573,314.4,Inga,Ingeniero del Suelo - Fijador N
4933,3,Bosque de Tierra Firme,TF2,4a,661,NO,Euphorbiaceae,Hevea guianensis Aubl.,Hevea,guianensis,0,0,0,0,0,,0,2010-03-09,2010,24.946428571428573,314.4,Hevea,Estrella Comercial - Industrial
4939,3,Bosque de Tierra Firme,TF2,4a,669,NO,Fabaceae,Tachigali vasquezii Pipoly,Tachigali,vasquezii,0,0,0,0,0,,0,2010-03-09,2010,24.946428571428573,314.4,Tachigali,Ingeniero del Suelo - Fijador N
4944,3,Bosque de Tierra Firme,TF2,4a,674,NO,Meliaceae,Cedrela fissilis Vell.,Cedrela,fissilis,0,0,0,0,0,,0,2010-03-09,2010,24.946428571428573,314.4,Cedrela,Caja Fuerte - Maderable
4950,3,Bosque de Tierra Firme,TF2,4b,681,NO,Malvaceae,Theobroma speciosum Willd. ex Spreng.,Theobroma,speciosum,0,0,0,0,0,,0,2010-03-09,2010,24.946428571428573,314.4,Theobroma,Estrella Comercial - Frutal
4955,3,Bosque de Tierra Firme,TF2,4b,687,NO,Urticaceae,Cecropia sciadophylla Mart.,Cecropia,sciadophylla,2,2,0,0,0,,1,2010-03-09,2010,24.946428571428573,314.4,Cecropia,Ingeniero del Suelo - Pionera
4963,3,Bosque de Tierra Firme,TF2,5a,695,NO,Arecaceae,Bactris gasipaes Kunth,Bactris,gasipaes,0,0,0,0,0,,0,2010-03-09,2010,24.946428571428573,314.4,Bactris,Estrella Comercial - Frutal
4966,3,Bosque de Tierra Firme,TF2,5a,698,NO,Meliaceae,Cedrela fissilis Vell.,Cedrela,fissilis,0,0,0,0,0,,0,2010-03-09,2010,24.946428571428573,314.4,Cedrela,Caja Fuerte - Maderable
4986,3,Bosque de Tierra Firme,TF3,1b,721,NO,Moraceae,Brosimum rubescens Taub.,Brosimum,rubescens,0,0,0,0,0,,0,2010-03-06,2010,24.946428571428573,314.4,Brosimum,Caja Fuerte - Maderable
5006,3,Bosque de Tierra Firme,TF3,2b,746,NO,Euphorbiaceae,Hevea guianensis Aubl.,Hevea,guianensis,0,0,0,0,0,,0,2010-03-06,2010,24.946428571428573,314.4,Hevea,Estrella Comercial - Industrial
5008,3,Bosque de Tierra Firme,TF3,2b,749,NO,Fabaceae,Cedrelinga catenaeformis (Ducke) Ducke,Cedrelinga,catenaeformis,0,0,0,0,0,,0,2010-03-06,2010,24.946428571428573,314.4,Cedrelinga,Caja Fuerte - Maderable / Fijador N
5011,3,Bosque de Tierra Firme,TF3,3a,756,NO,Fabaceae,Inga alba (Sw.) Willd.,Inga,alba,0,0,0,0,0,,0,2010-03-06,2010,24.946428571428573,314.4,Inga,Ingeniero del Suelo - Fijador N
5018,3,Bosque de Tierra Firme,TF3,4a,765,NO,Apocynaceae,Aspidosperma vargasii A.DC.,Aspidosperma,vargasii,0,0,0,0,0,,0,2010-03-06,2010,24.946428571428573,314.4,Aspidosperma,Caja Fuerte - Maderable
5027,3,Bosque de Tierra Firme,TF3,4b,777,NO,Euphorbiaceae,Hevea guianensis Aubl.,Hevea,guianensis,0,0,0,0,0,,0,2010-03-06,2010,24.946428571428573,314.4,Hevea,Estrella Comercial - Industrial
5032,3,Bosque de Tierra Firme,TF3,5a,785,NO,Fabaceae,Copaifera reticulata Ducke,Copaifera,reticulata,0,0,0,0,0,,0,2010-03-06,2010,24.946428571428573,314.4,Copaifera,Estrella Comercial - Industrial
5035,3,Bosque de Tierra Firme,TF3,5a,790,NO,Euphorbiaceae,Hevea guianensis Aubl.,Hevea,guianensis,0,0,0,0,0,,0,2010-03-06,2010,24.946428571428573,314.4,Hevea,Estrella Comercial - Industrial
5040,3,Bosque de Tierra Firme,TF3,5b,796,NO,Fabaceae,Copaifera reticulata Ducke,Copaifera,reticulata,0,0,0,0,2,,0,2010-03-06,2010,24.946428571428573,314.4,Copaifera,Estrella Comercial - Industrial
5049,3,Bosque de Tierra Firme,TF4,1a,807,NO,Euphorbiaceae,Hevea guianensis Aubl.,Hevea,guianensis,0,0,0,0,0,,0,2010-03-06,2010,24.946428571428573,314.4,Hevea,Estrella Comercial - Industrial
5053,3,Bosque de Tierra Firme,TF4,1a,811,NO,Euphorbiaceae,Hevea guianensis Aubl.,Hevea,guianensis,0,0,0,0,0,,0,2010-03-06,2010,24.946428571428573,314.4,Hevea,Estrella Comercial - Industrial
5059,3,Bosque de Tierra Firme,TF4,1b,817,NO,Sapotaceae,Pouteria pariry (Ducke) Baehni,Pouteria,pariry,0,0,0,0,0,liana,0,2010-03-06,2010,24.946428571428573,314.4,Pouteria,Estrella Comercial - Frutal
5062,3,Bosque de Tierra Firme,TF4,1b,820,NO,Olacaceae,Aptandra tubicina (Poepp.) Benth. ex Miers,Aptandra,tubicina,0,0,0,0,0,,0,2010-03-06,2010,24.946428571428573,314.4,Aptandra,Ingeniero del Suelo - Pionera
5079,3,Bosque de Tierra Firme,TF4,2a,840,NO,Fabaceae,Inga stipularis DC.,Inga,stipularis,0,0,0,0,0,,0,2010-03-06,2010,24.946428571428573,314.4,Inga,Ingeniero del Suelo - Fijador N
5100,3,Bosque de Tierra Firme,TF4,3a,867,NO,Fabaceae,Inga punctata Willd.,Inga,punctata,0,0,0,0,0,,0,2010-03-06,2010,24.946428571428573,314.4,Inga,Ingeniero del Suelo - Fijador N
5108,3,Bosque de Tierra Firme,TF4,3a,876,NO,Bignonaceae,Jacaranda copaia (Aubl.) D.Don,Jacaranda,copaia,0,0,0,0,0,,0,2010-03-06,2010,24.946428571428573,314.4,Jacaranda,Ingeniero del Suelo - Pionera
5116,3,Bosque de Tierra Firme,TF4,3b,884,NO,Apocynaceae,Aspidosperma nitidum Benth. ex Müll.Arg.,Aspidosperma,nitidum,0,0,0,0,0,,0,2010-03-06,2010,24.946428571428573,314.4,Aspidosperma,Caja Fuerte - Maderable
5132,3,Bosque de Tierra Firme,TF5,1a,903,NO,Sapotaceae,Pouteria procera (Mart.) K.Hammer,Pouteria,procera,0,0,0,0,0,,0,2010-03-05,2010,24.946428571428573,314.4,Pouteria,Estrella Comercial - Frutal
5138,3,Bosque de Tierra Firme,TF5,1a,911,NO,Fabaceae,Inga auristellae Harms,Inga,auristellae,2,0,0,0,0,,1,2010-03-05,2010,24.946428571428573,314.4,Inga,Ingeniero del Suelo - Fijador N
5141,3,Bosque de Tierra Firme,TF5,1b,915,NO,Fabaceae,Inga sp. 2,Inga,sp,0,0,0,0,0,,0,2010-03-05,2010,24.946428571428573,314.4,Inga,Ingeniero del Suelo - Fijador N
5144,3,Bosque de Tierra Firme,TF5,1b,918,NO,Fabaceae,Inga cordistipula Mart.,Inga,cordistipula,0,0,0,0,0,,0,2010-03-05,2010,24.946428571428573,314.4,Inga,Ingeniero del Suelo - Fijador N
5148,3,Bosque de Tierra Firme,TF5,2a,923,NO,Malvaceae,Theobroma speciosum Willd. ex Spreng.,Theobroma,speciosum,0,0,0,0,0,,0,2010-03-05,2010,24.946428571428573,314.4,Theobroma,Estrella Comercial - Frutal
5154,3,Bosque de Tierra Firme,TF5,2a,930,NO,Apocynaceae,Aspidosperma rigidum Rusby,Aspidosperma,rigidum,0,0,0,0,0,,0,2010-03-05,2010,24.946428571428573,314.4,Aspidosperma,Caja Fuerte - Maderable
5156,3,Bosque de Tierra Firme,TF5,2b,934,NO,Fabaceae,Dipteryx micrantha Harms,Dipteryx,micrantha,0,0,0,0,0,,0,2010-03-05,2010,24.946428571428573,314.4,Dipteryx,Estrella Comercial - Industrial
5164,3,Bosque de Tierra Firme,TF5,3a,942,NO,Fabaceae,Inga edulis Mart.,Inga,edulis,0,0,2,2,0,,1,2010-03-05,2010,24.946428571428573,314.4,Inga,Ingeniero del Suelo - Fijador N
5168,3,Bosque de Tierra Firme,TF5,3a,946,NO,Fabaceae,Inga sp. 2,Inga,sp,0,0,2,2,1,,1,2010-03-05,2010,24.946428571428573,314.4,Inga,Ingeniero del Suelo - Fijador N
5176,3,Bosque de Tierra Firme,TF5,3b,959,NO,Fabaceae,Inga sp. 2,Inga,sp,0,0,0,0,0,,0,2010-03-05,2010,24.946428571428573,314.4,Inga,Ingeniero del Suelo - Fijador N
5184,3,Bosque de Tierra Firme,TF5,4a,970,NO,Sapotaceae,Pouteria procera (Mart.) K.Hammer,Pouteria,procera,0,0,0,0,0,,0,2010-03-05,2010,24.946428571428573,314.4,Pouteria,Estrella Comercial - Frutal
5192,3,Bosque de Tierra Firme,TF5,4b,983,NO,Bignonaceae,Jacaranda copaia subsp. spectabilis (Mart. ex DC.) A.H.Gentry,Jacaranda,copaia subsp. spectabilis,0,0,0,0,0,,0,2010-03-05,2010,24.946428571428573,314.4,Jacaranda,Ingeniero del Suelo - Pionera
5195,3,Bosque de Tierra Firme,TF5,4b,986,NO,Sapotaceae,Pouteria tarapotensis (Eichler ex Pierre) Baehni,Pouteria,tarapotensis,0,0,0,2,0,,1,2010-03-05,2010,24.946428571428573,314.4,Pouteria,Estrella Comercial - Frutal
5196,3,Bosque de Tierra Firme,TF5,4b,988,NO,Moraceae,Brosimum acutifolium subsp. obovatum (Ducke) C.C.Berg,Brosimum,acutifolium subsp. obovatum,0,0,0,0,0,,0,2010-03-05,2010,24.946428571428573,314.4,Brosimum,Caja Fuerte - Maderable
5198,3,Bosque de Tierra Firme,TF5,4b,990,NO,Sapotaceae,Pouteria tarapotensis (Eichler ex Pierre) Baehni,Pouteria,tarapotensis,0,0,0,0,0,,0,2010-03-05,2010,24.946428571428573,314.4,Pouteria,Estrella Comercial - Frutal
5205,3,Bosque de Tierra Firme,TF5,5a,994A,NO,Apocynaceae,Aspidosperma rigidum Rusby,Aspidosperma,rigidum,0,0,0,0,0,,0,2010-03-05,2010,24.946428571428573,314.4,Aspidosperma,Caja Fuerte - Maderable
5208,3,Bosque de Tierra Firme,TF5,5b,998,NO,Fabaceae,Swartzia myrtifolia Sm.,Swartzia,myrtifolia,0,0,0,0,0,,0,2010-03-05,2010,24.946428571428573,314.4,Swartzia,Ingeniero del Suelo - Fijador N
5212,3,Bosque de Tierra Firme,TF5,5b,958A,NO,Apocynaceae,Aspidosperma vargasii A.DC.,Aspidosperma,vargasii,0,0,0,0,0,,0,2010-03-05,2010,24.946428571428573,314.4,Aspidosperma,Caja Fuerte - Maderable
6118,4,Bosque de Tierra Firme,TF1,1a,501,NO,Fabaceae,Swartzia myrtifolia Sm.,Swartzia,myrtifolia,0,0,0,0,0,,0,2010-04-03,2010,23.913793103448278,125.30000000000001,Swartzia,Ingeniero del Suelo - Fijador N
6121,4,Bosque de Tierra Firme,TF1,1a,504,NO,Fabaceae,Swartzia tomentifera (Ducke) Ducke,Swartzia,tomentifera,0,0,0,0,0,,0,2010-04-03,2010,23.913793103448278,125.30000000000001,Swartzia,Ingeniero del Suelo - Fijador N
6123,4,Bosque de Tierra Firme,TF1,1a,506,NO,Apocynaceae,Aspidosperma nitidum Benth. ex Müll.Arg.,Aspidosperma,nitidum,0,0,0,0,0,,0,2010-04-03,2010,23.913793103448278,125.30000000000001,Aspidosperma,Caja Fuerte - Maderable
6129,4,Bosque de Tierra Firme,TF1,1b,512,NO,Sapotaceae,Pouteria procera (Mart.) K.Hammer,Pouteria,procera,0,0,0,0,0,,0,2010-04-03,2010,23.913793103448278,125.30000000000001,Pouteria,Estrella Comercial - Frutal
6135,4,Bosque de Tierra Firme,TF1,2a,519,NO,Euphorbiaceae,Croton lechleri Müll.Arg.,Croton,lechleri,0,0,0,0,0,,0,2010-04-03,2010,23.913793103448278,125.30000000000001,Croton,Estrella Comercial - Industrial
6142,4,Bosque de Tierra Firme,TF1,2b,528,NO,Fabaceae,Erythrina ulei Harms,Erythrina,ulei,0,0,0,0,0,,0,2010-04-03,2010,23.913793103448278,125.30000000000001,Erythrina,Ingeniero del Suelo - Fijador N
6143,4,Bosque de Tierra Firme,TF1,2b,529,NO,Fabaceae,Erythrina ulei Harms,Erythrina,ulei,0,0,0,0,0,,0,2010-04-03,2010,23.913793103448278,125.30000000000001,Erythrina,Ingeniero del Suelo - Fijador N
6157,4,Bosque de Tierra Firme,TF1,3b,547,NO,Fabaceae,Erythrina ulei Harms,Erythrina,ulei,0,0,0,0,0,,0,2010-04-03,2010,23.913793103448278,125.30000000000001,Erythrina,Ingeniero del Suelo - Fijador N
6163,4,Bosque de Tierra Firme,TF1,4b,559,NO,Sapotaceae,Pouteria pariry (Ducke) Baehni,Pouteria,pariry,0,0,0,0,0,,0,2010-04-03,2010,23.913793103448278,125.30000000000001,Pouteria,Estrella Comercial - Frutal
6164,4,Bosque de Tierra Firme,TF1,4b,560,NO,Fabaceae,Erythrina ulei Harms,Erythrina,ulei,0,0,0,0,0,,0,2010-04-03,2010,23.913793103448278,125.30000000000001,Erythrina,Ingeniero del Suelo - Fijador N
6168,4,Bosque de Tierra Firme,TF1,5a,564,NO,Fabaceae,Hymenaea courbaril L.,Hymenaea,courbaril,0,0,1,1,0,,1,2010-04-03,2010,23.913793103448278,125.30000000000001,Hymenaea,Estrella Comercial - Frutal
6180,4,Bosque de Tierra Firme,TF1,6a,580,NO,Sapotaceae,Pouteria sp. 3,Pouteria,sp,0,0,0,0,0,,0,2010-04-03,2010,23.913793103448278,125.30000000000001,Pouteria,Estrella Comercial - Frutal
6181,4,Bosque de Tierra Firme,TF1,6a,581,NO,Fabaceae,Swartzia myrtifolia Sm.,Swartzia,myrtifolia,0,0,0,0,0,,0,2010-04-03,2010,23.913793103448278,125.30000000000001,Swartzia,Ingeniero del Suelo - Fijador N
6184,4,Bosque de Tierra Firme,TF1,6b,589,NO,Fabaceae,Hymenaea courbaril L.,Hymenaea,courbaril,0,0,3,1,0,,1,2010-04-03,2010,23.913793103448278,125.30000000000001,Hymenaea,Estrella Comercial - Frutal
6202,4,Bosque de Tierra Firme,TF2,1b,614,NO,Fabaceae,Copaifera reticulata Ducke,Copaifera,reticulata,0,0,0,0,0,,0,2010-04-03,2010,23.913793103448278,125.30000000000001,Copaifera,Estrella Comercial - Industrial
6205,4,Bosque de Tierra Firme,TF2,1b,617,NO,Sapotaceae,Pouteria sp. 2,Pouteria,sp,0,0,0,0,0,,0,2010-04-03,2010,23.913793103448278,125.30000000000001,Pouteria,Estrella Comercial - Frutal
6209,4,Bosque de Tierra Firme,TF2,1b,624,NO,Euphorbiaceae,Hevea guianensis Aubl.,Hevea,guianensis,0,0,0,0,0,,0,2010-04-03,2010,23.913793103448278,125.30000000000001,Hevea,Estrella Comercial - Industrial
6213,4,Bosque de Tierra Firme,TF2,2a,629,NO,Euphorbiaceae,Hevea guianensis Aubl.,Hevea,guianensis,0,0,0,0,0,,0,2010-04-03,2010,23.913793103448278,125.30000000000001,Hevea,Estrella Comercial - Industrial
6220,4,Bosque de Tierra Firme,TF2,2b,638,NO,Moraceae,Brosimum rubescens Taub.,Brosimum,rubescens,0,0,0,0,0,,0,2010-04-03,2010,23.913793103448278,125.30000000000001,Brosimum,Caja Fuerte - Maderable
6225,4,Bosque de Tierra Firme,TF2,3a,648,NO,Sapotaceae,Pouteria torta (Mart.) Radlk.,Pouteria,torta,0,0,0,0,0,,0,2010-04-03,2010,23.913793103448278,125.30000000000001,Pouteria,Estrella Comercial - Frutal
6230,4,Bosque de Tierra Firme,TF2,3b,654,NO,Fabaceae,Inga sapindoides Willd.,Inga,sapindoides,1,0,0,0,0,,1,2010-04-03,2010,23.913793103448278,125.30000000000001,Inga,Ingeniero del Suelo - Fijador N
6235,4,Bosque de Tierra Firme,TF2,4a,661,NO,Euphorbiaceae,Hevea guianensis Aubl.,Hevea,guianensis,0,0,0,0,0,,0,2010-04-03,2010,23.913793103448278,125.30000000000001,Hevea,Estrella Comercial - Industrial
6241,4,Bosque de Tierra Firme,TF2,4a,669,NO,Fabaceae,Tachigali vasquezii Pipoly,Tachigali,vasquezii,0,0,0,0,0,,0,2010-04-03,2010,23.913793103448278,125.30000000000001,Tachigali,Ingeniero del Suelo - Fijador N
6246,4,Bosque de Tierra Firme,TF2,4a,674,NO,Meliaceae,Cedrela fissilis Vell.,Cedrela,fissilis,0,0,0,0,0,,0,2010-04-03,2010,23.913793103448278,125.30000000000001,Cedrela,Caja Fuerte - Maderable
6251,4,Bosque de Tierra Firme,TF2,4b,681,NO,Malvaceae,Theobroma speciosum Willd. ex Spreng.,Theobroma,speciosum,0,0,0,0,0,,0,2010-04-03,2010,23.913793103448278,125.30000000000001,Theobroma,Estrella Comercial - Frutal
6256,4,Bosque de Tierra Firme,TF2,4b,687,NO,Urticaceae,Cecropia sciadophylla Mart.,Cecropia,sciadophylla,3,2,0,1,0,,1,2010-04-03,2010,23.913793103448278,125.30000000000001,Cecropia,Ingeniero del Suelo - Pionera
6264,4,Bosque de Tierra Firme,TF2,5a,695,NO,Arecaceae,Bactris gasipaes Kunth,Bactris,gasipaes,0,0,0,0,0,,0,2010-04-03,2010,23.913793103448278,125.30000000000001,Bactris,Estrella Comercial - Frutal
6267,4,Bosque de Tierra Firme,TF2,5a,698,NO,Meliaceae,Cedrela fissilis Vell.,Cedrela,fissilis,0,0,0,0,0,,0,2010-04-03,2010,23.913793103448278,125.30000000000001,Cedrela,Caja Fuerte - Maderable
6287,4,Bosque de Tierra Firme,TF3,1b,721,NO,Moraceae,Brosimum rubescens Taub.,Brosimum,rubescens,0,0,0,0,0,,0,2010-04-02,2010,23.913793103448278,125.30000000000001,Brosimum,Caja Fuerte - Maderable
6307,4,Bosque de Tierra Firme,TF3,2b,746,NO,Euphorbiaceae,Hevea guianensis Aubl.,Hevea,guianensis,0,0,0,0,0,,0,2010-04-02,2010,23.913793103448278,125.30000000000001,Hevea,Estrella Comercial - Industrial
6309,4,Bosque de Tierra Firme,TF3,2b,749,NO,Fabaceae,Cedrelinga catenaeformis (Ducke) Ducke,Cedrelinga,catenaeformis,0,0,0,0,0,,0,2010-04-02,2010,23.913793103448278,125.30000000000001,Cedrelinga,Caja Fuerte - Maderable / Fijador N
6312,4,Bosque de Tierra Firme,TF3,3a,756,NO,Fabaceae,Inga alba (Sw.) Willd.,Inga,alba,0,0,0,0,0,,0,2010-04-02,2010,23.913793103448278,125.30000000000001,Inga,Ingeniero del Suelo - Fijador N
6319,4,Bosque de Tierra Firme,TF3,4a,765,NO,Apocynaceae,Aspidosperma vargasii A.DC.,Aspidosperma,vargasii,0,0,0,0,0,,0,2010-04-02,2010,23.913793103448278,125.30000000000001,Aspidosperma,Caja Fuerte - Maderable
6328,4,Bosque de Tierra Firme,TF3,4b,777,NO,Euphorbiaceae,Hevea guianensis Aubl.,Hevea,guianensis,0,0,0,0,0,,0,2010-04-02,2010,23.913793103448278,125.30000000000001,Hevea,Estrella Comercial - Industrial
6333,4,Bosque de Tierra Firme,TF3,5a,785,NO,Fabaceae,Copaifera reticulata Ducke,Copaifera,reticulata,0,0,0,0,0,,0,2010-04-02,2010,23.913793103448278,125.30000000000001,Copaifera,Estrella Comercial - Industrial
6336,4,Bosque de Tierra Firme,TF3,5a,790,NO,Euphorbiaceae,Hevea guianensis Aubl.,Hevea,guianensis,0,0,0,0,0,,0,2010-04-02,2010,23.913793103448278,125.30000000000001,Hevea,Estrella Comercial - Industrial
6341,4,Bosque de Tierra Firme,TF3,5b,796,NO,Fabaceae,Copaifera reticulata Ducke,Copaifera,reticulata,0,0,0,0,0,,0,2010-04-02,2010,23.913793103448278,125.30000000000001,Copaifera,Estrella Comercial - Industrial
6350,4,Bosque de Tierra Firme,TF4,1a,807,NO,Euphorbiaceae,Hevea guianensis Aubl.,Hevea,guianensis,0,0,0,0,0,,0,2010-04-02,2010,23.913793103448278,125.30000000000001,Hevea,Estrella Comercial - Industrial
6354,4,Bosque de Tierra Firme,TF4,1a,811,NO,Euphorbiaceae,Hevea guianensis Aubl.,Hevea,guianensis,0,0,0,0,0,,0,2010-04-02,2010,23.913793103448278,125.30000000000001,Hevea,Estrella Comercial - Industrial
6360,4,Bosque de Tierra Firme,TF4,1b,817,NO,Sapotaceae,Pouteria pariry (Ducke) Baehni,Pouteria,pariry,0,0,0,0,0,liana,0,2010-04-02,2010,23.913793103448278,125.30000000000001,Pouteria,Estrella Comercial - Frutal
6363,4,Bosque de Tierra Firme,TF4,1b,820,NO,Olacaceae,Aptandra tubicina (Poepp.) Benth. ex Miers,Aptandra,tubicina,2,0,0,0,0,,1,2010-04-02,2010,23.913793103448278,125.30000000000001,Aptandra,Ingeniero del Suelo - Pionera
6380,4,Bosque de Tierra Firme,TF4,2a,840,NO,Fabaceae,Inga stipularis DC.,Inga,stipularis,0,0,0,0,0,,0,2010-04-02,2010,23.913793103448278,125.30000000000001,Inga,Ingeniero del Suelo - Fijador N
6401,4,Bosque de Tierra Firme,TF4,3a,867,NO,Fabaceae,Inga punctata Willd.,Inga,punctata,0,0,0,0,0,,0,2010-04-02,2010,23.913793103448278,125.30000000000001,Inga,Ingeniero del Suelo - Fijador N
6409,4,Bosque de Tierra Firme,TF4,3a,876,NO,Bignonaceae,Jacaranda copaia (Aubl.) D.Don,Jacaranda,copaia,0,0,0,0,0,,0,2010-04-02,2010,23.913793103448278,125.30000000000001,Jacaranda,Ingeniero del Suelo - Pionera
6417,4,Bosque de Tierra Firme,TF4,3b,884,NO,Apocynaceae,Aspidosperma nitidum Benth. ex Müll.Arg.,Aspidosperma,nitidum,0,0,0,0,0,,0,2010-04-02,2010,23.913793103448278,125.30000000000001,Aspidosperma,Caja Fuerte - Maderable
6433,4,Bosque de Tierra Firme,TF5,1a,903,NO,Sapotaceae,Pouteria procera (Mart.) K.Hammer,Pouteria,procera,1,0,0,0,0,,1,2010-04-08,2010,23.913793103448278,125.30000000000001,Pouteria,Estrella Comercial - Frutal
6439,4,Bosque de Tierra Firme,TF5,1a,911,NO,Fabaceae,Inga auristellae Harms,Inga,auristellae,2,0,0,0,0,,1,2010-04-08,2010,23.913793103448278,125.30000000000001,Inga,Ingeniero del Suelo - Fijador N
6442,4,Bosque de Tierra Firme,TF5,1b,915,NO,Fabaceae,Inga sp. 2,Inga,sp,2,0,0,0,0,,1,2010-04-08,2010,23.913793103448278,125.30000000000001,Inga,Ingeniero del Suelo - Fijador N
6445,4,Bosque de Tierra Firme,TF5,1b,918,NO,Fabaceae,Inga cordistipula Mart.,Inga,cordistipula,1,0,0,0,0,,1,2010-04-08,2010,23.913793103448278,125.30000000000001,Inga,Ingeniero del Suelo - Fijador N
6449,4,Bosque de Tierra Firme,TF5,2a,923,NO,Malvaceae,Theobroma speciosum Willd. ex Spreng.,Theobroma,speciosum,0,0,0,0,0,,0,2010-04-08,2010,23.913793103448278,125.30000000000001,Theobroma,Estrella Comercial - Frutal
6455,4,Bosque de Tierra Firme,TF5,2a,930,NO,Apocynaceae,Aspidosperma rigidum Rusby,Aspidosperma,rigidum,0,0,0,0,0,,0,2010-04-08,2010,23.913793103448278,125.30000000000001,Aspidosperma,Caja Fuerte - Maderable
6457,4,Bosque de Tierra Firme,TF5,2b,934,NO,Fabaceae,Dipteryx micrantha Harms,Dipteryx,micrantha,0,0,0,0,0,,0,2010-04-08,2010,23.913793103448278,125.30000000000001,Dipteryx,Estrella Comercial - Industrial
6465,4,Bosque de Tierra Firme,TF5,3a,942,NO,Fabaceae,Inga edulis Mart.,Inga,edulis,3,3,0,0,2,,1,2010-04-08,2010,23.913793103448278,125.30000000000001,Inga,Ingeniero del Suelo - Fijador N
6469,4,Bosque de Tierra Firme,TF5,3a,946,NO,Fabaceae,Inga sp. 2,Inga,sp,4,4,0,0,0,,1,2010-04-08,2010,23.913793103448278,125.30000000000001,Inga,Ingeniero del Suelo - Fijador N
6477,4,Bosque de Tierra Firme,TF5,3b,959,NO,Fabaceae,Inga sp. 2,Inga,sp,4,4,0,0,0,,1,2010-04-08,2010,23.913793103448278,125.30000000000001,Inga,Ingeniero del Suelo - Fijador N
6485,4,Bosque de Tierra Firme,TF5,4a,970,NO,Sapotaceae,Pouteria procera (Mart.) K.Hammer,Pouteria,procera,0,0,0,0,0,,0,2010-04-08,2010,23.913793103448278,125.30000000000001,Pouteria,Estrella Comercial - Frutal
6493,4,Bosque de Tierra Firme,TF5,4b,983,NO,Bignonaceae,Jacaranda copaia subsp. spectabilis (Mart. ex DC.) A.H.Gentry,Jacaranda,copaia subsp. spectabilis,0,0,0,0,0,,0,2010-04-08,2010,23.913793103448278,125.30000000000001,Jacaranda,Ingeniero del Suelo - Pionera
6496,4,Bosque de Tierra Firme,TF5,4b,986,NO,Sapotaceae,Pouteria tarapotensis (Eichler ex Pierre) Baehni,Pouteria,tarapotensis,0,0,0,0,0,,0,2010-04-08,2010,23.913793103448278,125.30000000000001,Pouteria,Estrella Comercial - Frutal
6497,4,Bosque de Tierra Firme,TF5,4b,988,NO,Moraceae,Brosimum acutifolium subsp. obovatum (Ducke) C.C.Berg,Brosimum,acutifolium subsp. obovatum,0,0,0,0,0,,0,2010-04-08,2010,23.913793103448278,125.30000000000001,Brosimum,Caja Fuerte - Maderable
6499,4,Bosque de Tierra Firme,TF5,4b,990,NO,Sapotaceae,Pouteria tarapotensis (Eichler ex Pierre) Baehni,Pouteria,tarapotensis,2,0,0,0,0,,1,2010-04-08,2010,23.913793103448278,125.30000000000001,Pouteria,Estrella Comercial - Frutal
6506,4,Bosque de Tierra Firme,TF5,5a,994A,NO,Apocynaceae,Aspidosperma rigidum Rusby,Aspidosperma,rigidum,0,0,0,0,0,,0,2010-04-08,2010,23.913793103448278,125.30000000000001,Aspidosperma,Caja Fuerte - Maderable
6509,4,Bosque de Tierra Firme,TF5,5b,998,NO,Fabaceae,Swartzia myrtifolia Sm.,Swartzia,myrtifolia,0,0,0,0,0,,0,2010-04-08,2010,23.913793103448278,125.30000000000001,Swartzia,Ingeniero del Suelo - Fijador N
6513,4,Bosque de Tierra Firme,TF5,5b,958A,NO,Apocynaceae,Aspidosperma vargasii A.DC.,Aspidosperma,vargasii,0,1,0,0,0,,1,2010-04-08,2010,23.913793103448278,125.30000000000001,Aspidosperma,Caja Fuerte - Maderable
7419,5,Bosque de Tierra Firme,TF1,1a,501,NO,Fabaceae,Swartzia myrtifolia Sm.,Swartzia,myrtifolia,0,0,0,0,0,,0,2010-05-15,2010,22.233333333333334,195.35000000000002,Swartzia,Ingeniero del Suelo - Fijador N
7422,5,Bosque de Tierra Firme,TF1,1a,504,NO,Fabaceae,Swartzia tomentifera (Ducke) Ducke,Swartzia,tomentifera,0,0,0,0,0,,0,2010-05-15,2010,22.233333333333334,195.35000000000002,Swartzia,Ingeniero del Suelo - Fijador N
7424,5,Bosque de Tierra Firme,TF1,1a,506,NO,Apocynaceae,Aspidosperma nitidum Benth. ex Müll.Arg.,Aspidosperma,nitidum,0,0,0,0,0,,0,2010-05-15,2010,22.233333333333334,195.35000000000002,Aspidosperma,Caja Fuerte - Maderable
7430,5,Bosque de Tierra Firme,TF1,1b,512,NO,Sapotaceae,Pouteria procera (Mart.) K.Hammer,Pouteria,procera,0,0,0,0,0,,0,2010-05-15,2010,22.233333333333334,195.35000000000002,Pouteria,Estrella Comercial - Frutal
7436,5,Bosque de Tierra Firme,TF1,2a,519,NO,Euphorbiaceae,Croton lechleri Müll.Arg.,Croton,lechleri,0,0,0,0,0,muerto,0,2010-05-15,2010,22.233333333333334,195.35000000000002,Croton,Estrella Comercial - Industrial
7443,5,Bosque de Tierra Firme,TF1,2b,528,NO,Fabaceae,Erythrina ulei Harms,Erythrina,ulei,0,0,0,0,0,,0,2010-05-15,2010,22.233333333333334,195.35000000000002,Erythrina,Ingeniero del Suelo - Fijador N
7444,5,Bosque de Tierra Firme,TF1,2b,529,NO,Fabaceae,Erythrina ulei Harms,Erythrina,ulei,0,0,0,0,0,,0,2010-05-15,2010,22.233333333333334,195.35000000000002,Erythrina,Ingeniero del Suelo - Fijador N
7457,5,Bosque de Tierra Firme,TF1,3b,547,NO,Fabaceae,Erythrina ulei Harms,Erythrina,ulei,0,0,0,0,0,,0,2010-05-15,2010,22.233333333333334,195.35000000000002,Erythrina,Ingeniero del Suelo - Fijador N
7463,5,Bosque de Tierra Firme,TF1,4b,559,NO,Sapotaceae,Pouteria pariry (Ducke) Baehni,Pouteria,pariry,0,0,0,0,0,,0,2010-05-15,2010,22.233333333333334,195.35000000000002,Pouteria,Estrella Comercial - Frutal
7464,5,Bosque de Tierra Firme,TF1,4b,560,NO,Fabaceae,Erythrina ulei Harms,Erythrina,ulei,0,0,0,0,0,,0,2010-05-15,2010,22.233333333333334,195.35000000000002,Erythrina,Ingeniero del Suelo - Fijador N
7468,5,Bosque de Tierra Firme,TF1,5a,564,NO,Fabaceae,Hymenaea courbaril L.,Hymenaea,courbaril,0,0,2,2,0,,1,2010-05-15,2010,22.233333333333334,195.35000000000002,Hymenaea,Estrella Comercial - Frutal
7480,5,Bosque de Tierra Firme,TF1,6a,580,NO,Sapotaceae,Pouteria sp. 3,Pouteria,sp,3,1,0,0,0,,1,2010-05-15,2010,22.233333333333334,195.35000000000002,Pouteria,Estrella Comercial - Frutal
7481,5,Bosque de Tierra Firme,TF1,6a,581,NO,Fabaceae,Swartzia myrtifolia Sm.,Swartzia,myrtifolia,0,0,0,0,0,,0,2010-05-15,2010,22.233333333333334,195.35000000000002,Swartzia,Ingeniero del Suelo - Fijador N
7484,5,Bosque de Tierra Firme,TF1,6b,589,NO,Fabaceae,Hymenaea courbaril L.,Hymenaea,courbaril,0,0,3,2,0,,1,2010-05-15,2010,22.233333333333334,195.35000000000002,Hymenaea,Estrella Comercial - Frutal
7502,5,Bosque de Tierra Firme,TF2,1b,614,NO,Fabaceae,Copaifera reticulata Ducke,Copaifera,reticulata,0,0,0,0,0,,0,2010-05-15,2010,22.233333333333334,195.35000000000002,Copaifera,Estrella Comercial - Industrial
7505,5,Bosque de Tierra Firme,TF2,1b,617,NO,Sapotaceae,Pouteria sp. 2,Pouteria,sp,0,0,0,0,0,,0,2010-05-15,2010,22.233333333333334,195.35000000000002,Pouteria,Estrella Comercial - Frutal
7509,5,Bosque de Tierra Firme,TF2,1b,624,NO,Euphorbiaceae,Hevea guianensis Aubl.,Hevea,guianensis,0,0,0,0,0,,0,2010-05-15,2010,22.233333333333334,195.35000000000002,Hevea,Estrella Comercial - Industrial
7513,5,Bosque de Tierra Firme,TF2,2a,629,NO,Euphorbiaceae,Hevea guianensis Aubl.,Hevea,guianensis,0,0,0,0,0,,0,2010-05-15,2010,22.233333333333334,195.35000000000002,Hevea,Estrella Comercial - Industrial
7519,5,Bosque de Tierra Firme,TF2,2b,638,NO,Moraceae,Brosimum rubescens Taub.,Brosimum,rubescens,0,0,0,0,0,,0,2010-05-15,2010,22.233333333333334,195.35000000000002,Brosimum,Caja Fuerte - Maderable
7524,5,Bosque de Tierra Firme,TF2,3a,648,NO,Sapotaceae,Pouteria torta (Mart.) Radlk.,Pouteria,torta,0,0,0,0,0,,0,2010-05-15,2010,22.233333333333334,195.35000000000002,Pouteria,Estrella Comercial - Frutal
7529,5,Bosque de Tierra Firme,TF2,3b,654,NO,Fabaceae,Inga sapindoides Willd.,Inga,sapindoides,1,0,0,0,0,,1,2010-05-15,2010,22.233333333333334,195.35000000000002,Inga,Ingeniero del Suelo - Fijador N
7534,5,Bosque de Tierra Firme,TF2,4a,661,NO,Euphorbiaceae,Hevea guianensis Aubl.,Hevea,guianensis,0,0,0,0,0,,0,2010-05-15,2010,22.233333333333334,195.35000000000002,Hevea,Estrella Comercial - Industrial
7540,5,Bosque de Tierra Firme,TF2,4a,669,NO,Fabaceae,Tachigali vasquezii Pipoly,Tachigali,vasquezii,0,0,0,0,0,,0,2010-05-15,2010,22.233333333333334,195.35000000000002,Tachigali,Ingeniero del Suelo - Fijador N
7549,5,Bosque de Tierra Firme,TF2,4b,681,NO,Malvaceae,Theobroma speciosum Willd. ex Spreng.,Theobroma,speciosum,0,0,0,0,0,,0,2010-05-15,2010,22.233333333333334,195.35000000000002,Theobroma,Estrella Comercial - Frutal
7554,5,Bosque de Tierra Firme,TF2,4b,687,NO,Urticaceae,Cecropia sciadophylla Mart.,Cecropia,sciadophylla,1,4,0,3,1,,1,2010-05-15,2010,22.233333333333334,195.35000000000002,Cecropia,Ingeniero del Suelo - Pionera
7562,5,Bosque de Tierra Firme,TF2,5a,695,NO,Arecaceae,Bactris gasipaes Kunth,Bactris,gasipaes,0,0,0,0,0,,0,2010-05-15,2010,22.233333333333334,195.35000000000002,Bactris,Estrella Comercial - Frutal
7565,5,Bosque de Tierra Firme,TF2,5a,698,NO,Meliaceae,Cedrela fissilis Vell.,Cedrela,fissilis,0,0,0,0,0,,0,2010-05-15,2010,22.233333333333334,195.35000000000002,Cedrela,Caja Fuerte - Maderable
7585,5,Bosque de Tierra Firme,TF3,1b,721,NO,Moraceae,Brosimum rubescens Taub.,Brosimum,rubescens,0,0,0,0,0,,0,2010-05-08,2010,22.233333333333334,195.35000000000002,Brosimum,Caja Fuerte - Maderable
7605,5,Bosque de Tierra Firme,TF3,2b,746,NO,Euphorbiaceae,Hevea guianensis Aubl.,Hevea,guianensis,0,0,0,0,0,,0,2010-05-08,2010,22.233333333333334,195.35000000000002,Hevea,Estrella Comercial - Industrial
7607,5,Bosque de Tierra Firme,TF3,2b,749,NO,Fabaceae,Cedrelinga catenaeformis (Ducke) Ducke,Cedrelinga,catenaeformis,0,0,0,0,0,,0,2010-05-08,2010,22.233333333333334,195.35000000000002,Cedrelinga,Caja Fuerte - Maderable / Fijador N
7610,5,Bosque de Tierra Firme,TF3,3a,756,NO,Fabaceae,Inga alba (Sw.) Willd.,Inga,alba,0,0,0,0,0,,0,2010-05-08,2010,22.233333333333334,195.35000000000002,Inga,Ingeniero del Suelo - Fijador N
7617,5,Bosque de Tierra Firme,TF3,4a,765,NO,Apocynaceae,Aspidosperma vargasii A.DC.,Aspidosperma,vargasii,0,0,0,0,0,,0,2010-05-08,2010,22.233333333333334,195.35000000000002,Aspidosperma,Caja Fuerte - Maderable
7626,5,Bosque de Tierra Firme,TF3,4b,777,NO,Euphorbiaceae,Hevea guianensis Aubl.,Hevea,guianensis,0,0,0,0,0,,0,2010-05-08,2010,22.233333333333334,195.35000000000002,Hevea,Estrella Comercial - Industrial
7631,5,Bosque de Tierra Firme,TF3,5a,785,NO,Fabaceae,Copaifera reticulata Ducke,Copaifera,reticulata,0,0,0,0,0,,0,2010-05-08,2010,22.233333333333334,195.35000000000002,Copaifera,Estrella Comercial - Industrial
7634,5,Bosque de Tierra Firme,TF3,5a,790,NO,Euphorbiaceae,Hevea guianensis Aubl.,Hevea,guianensis,0,0,0,0,0,,0,2010-05-08,2010,22.233333333333334,195.35000000000002,Hevea,Estrella Comercial - Industrial
7639,5,Bosque de Tierra Firme,TF3,5b,796,NO,Fabaceae,Copaifera reticulata Ducke,Copaifera,reticulata,0,0,0,0,0,,0,2010-05-08,2010,22.233333333333334,195.35000000000002,Copaifera,Estrella Comercial - Industrial
7648,5,Bosque de Tierra Firme,TF4,1a,807,NO,Euphorbiaceae,Hevea guianensis Aubl.,Hevea,guianensis,0,0,0,0,0,,0,2010-05-08,2010,22.233333333333334,195.35000000000002,Hevea,Estrella Comercial - Industrial
7652,5,Bosque de Tierra Firme,TF4,1a,811,NO,Euphorbiaceae,Hevea guianensis Aubl.,Hevea,guianensis,0,0,0,0,0,,0,2010-05-08,2010,22.233333333333334,195.35000000000002,Hevea,Estrella Comercial - Industrial
7658,5,Bosque de Tierra Firme,TF4,1b,817,NO,Sapotaceae,Pouteria pariry (Ducke) Baehni,Pouteria,pariry,0,0,0,0,0,,0,2010-05-08,2010,22.233333333333334,195.35000000000002,Pouteria,Estrella Comercial - Frutal
7661,5,Bosque de Tierra Firme,TF4,1b,820,NO,Olacaceae,Aptandra tubicina (Poepp.) Benth. ex Miers,Aptandra,tubicina,4,3,0,0,0,,1,2010-05-08,2010,22.233333333333334,195.35000000000002,Aptandra,Ingeniero del Suelo - Pionera
7678,5,Bosque de Tierra Firme,TF4,2a,840,NO,Fabaceae,Inga stipularis DC.,Inga,stipularis,2,0,0,0,0,,1,2010-05-08,2010,22.233333333333334,195.35000000000002,Inga,Ingeniero del Suelo - Fijador N
7699,5,Bosque de Tierra Firme,TF4,3a,867,NO,Fabaceae,Inga punctata Willd.,Inga,punctata,1,0,0,0,0,,1,2010-05-08,2010,22.233333333333334,195.35000000000002,Inga,Ingeniero del Suelo - Fijador N
7707,5,Bosque de Tierra Firme,TF4,3a,876,NO,Bignonaceae,Jacaranda copaia (Aubl.) D.Don,Jacaranda,copaia,0,0,0,0,0,,0,2010-05-08,2010,22.233333333333334,195.35000000000002,Jacaranda,Ingeniero del Suelo - Pionera
7715,5,Bosque de Tierra Firme,TF4,3b,884,NO,Apocynaceae,Aspidosperma nitidum Benth. ex Müll.Arg.,Aspidosperma,nitidum,0,0,0,0,0,,0,2010-05-08,2010,22.233333333333334,195.35000000000002,Aspidosperma,Caja Fuerte - Maderable
7731,5,Bosque de Tierra Firme,TF5,1a,903,NO,Sapotaceae,Pouteria procera (Mart.) K.Hammer,Pouteria,procera,0,0,0,0,0,,0,2010-05-12,2010,22.233333333333334,195.35000000000002,Pouteria,Estrella Comercial - Frutal
7737,5,Bosque de Tierra Firme,TF5,1a,911,NO,Fabaceae,Inga auristellae Harms,Inga,auristellae,0,0,0,0,0,,0,2010-05-12,2010,22.233333333333334,195.35000000000002,Inga,Ingeniero del Suelo - Fijador N
7740,5,Bosque de Tierra Firme,TF5,1b,915,NO,Fabaceae,Inga sp. 2,Inga,sp,2,0,0,0,0,,1,2010-05-12,2010,22.233333333333334,195.35000000000002,Inga,Ingeniero del Suelo - Fijador N
7743,5,Bosque de Tierra Firme,TF5,1b,918,NO,Fabaceae,Inga cordistipula Mart.,Inga,cordistipula,0,0,0,0,0,,0,2010-05-12,2010,22.233333333333334,195.35000000000002,Inga,Ingeniero del Suelo - Fijador N
7747,5,Bosque de Tierra Firme,TF5,2a,923,NO,Malvaceae,Theobroma speciosum Willd. ex Spreng.,Theobroma,speciosum,0,0,0,0,0,,0,2010-05-12,2010,22.233333333333334,195.35000000000002,Theobroma,Estrella Comercial - Frutal
7753,5,Bosque de Tierra Firme,TF5,2a,930,NO,Apocynaceae,Aspidosperma rigidum Rusby,Aspidosperma,rigidum,0,0,0,0,0,,0,2010-05-12,2010,22.233333333333334,195.35000000000002,Aspidosperma,Caja Fuerte - Maderable
7755,5,Bosque de Tierra Firme,TF5,2b,934,NO,Fabaceae,Dipteryx micrantha Harms,Dipteryx,micrantha,0,0,0,0,0,,0,2010-05-12,2010,22.233333333333334,195.35000000000002,Dipteryx,Estrella Comercial - Industrial
7763,5,Bosque de Tierra Firme,TF5,3a,942,NO,Fabaceae,Inga edulis Mart.,Inga,edulis,4,4,0,0,0,,1,2010-05-12,2010,22.233333333333334,195.35000000000002,Inga,Ingeniero del Suelo - Fijador N
7767,5,Bosque de Tierra Firme,TF5,3a,946,NO,Fabaceae,Inga sp. 2,Inga,sp,4,4,0,0,0,,1,2010-05-12,2010,22.233333333333334,195.35000000000002,Inga,Ingeniero del Suelo - Fijador N
7775,5,Bosque de Tierra Firme,TF5,3b,959,NO,Fabaceae,Inga sp. 2,Inga,sp,4,4,0,0,0,,1,2010-05-12,2010,22.233333333333334,195.35000000000002,Inga,Ingeniero del Suelo - Fijador N
7783,5,Bosque de Tierra Firme,TF5,4a,970,NO,Sapotaceae,Pouteria procera (Mart.) K.Hammer,Pouteria,procera,0,0,0,0,0,,0,2010-05-12,2010,22.233333333333334,195.35000000000002,Pouteria,Estrella Comercial - Frutal
7791,5,Bosque de Tierra Firme,TF5,4b,983,NO,Bignonaceae,Jacaranda copaia subsp. spectabilis (Mart. ex DC.) A.H.Gentry,Jacaranda,copaia subsp. spectabilis,0,0,0,0,0,,0,2010-05-12,2010,22.233333333333334,195.35000000000002,Jacaranda,Ingeniero del Suelo - Pionera
7794,5,Bosque de Tierra Firme,TF5,4b,986,NO,Sapotaceae,Pouteria tarapotensis (Eichler ex Pierre) Baehni,Pouteria,tarapotensis,3,1,0,0,0,,1,2010-05-12,2010,22.233333333333334,195.35000000000002,Pouteria,Estrella Comercial - Frutal
7795,5,Bosque de Tierra Firme,TF5,4b,988,NO,Moraceae,Brosimum acutifolium subsp. obovatum (Ducke) C.C.Berg,Brosimum,acutifolium subsp. obovatum,0,0,0,0,0,,0,2010-05-12,2010,22.233333333333334,195.35000000000002,Brosimum,Caja Fuerte - Maderable
7797,5,Bosque de Tierra Firme,TF5,4b,990,NO,Sapotaceae,Pouteria tarapotensis (Eichler ex Pierre) Baehni,Pouteria,tarapotensis,3,0,0,0,0,,1,2010-05-12,2010,22.233333333333334,195.35000000000002,Pouteria,Estrella Comercial - Frutal
7804,5,Bosque de Tierra Firme,TF5,5a,994A,NO,Apocynaceae,Aspidosperma rigidum Rusby,Aspidosperma,rigidum,0,0,0,0,0,,0,2010-05-12,2010,22.233333333333334,195.35000000000002,Aspidosperma,Caja Fuerte - Maderable
7807,5,Bosque de Tierra Firme,TF5,5b,998,NO,Fabaceae,Swartzia myrtifolia Sm.,Swartzia,myrtifolia,0,0,0,0,0,,0,2010-05-12,2010,22.233333333333334,195.35000000000002,Swartzia,Ingeniero del Suelo - Fijador N
7811,5,Bosque de Tierra Firme,TF5,5b,958A,NO,Apocynaceae,Aspidosperma vargasii A.DC.,Aspidosperma,vargasii,0,0,0,0,0,,0,2010-05-12,2010,22.233333333333334,195.35000000000002,Aspidosperma,Caja Fuerte - Maderable
8714,6,Bosque de Tierra Firme,TF1,1a,501,NO,Fabaceae,Swartzia myrtifolia Sm.,Swartzia,myrtifolia,0,0,0,0,0,,0,2010-06-04,2010,22.55,28.6,Swartzia,Ingeniero del Suelo - Fijador N
8717,6,Bosque de Tierra Firme,TF1,1a,504,NO,Fabaceae,Swartzia tomentifera (Ducke) Ducke,Swartzia,tomentifera,0,0,0,0,0,,0,2010-06-04,2010,22.55,28.6,Swartzia,Ingeniero del Suelo - Fijador N
8719,6,Bosque de Tierra Firme,TF1,1a,506,NO,Apocynaceae,Aspidosperma nitidum Benth. ex Müll.Arg.,Aspidosperma,nitidum,0,0,0,0,0,,0,2010-06-04,2010,22.55,28.6,Aspidosperma,Caja Fuerte - Maderable
8725,6,Bosque de Tierra Firme,TF1,1b,512,NO,Sapotaceae,Pouteria procera (Mart.) K.Hammer,Pouteria,procera,0,0,0,0,0,,0,2010-06-04,2010,22.55,28.6,Pouteria,Estrella Comercial - Frutal
8737,6,Bosque de Tierra Firme,TF1,2b,528,NO,Fabaceae,Erythrina ulei Harms,Erythrina,ulei,0,0,0,0,0,,0,2010-06-04,2010,22.55,28.6,Erythrina,Ingeniero del Suelo - Fijador N
8738,6,Bosque de Tierra Firme,TF1,2b,529,NO,Fabaceae,Erythrina ulei Harms,Erythrina,ulei,0,0,0,0,0,,0,2010-06-04,2010,22.55,28.6,Erythrina,Ingeniero del Suelo - Fijador N
8751,6,Bosque de Tierra Firme,TF1,3b,547,NO,Fabaceae,Erythrina ulei Harms,Erythrina,ulei,0,0,0,0,0,,0,2010-06-04,2010,22.55,28.6,Erythrina,Ingeniero del Suelo - Fijador N
8757,6,Bosque de Tierra Firme,TF1,4b,559,NO,Sapotaceae,Pouteria pariry (Ducke) Baehni,Pouteria,pariry,0,0,0,0,0,,0,2010-06-04,2010,22.55,28.6,Pouteria,Estrella Comercial - Frutal
8758,6,Bosque de Tierra Firme,TF1,4b,560,NO,Fabaceae,Erythrina ulei Harms,Erythrina,ulei,0,0,0,0,0,,0,2010-06-04,2010,22.55,28.6,Erythrina,Ingeniero del Suelo - Fijador N
8762,6,Bosque de Tierra Firme,TF1,5a,564,NO,Fabaceae,Hymenaea courbaril L.,Hymenaea,courbaril,0,0,1,2,0,,1,2010-06-04,2010,22.55,28.6,Hymenaea,Estrella Comercial - Frutal
8774,6,Bosque de Tierra Firme,TF1,6a,580,NO,Sapotaceae,Pouteria sp. 3,Pouteria,sp,0,2,2,0,0,,1,2010-06-04,2010,22.55,28.6,Pouteria,Estrella Comercial - Frutal
8775,6,Bosque de Tierra Firme,TF1,6a,581,NO,Fabaceae,Swartzia myrtifolia Sm.,Swartzia,myrtifolia,0,0,0,0,0,,0,2010-06-04,2010,22.55,28.6,Swartzia,Ingeniero del Suelo - Fijador N
8778,6,Bosque de Tierra Firme,TF1,6b,589,NO,Fabaceae,Hymenaea courbaril L.,Hymenaea,courbaril,0,0,1,2,0,,1,2010-06-04,2010,22.55,28.6,Hymenaea,Estrella Comercial - Frutal
8796,6,Bosque de Tierra Firme,TF2,1b,614,NO,Fabaceae,Copaifera reticulata Ducke,Copaifera,reticulata,0,0,0,0,0,,0,2010-06-04,2010,22.55,28.6,Copaifera,Estrella Comercial - Industrial
8799,6,Bosque de Tierra Firme,TF2,1b,617,NO,Sapotaceae,Pouteria sp. 2,Pouteria,sp,0,0,0,0,0,,0,2010-06-04,2010,22.55,28.6,Pouteria,Estrella Comercial - Frutal
8803,6,Bosque de Tierra Firme,TF2,1b,624,NO,Euphorbiaceae,Hevea guianensis Aubl.,Hevea,guianensis,0,0,0,0,0,,0,2010-06-04,2010,22.55,28.6,Hevea,Estrella Comercial - Industrial
8807,6,Bosque de Tierra Firme,TF2,2a,629,NO,Euphorbiaceae,Hevea guianensis Aubl.,Hevea,guianensis,0,0,0,0,0,,0,2010-06-04,2010,22.55,28.6,Hevea,Estrella Comercial - Industrial
8813,6,Bosque de Tierra Firme,TF2,2b,638,NO,Moraceae,Brosimum rubescens Taub.,Brosimum,rubescens,0,0,0,0,0,,0,2010-06-04,2010,22.55,28.6,Brosimum,Caja Fuerte - Maderable
8818,6,Bosque de Tierra Firme,TF2,3a,648,NO,Sapotaceae,Pouteria torta (Mart.) Radlk.,Pouteria,torta,0,0,0,0,0,,0,2010-06-04,2010,22.55,28.6,Pouteria,Estrella Comercial - Frutal
8823,6,Bosque de Tierra Firme,TF2,3b,654,NO,Fabaceae,Inga sapindoides Willd.,Inga,sapindoides,1,0,0,0,0,,1,2010-06-04,2010,22.55,28.6,Inga,Ingeniero del Suelo - Fijador N
8828,6,Bosque de Tierra Firme,TF2,4a,661,NO,Euphorbiaceae,Hevea guianensis Aubl.,Hevea,guianensis,0,0,0,0,0,,0,2010-06-04,2010,22.55,28.6,Hevea,Estrella Comercial - Industrial
8834,6,Bosque de Tierra Firme,TF2,4a,669,NO,Fabaceae,Tachigali vasquezii Pipoly,Tachigali,vasquezii,0,0,0,0,0,,0,2010-06-04,2010,22.55,28.6,Tachigali,Ingeniero del Suelo - Fijador N
8843,6,Bosque de Tierra Firme,TF2,4b,681,NO,Malvaceae,Theobroma speciosum Willd. ex Spreng.,Theobroma,speciosum,0,0,0,0,0,,0,2010-06-04,2010,22.55,28.6,Theobroma,Estrella Comercial - Frutal
8848,6,Bosque de Tierra Firme,TF2,4b,687,NO,Urticaceae,Cecropia sciadophylla Mart.,Cecropia,sciadophylla,3,3,2,2,0,,1,2010-06-04,2010,22.55,28.6,Cecropia,Ingeniero del Suelo - Pionera
8856,6,Bosque de Tierra Firme,TF2,5a,695,NO,Arecaceae,Bactris gasipaes Kunth,Bactris,gasipaes,0,0,0,0,0,,0,2010-06-04,2010,22.55,28.6,Bactris,Estrella Comercial - Frutal
8859,6,Bosque de Tierra Firme,TF2,5a,698,NO,Meliaceae,Cedrela fissilis Vell.,Cedrela,fissilis,0,0,0,0,0,,0,2010-06-04,2010,22.55,28.6,Cedrela,Caja Fuerte - Maderable
8879,6,Bosque de Tierra Firme,TF3,1b,721,NO,Moraceae,Brosimum rubescens Taub.,Brosimum,rubescens,0,0,0,0,0,,0,2010-06-03,2010,22.55,28.6,Brosimum,Caja Fuerte - Maderable
8899,6,Bosque de Tierra Firme,TF3,2b,746,NO,Euphorbiaceae,Hevea guianensis Aubl.,Hevea,guianensis,0,0,0,0,0,,0,2010-06-03,2010,22.55,28.6,Hevea,Estrella Comercial - Industrial
8901,6,Bosque de Tierra Firme,TF3,2b,749,NO,Fabaceae,Cedrelinga catenaeformis (Ducke) Ducke,Cedrelinga,catenaeformis,0,0,0,0,0,,0,2010-06-03,2010,22.55,28.6,Cedrelinga,Caja Fuerte - Maderable / Fijador N
8904,6,Bosque de Tierra Firme,TF3,3a,756,NO,Fabaceae,Inga alba (Sw.) Willd.,Inga,alba,1,0,0,0,0,,1,2010-06-03,2010,22.55,28.6,Inga,Ingeniero del Suelo - Fijador N
8911,6,Bosque de Tierra Firme,TF3,4a,765,NO,Apocynaceae,Aspidosperma vargasii A.DC.,Aspidosperma,vargasii,0,0,0,0,0,,0,2010-06-03,2010,22.55,28.6,Aspidosperma,Caja Fuerte - Maderable
8920,6,Bosque de Tierra Firme,TF3,4b,777,NO,Euphorbiaceae,Hevea guianensis Aubl.,Hevea,guianensis,0,0,0,0,0,,0,2010-06-03,2010,22.55,28.6,Hevea,Estrella Comercial - Industrial
8925,6,Bosque de Tierra Firme,TF3,5a,785,NO,Fabaceae,Copaifera reticulata Ducke,Copaifera,reticulata,0,0,0,0,0,,0,2010-06-03,2010,22.55,28.6,Copaifera,Estrella Comercial - Industrial
8928,6,Bosque de Tierra Firme,TF3,5a,790,NO,Euphorbiaceae,Hevea guianensis Aubl.,Hevea,guianensis,0,0,0,0,0,,0,2010-06-03,2010,22.55,28.6,Hevea,Estrella Comercial - Industrial
8933,6,Bosque de Tierra Firme,TF3,5b,796,NO,Fabaceae,Copaifera reticulata Ducke,Copaifera,reticulata,0,0,0,0,0,,0,2010-06-03,2010,22.55,28.6,Copaifera,Estrella Comercial - Industrial
8942,6,Bosque de Tierra Firme,TF4,1a,807,NO,Euphorbiaceae,Hevea guianensis Aubl.,Hevea,guianensis,0,0,0,0,0,,0,2010-06-03,2010,22.55,28.6,Hevea,Estrella Comercial - Industrial
8946,6,Bosque de Tierra Firme,TF4,1a,811,NO,Euphorbiaceae,Hevea guianensis Aubl.,Hevea,guianensis,0,0,0,0,0,,0,2010-06-03,2010,22.55,28.6,Hevea,Estrella Comercial - Industrial
8952,6,Bosque de Tierra Firme,TF4,1b,817,NO,Sapotaceae,Pouteria pariry (Ducke) Baehni,Pouteria,pariry,3,1,0,0,0,,1,2010-06-03,2010,22.55,28.6,Pouteria,Estrella Comercial - Frutal
8955,6,Bosque de Tierra Firme,TF4,1b,820,NO,Olacaceae,Aptandra tubicina (Poepp.) Benth. ex Miers,Aptandra,tubicina,0,4,0,0,0,,1,2010-06-03,2010,22.55,28.6,Aptandra,Ingeniero del Suelo - Pionera
8972,6,Bosque de Tierra Firme,TF4,2a,840,NO,Fabaceae,Inga stipularis DC.,Inga,stipularis,0,0,0,0,0,,0,2010-06-03,2010,22.55,28.6,Inga,Ingeniero del Suelo - Fijador N
8993,6,Bosque de Tierra Firme,TF4,3a,867,NO,Fabaceae,Inga punctata Willd.,Inga,punctata,0,0,0,0,0,,0,2010-06-03,2010,22.55,28.6,Inga,Ingeniero del Suelo - Fijador N
9001,6,Bosque de Tierra Firme,TF4,3a,876,NO,Bignonaceae,Jacaranda copaia (Aubl.) D.Don,Jacaranda,copaia,0,0,0,0,0,,0,2010-06-03,2010,22.55,28.6,Jacaranda,Ingeniero del Suelo - Pionera
9009,6,Bosque de Tierra Firme,TF4,3b,884,NO,Apocynaceae,Aspidosperma nitidum Benth. ex Müll.Arg.,Aspidosperma,nitidum,0,0,0,0,0,,0,2010-06-03,2010,22.55,28.6,Aspidosperma,Caja Fuerte - Maderable
9025,6,Bosque de Tierra Firme,TF5,1a,903,NO,Sapotaceae,Pouteria procera (Mart.) K.Hammer,Pouteria,procera,0,0,0,0,0,,0,2010-06-05,2010,22.55,28.6,Pouteria,Estrella Comercial - Frutal
9031,6,Bosque de Tierra Firme,TF5,1a,911,NO,Fabaceae,Inga auristellae Harms,Inga,auristellae,2,0,0,0,0,,1,2010-06-05,2010,22.55,28.6,Inga,Ingeniero del Suelo - Fijador N
9034,6,Bosque de Tierra Firme,TF5,1b,915,NO,Fabaceae,Inga sp. 2,Inga,sp,0,0,0,0,0,,0,2010-06-05,2010,22.55,28.6,Inga,Ingeniero del Suelo - Fijador N
9037,6,Bosque de Tierra Firme,TF5,1b,918,NO,Fabaceae,Inga cordistipula Mart.,Inga,cordistipula,0,0,0,0,0,,0,2010-06-05,2010,22.55,28.6,Inga,Ingeniero del Suelo - Fijador N
9041,6,Bosque de Tierra Firme,TF5,2a,923,NO,Malvaceae,Theobroma speciosum Willd. ex Spreng.,Theobroma,speciosum,0,0,0,0,0,,0,2010-06-05,2010,22.55,28.6,Theobroma,Estrella Comercial - Frutal
9046,6,Bosque de Tierra Firme,TF5,2a,930,NO,Apocynaceae,Aspidosperma rigidum Rusby,Aspidosperma,rigidum,0,0,0,0,0,,0,2010-06-05,2010,22.55,28.6,Aspidosperma,Caja Fuerte - Maderable
9048,6,Bosque de Tierra Firme,TF5,2b,934,NO,Fabaceae,Dipteryx micrantha Harms,Dipteryx,micrantha,0,0,0,0,0,,0,2010-06-05,2010,22.55,28.6,Dipteryx,Estrella Comercial - Industrial
9056,6,Bosque de Tierra Firme,TF5,3a,942,NO,Fabaceae,Inga edulis Mart.,Inga,edulis,2,0,0,0,0,,1,2010-06-05,2010,22.55,28.6,Inga,Ingeniero del Suelo - Fijador N
9060,6,Bosque de Tierra Firme,TF5,3a,946,NO,Fabaceae,Inga sp. 2,Inga,sp,3,0,0,0,0,,1,2010-06-05,2010,22.55,28.6,Inga,Ingeniero del Suelo - Fijador N
9068,6,Bosque de Tierra Firme,TF5,3b,959,NO,Fabaceae,Inga sp. 2,Inga,sp,2,0,0,0,0,,1,2010-06-05,2010,22.55,28.6,Inga,Ingeniero del Suelo - Fijador N
9076,6,Bosque de Tierra Firme,TF5,4a,970,NO,Sapotaceae,Pouteria procera (Mart.) K.Hammer,Pouteria,procera,0,0,0,0,0,,0,2010-06-05,2010,22.55,28.6,Pouteria,Estrella Comercial - Frutal
9084,6,Bosque de Tierra Firme,TF5,4b,983,NO,Bignonaceae,Jacaranda copaia subsp. spectabilis (Mart. ex DC.) A.H.Gentry,Jacaranda,copaia subsp. spectabilis,0,0,0,0,0,,0,2010-06-05,2010,22.55,28.6,Jacaranda,Ingeniero del Suelo - Pionera
9087,6,Bosque de Tierra Firme,TF5,4b,986,NO,Sapotaceae,Pouteria tarapotensis (Eichler ex Pierre) Baehni,Pouteria,tarapotensis,2,3,2,0,0,,1,2010-06-05,2010,22.55,28.6,Pouteria,Estrella Comercial - Frutal
9088,6,Bosque de Tierra Firme,TF5,4b,988,NO,Moraceae,Brosimum acutifolium subsp. obovatum (Ducke) C.C.Berg,Brosimum,acutifolium subsp. obovatum,0,0,0,0,0,,0,2010-06-05,2010,22.55,28.6,Brosimum,Caja Fuerte - Maderable
9090,6,Bosque de Tierra Firme,TF5,4b,990,NO,Sapotaceae,Pouteria tarapotensis (Eichler ex Pierre) Baehni,Pouteria,tarapotensis,0,3,3,0,0,,1,2010-06-05,2010,22.55,28.6,Pouteria,Estrella Comercial - Frutal
9097,6,Bosque de Tierra Firme,TF5,5a,994A,NO,Apocynaceae,Aspidosperma rigidum Rusby,Aspidosperma,rigidum,0,0,0,0,0,,0,2010-06-05,2010,22.55,28.6,Aspidosperma,Caja Fuerte - Maderable
9100,6,Bosque de Tierra Firme,TF5,5b,998,NO,Fabaceae,Swartzia myrtifolia Sm.,Swartzia,myrtifolia,0,0,0,0,0,,0,2010-06-05,2010,22.55,28.6,Swartzia,Ingeniero del Suelo - Fijador N
9104,6,Bosque de Tierra Firme,TF5,5b,958A,NO,Apocynaceae,Aspidosperma vargasii A.DC.,Aspidosperma,vargasii,0,0,0,0,0,,0,2010-06-05,2010,22.55,28.6,Aspidosperma,Caja Fuerte - Maderable
10007,7,Bosque de Tierra Firme,TF1,1a,501,NO,Fabaceae,Swartzia myrtifolia Sm.,Swartzia,myrtifolia,0,0,0,0,0,,0,2010-07-28,2010,19.693548387096776,167.79999999999995,Swartzia,Ingeniero del Suelo - Fijador N
10010,7,Bosque de Tierra Firme,TF1,1a,504,NO,Fabaceae,Swartzia tomentifera (Ducke) Ducke,Swartzia,tomentifera,0,0,0,0,0,,0,2010-07-28,2010,19.693548387096776,167.79999999999995,Swartzia,Ingeniero del Suelo - Fijador N
10012,7,Bosque de Tierra Firme,TF1,1a,506,NO,Apocynaceae,Aspidosperma nitidum Benth. ex Müll.Arg.,Aspidosperma,nitidum,0,0,0,0,0,,0,2010-07-28,2010,19.693548387096776,167.79999999999995,Aspidosperma,Caja Fuerte - Maderable
10018,7,Bosque de Tierra Firme,TF1,1b,512,NO,Sapotaceae,Pouteria procera (Mart.) K.Hammer,Pouteria,procera,0,0,0,0,0,,0,2010-07-28,2010,19.693548387096776,167.79999999999995,Pouteria,Estrella Comercial - Frutal
10030,7,Bosque de Tierra Firme,TF1,2b,528,NO,Fabaceae,Erythrina ulei Harms,Erythrina,ulei,3,0,0,0,0,,1,2010-07-28,2010,19.693548387096776,167.79999999999995,Erythrina,Ingeniero del Suelo - Fijador N
10031,7,Bosque de Tierra Firme,TF1,2b,529,NO,Fabaceae,Erythrina ulei Harms,Erythrina,ulei,4,0,0,0,0,,1,2010-07-28,2010,19.693548387096776,167.79999999999995,Erythrina,Ingeniero del Suelo - Fijador N
10044,7,Bosque de Tierra Firme,TF1,3b,547,NO,Fabaceae,Erythrina ulei Harms,Erythrina,ulei,0,0,0,0,0,,0,2010-07-28,2010,19.693548387096776,167.79999999999995,Erythrina,Ingeniero del Suelo - Fijador N
10050,7,Bosque de Tierra Firme,TF1,4b,559,NO,Sapotaceae,Pouteria pariry (Ducke) Baehni,Pouteria,pariry,0,0,0,0,0,,0,2010-07-28,2010,19.693548387096776,167.79999999999995,Pouteria,Estrella Comercial - Frutal
10051,7,Bosque de Tierra Firme,TF1,4b,560,NO,Fabaceae,Erythrina ulei Harms,Erythrina,ulei,0,0,0,0,0,,0,2010-07-28,2010,19.693548387096776,167.79999999999995,Erythrina,Ingeniero del Suelo - Fijador N
10055,7,Bosque de Tierra Firme,TF1,5a,564,NO,Fabaceae,Hymenaea courbaril L.,Hymenaea,courbaril,0,0,0,1,1,,1,2010-07-28,2010,19.693548387096776,167.79999999999995,Hymenaea,Estrella Comercial - Frutal
10067,7,Bosque de Tierra Firme,TF1,6a,580,NO,Sapotaceae,Pouteria sp. 3,Pouteria,sp,0,0,0,0,0,,0,2010-07-28,2010,19.693548387096776,167.79999999999995,Pouteria,Estrella Comercial - Frutal
10068,7,Bosque de Tierra Firme,TF1,6a,581,NO,Fabaceae,Swartzia myrtifolia Sm.,Swartzia,myrtifolia,0,0,0,0,0,,0,2010-07-28,2010,19.693548387096776,167.79999999999995,Swartzia,Ingeniero del Suelo - Fijador N
10071,7,Bosque de Tierra Firme,TF1,6b,589,NO,Fabaceae,Hymenaea courbaril L.,Hymenaea,courbaril,0,0,1,0,1,,1,2010-07-28,2010,19.693548387096776,167.79999999999995,Hymenaea,Estrella Comercial - Frutal
10089,7,Bosque de Tierra Firme,TF2,1b,614,NO,Fabaceae,Copaifera reticulata Ducke,Copaifera,reticulata,0,0,0,0,0,,0,2010-07-28,2010,19.693548387096776,167.79999999999995,Copaifera,Estrella Comercial - Industrial
10092,7,Bosque de Tierra Firme,TF2,1b,617,NO,Sapotaceae,Pouteria sp. 2,Pouteria,sp,0,0,0,0,0,,0,2010-07-28,2010,19.693548387096776,167.79999999999995,Pouteria,Estrella Comercial - Frutal
10096,7,Bosque de Tierra Firme,TF2,1b,624,NO,Euphorbiaceae,Hevea guianensis Aubl.,Hevea,guianensis,0,0,0,0,0,,0,2010-07-28,2010,19.693548387096776,167.79999999999995,Hevea,Estrella Comercial - Industrial
10100,7,Bosque de Tierra Firme,TF2,2a,629,NO,Euphorbiaceae,Hevea guianensis Aubl.,Hevea,guianensis,0,0,0,0,0,,0,2010-07-28,2010,19.693548387096776,167.79999999999995,Hevea,Estrella Comercial - Industrial
10106,7,Bosque de Tierra Firme,TF2,2b,638,NO,Moraceae,Brosimum rubescens Taub.,Brosimum,rubescens,0,0,0,0,0,,0,2010-07-28,2010,19.693548387096776,167.79999999999995,Brosimum,Caja Fuerte - Maderable
10111,7,Bosque de Tierra Firme,TF2,3a,648,NO,Sapotaceae,Pouteria torta (Mart.) Radlk.,Pouteria,torta,0,0,0,0,0,,0,2010-07-28,2010,19.693548387096776,167.79999999999995,Pouteria,Estrella Comercial - Frutal
10116,7,Bosque de Tierra Firme,TF2,3b,654,NO,Fabaceae,Inga sapindoides Willd.,Inga,sapindoides,0,1,0,0,0,,1,2010-07-28,2010,19.693548387096776,167.79999999999995,Inga,Ingeniero del Suelo - Fijador N
10121,7,Bosque de Tierra Firme,TF2,4a,661,NO,Euphorbiaceae,Hevea guianensis Aubl.,Hevea,guianensis,0,0,0,0,0,,0,2010-07-28,2010,19.693548387096776,167.79999999999995,Hevea,Estrella Comercial - Industrial
10127,7,Bosque de Tierra Firme,TF2,4a,669,NO,Fabaceae,Tachigali vasquezii Pipoly,Tachigali,vasquezii,0,0,0,0,0,,0,2010-07-28,2010,19.693548387096776,167.79999999999995,Tachigali,Ingeniero del Suelo - Fijador N
10136,7,Bosque de Tierra Firme,TF2,4b,681,NO,Malvaceae,Theobroma speciosum Willd. ex Spreng.,Theobroma,speciosum,0,0,0,0,0,,0,2010-07-28,2010,19.693548387096776,167.79999999999995,Theobroma,Estrella Comercial - Frutal
10141,7,Bosque de Tierra Firme,TF2,4b,687,NO,Urticaceae,Cecropia sciadophylla Mart.,Cecropia,sciadophylla,0,0,0,0,0,,0,2010-07-28,2010,19.693548387096776,167.79999999999995,Cecropia,Ingeniero del Suelo - Pionera
10149,7,Bosque de Tierra Firme,TF2,5a,695,NO,Arecaceae,Bactris gasipaes Kunth,Bactris,gasipaes,0,0,0,0,0,,0,2010-07-28,2010,19.693548387096776,167.79999999999995,Bactris,Estrella Comercial - Frutal
10152,7,Bosque de Tierra Firme,TF2,5a,698,NO,Meliaceae,Cedrela fissilis Vell.,Cedrela,fissilis,0,0,0,0,0,,0,2010-07-28,2010,19.693548387096776,167.79999999999995,Cedrela,Caja Fuerte - Maderable
10172,7,Bosque de Tierra Firme,TF3,1b,721,NO,Moraceae,Brosimum rubescens Taub.,Brosimum,rubescens,0,0,0,0,0,,0,2010-07-30,2010,19.693548387096776,167.79999999999995,Brosimum,Caja Fuerte - Maderable
10192,7,Bosque de Tierra Firme,TF3,2b,746,NO,Euphorbiaceae,Hevea guianensis Aubl.,Hevea,guianensis,0,0,0,0,0,,0,2010-07-30,2010,19.693548387096776,167.79999999999995,Hevea,Estrella Comercial - Industrial
10194,7,Bosque de Tierra Firme,TF3,2b,749,NO,Fabaceae,Cedrelinga catenaeformis (Ducke) Ducke,Cedrelinga,catenaeformis,0,0,0,0,0,,0,2010-07-30,2010,19.693548387096776,167.79999999999995,Cedrelinga,Caja Fuerte - Maderable / Fijador N
10197,7,Bosque de Tierra Firme,TF3,3a,756,NO,Fabaceae,Inga alba (Sw.) Willd.,Inga,alba,0,0,0,0,0,,0,2010-07-30,2010,19.693548387096776,167.79999999999995,Inga,Ingeniero del Suelo - Fijador N
10204,7,Bosque de Tierra Firme,TF3,4a,765,NO,Apocynaceae,Aspidosperma vargasii A.DC.,Aspidosperma,vargasii,0,0,0,0,0,,0,2010-07-30,2010,19.693548387096776,167.79999999999995,Aspidosperma,Caja Fuerte - Maderable
10213,7,Bosque de Tierra Firme,TF3,4b,777,NO,Euphorbiaceae,Hevea guianensis Aubl.,Hevea,guianensis,3,4,0,0,0,,1,2010-07-30,2010,19.693548387096776,167.79999999999995,Hevea,Estrella Comercial - Industrial
10218,7,Bosque de Tierra Firme,TF3,5a,785,NO,Fabaceae,Copaifera reticulata Ducke,Copaifera,reticulata,0,0,0,0,0,,0,2010-07-30,2010,19.693548387096776,167.79999999999995,Copaifera,Estrella Comercial - Industrial
10221,7,Bosque de Tierra Firme,TF3,5a,790,NO,Euphorbiaceae,Hevea guianensis Aubl.,Hevea,guianensis,3,4,0,0,0,,1,2010-07-30,2010,19.693548387096776,167.79999999999995,Hevea,Estrella Comercial - Industrial
10226,7,Bosque de Tierra Firme,TF3,5b,796,NO,Fabaceae,Copaifera reticulata Ducke,Copaifera,reticulata,0,0,2,0,0,,1,2010-07-30,2010,19.693548387096776,167.79999999999995,Copaifera,Estrella Comercial - Industrial
10235,7,Bosque de Tierra Firme,TF4,1a,807,NO,Euphorbiaceae,Hevea guianensis Aubl.,Hevea,guianensis,0,0,0,0,0,,0,2010-07-30,2010,19.693548387096776,167.79999999999995,Hevea,Estrella Comercial - Industrial
10239,7,Bosque de Tierra Firme,TF4,1a,811,NO,Euphorbiaceae,Hevea guianensis Aubl.,Hevea,guianensis,0,0,0,0,0,,0,2010-07-30,2010,19.693548387096776,167.79999999999995,Hevea,Estrella Comercial - Industrial
10245,7,Bosque de Tierra Firme,TF4,1b,817,NO,Sapotaceae,Pouteria pariry (Ducke) Baehni,Pouteria,pariry,0,4,2,0,0,,1,2010-07-30,2010,19.693548387096776,167.79999999999995,Pouteria,Estrella Comercial - Frutal
10248,7,Bosque de Tierra Firme,TF4,1b,820,NO,Olacaceae,Aptandra tubicina (Poepp.) Benth. ex Miers,Aptandra,tubicina,0,0,0,0,0,,0,2010-07-30,2010,19.693548387096776,167.79999999999995,Aptandra,Ingeniero del Suelo - Pionera
10265,7,Bosque de Tierra Firme,TF4,2a,840,NO,Fabaceae,Inga stipularis DC.,Inga,stipularis,0,0,0,0,0,,0,2010-07-30,2010,19.693548387096776,167.79999999999995,Inga,Ingeniero del Suelo - Fijador N
10286,7,Bosque de Tierra Firme,TF4,3a,867,NO,Fabaceae,Inga punctata Willd.,Inga,punctata,0,0,0,0,0,,0,2010-07-30,2010,19.693548387096776,167.79999999999995,Inga,Ingeniero del Suelo - Fijador N
10294,7,Bosque de Tierra Firme,TF4,3a,876,NO,Bignonaceae,Jacaranda copaia (Aubl.) D.Don,Jacaranda,copaia,0,0,0,0,0,,0,2010-07-30,2010,19.693548387096776,167.79999999999995,Jacaranda,Ingeniero del Suelo - Pionera
10302,7,Bosque de Tierra Firme,TF4,3b,884,NO,Apocynaceae,Aspidosperma nitidum Benth. ex Müll.Arg.,Aspidosperma,nitidum,0,0,0,0,0,,0,2010-07-30,2010,19.693548387096776,167.79999999999995,Aspidosperma,Caja Fuerte - Maderable
10318,7,Bosque de Tierra Firme,TF5,1a,903,NO,Sapotaceae,Pouteria procera (Mart.) K.Hammer,Pouteria,procera,4,3,0,0,0,,1,2010-07-30,2010,19.693548387096776,167.79999999999995,Pouteria,Estrella Comercial - Frutal
10324,7,Bosque de Tierra Firme,TF5,1a,911,NO,Fabaceae,Inga auristellae Harms,Inga,auristellae,0,0,0,0,0,,0,2010-07-30,2010,19.693548387096776,167.79999999999995,Inga,Ingeniero del Suelo - Fijador N
10327,7,Bosque de Tierra Firme,TF5,1b,915,NO,Fabaceae,Inga sp. 2,Inga,sp,0,0,0,0,0,,0,2010-07-30,2010,19.693548387096776,167.79999999999995,Inga,Ingeniero del Suelo - Fijador N
10330,7,Bosque de Tierra Firme,TF5,1b,918,NO,Fabaceae,Inga cordistipula Mart.,Inga,cordistipula,0,0,0,0,0,,0,2010-07-30,2010,19.693548387096776,167.79999999999995,Inga,Ingeniero del Suelo - Fijador N
10334,7,Bosque de Tierra Firme,TF5,2a,923,NO,Malvaceae,Theobroma speciosum Willd. ex Spreng.,Theobroma,speciosum,0,0,0,0,0,,0,2010-07-30,2010,19.693548387096776,167.79999999999995,Theobroma,Estrella Comercial - Frutal
10339,7,Bosque de Tierra Firme,TF5,2a,930,NO,Apocynaceae,Aspidosperma rigidum Rusby,Aspidosperma,rigidum,1,0,0,0,0,,1,2010-07-30,2010,19.693548387096776,167.79999999999995,Aspidosperma,Caja Fuerte - Maderable
10341,7,Bosque de Tierra Firme,TF5,2b,934,NO,Fabaceae,Dipteryx micrantha Harms,Dipteryx,micrantha,0,0,0,0,0,,0,2010-07-30,2010,19.693548387096776,167.79999999999995,Dipteryx,Estrella Comercial - Industrial
10349,7,Bosque de Tierra Firme,TF5,3a,942,NO,Fabaceae,Inga edulis Mart.,Inga,edulis,0,3,2,0,0,,1,2010-07-30,2010,19.693548387096776,167.79999999999995,Inga,Ingeniero del Suelo - Fijador N
10353,7,Bosque de Tierra Firme,TF5,3a,946,NO,Fabaceae,Inga sp. 2,Inga,sp,0,3,3,0,0,,1,2010-07-30,2010,19.693548387096776,167.79999999999995,Inga,Ingeniero del Suelo - Fijador N
10361,7,Bosque de Tierra Firme,TF5,3b,959,NO,Fabaceae,Inga sp. 2,Inga,sp,2,0,2,0,0,,1,2010-07-30,2010,19.693548387096776,167.79999999999995,Inga,Ingeniero del Suelo - Fijador N
10369,7,Bosque de Tierra Firme,TF5,4a,970,NO,Sapotaceae,Pouteria procera (Mart.) K.Hammer,Pouteria,procera,2,0,0,0,0,,1,2010-07-30,2010,19.693548387096776,167.79999999999995,Pouteria,Estrella Comercial - Frutal
10377,7,Bosque de Tierra Firme,TF5,4b,983,NO,Bignonaceae,Jacaranda copaia subsp. spectabilis (Mart. ex DC.) A.H.Gentry,Jacaranda,copaia subsp. spectabilis,0,0,0,0,0,,0,2010-07-30,2010,19.693548387096776,167.79999999999995,Jacaranda,Ingeniero del Suelo - Pionera
10380,7,Bosque de Tierra Firme,TF5,4b,986,NO,Sapotaceae,Pouteria tarapotensis (Eichler ex Pierre) Baehni,Pouteria,tarapotensis,0,0,2,0,0,,1,2010-07-30,2010,19.693548387096776,167.79999999999995,Pouteria,Estrella Comercial - Frutal
10381,7,Bosque de Tierra Firme,TF5,4b,988,NO,Moraceae,Brosimum acutifolium subsp. obovatum (Ducke) C.C.Berg,Brosimum,acutifolium subsp. obovatum,0,0,0,0,0,,0,2010-07-30,2010,19.693548387096776,167.79999999999995,Brosimum,Caja Fuerte - Maderable
10383,7,Bosque de Tierra Firme,TF5,4b,990,NO,Sapotaceae,Pouteria tarapotensis (Eichler ex Pierre) Baehni,Pouteria,tarapotensis,0,3,3,0,0,,1,2010-07-30,2010,19.693548387096776,167.79999999999995,Pouteria,Estrella Comercial - Frutal
10390,7,Bosque de Tierra Firme,TF5,5a,994A,NO,Apocynaceae,Aspidosperma rigidum Rusby,Aspidosperma,rigidum,0,0,0,0,0,,0,2010-07-30,2010,19.693548387096776,167.79999999999995,Aspidosperma,Caja Fuerte - Maderable
10393,7,Bosque de Tierra Firme,TF5,5b,998,NO,Fabaceae,Swartzia myrtifolia Sm.,Swartzia,myrtifolia,0,0,0,0,0,,0,2010-07-30,2010,19.693548387096776,167.79999999999995,Swartzia,Ingeniero del Suelo - Fijador N
10397,7,Bosque de Tierra Firme,TF5,5b,958A,NO,Apocynaceae,Aspidosperma vargasii A.DC.,Aspidosperma,vargasii,0,0,0,0,0,,0,2010-07-30,2010,19.693548387096776,167.79999999999995,Aspidosperma,Caja Fuerte - Maderable
11300,8,Bosque de Tierra Firme,TF1,1a,501,NO,Fabaceae,Swartzia myrtifolia Sm.,Swartzia,myrtifolia,0,0,0,0,0,,0,2010-08-21,2010,22.612903225806452,ND,Swartzia,Ingeniero del Suelo - Fijador N
11303,8,Bosque de Tierra Firme,TF1,1a,504,NO,Fabaceae,Swartzia tomentifera (Ducke) Ducke,Swartzia,tomentifera,0,0,0,0,0,,0,2010-08-21,2010,22.612903225806452,ND,Swartzia,Ingeniero del Suelo - Fijador N
11305,8,Bosque de Tierra Firme,TF1,1a,506,NO,Apocynaceae,Aspidosperma nitidum Benth. ex Müll.Arg.,Aspidosperma,nitidum,0,0,0,0,0,,0,2010-08-21,2010,22.612903225806452,ND,Aspidosperma,Caja Fuerte - Maderable
11311,8,Bosque de Tierra Firme,TF1,1b,512,NO,Sapotaceae,Pouteria procera (Mart.) K.Hammer,Pouteria,procera,0,0,0,0,0,,0,2010-08-21,2010,22.612903225806452,ND,Pouteria,Estrella Comercial - Frutal
11323,8,Bosque de Tierra Firme,TF1,2b,528,NO,Fabaceae,Erythrina ulei Harms,Erythrina,ulei,4,2,0,0,0,,1,2010-08-21,2010,22.612903225806452,ND,Erythrina,Ingeniero del Suelo - Fijador N
11324,8,Bosque de Tierra Firme,TF1,2b,529,NO,Fabaceae,Erythrina ulei Harms,Erythrina,ulei,3,3,0,0,0,,1,2010-08-21,2010,22.612903225806452,ND,Erythrina,Ingeniero del Suelo - Fijador N
11337,8,Bosque de Tierra Firme,TF1,3b,547,NO,Fabaceae,Erythrina ulei Harms,Erythrina,ulei,3,2,0,0,0,,1,2010-08-21,2010,22.612903225806452,ND,Erythrina,Ingeniero del Suelo - Fijador N
11343,8,Bosque de Tierra Firme,TF1,4b,559,NO,Sapotaceae,Pouteria pariry (Ducke) Baehni,Pouteria,pariry,0,0,0,0,0,,0,2010-08-21,2010,22.612903225806452,ND,Pouteria,Estrella Comercial - Frutal
11344,8,Bosque de Tierra Firme,TF1,4b,560,NO,Fabaceae,Erythrina ulei Harms,Erythrina,ulei,0,0,0,0,0,desfoliado,0,2010-08-21,2010,22.612903225806452,ND,Erythrina,Ingeniero del Suelo - Fijador N
11348,8,Bosque de Tierra Firme,TF1,5a,564,NO,Fabaceae,Hymenaea courbaril L.,Hymenaea,courbaril,2,0,0,1,0,,1,2010-08-21,2010,22.612903225806452,ND,Hymenaea,Estrella Comercial - Frutal
11360,8,Bosque de Tierra Firme,TF1,6a,580,NO,Sapotaceae,Pouteria sp. 3,Pouteria,sp,0,0,2,1,0,,1,2010-08-21,2010,22.612903225806452,ND,Pouteria,Estrella Comercial - Frutal
11361,8,Bosque de Tierra Firme,TF1,6a,581,NO,Fabaceae,Swartzia myrtifolia Sm.,Swartzia,myrtifolia,0,0,0,0,0,,0,2010-08-21,2010,22.612903225806452,ND,Swartzia,Ingeniero del Suelo - Fijador N
11364,8,Bosque de Tierra Firme,TF1,6b,589,NO,Fabaceae,Hymenaea courbaril L.,Hymenaea,courbaril,2,0,0,0,0,,1,2010-08-21,2010,22.612903225806452,ND,Hymenaea,Estrella Comercial - Frutal
11382,8,Bosque de Tierra Firme,TF2,1b,614,NO,Fabaceae,Copaifera reticulata Ducke,Copaifera,reticulata,0,0,0,0,0,,0,2010-08-21,2010,22.612903225806452,ND,Copaifera,Estrella Comercial - Industrial
11385,8,Bosque de Tierra Firme,TF2,1b,617,NO,Sapotaceae,Pouteria sp. 2,Pouteria,sp,0,0,0,0,0,,0,2010-08-21,2010,22.612903225806452,ND,Pouteria,Estrella Comercial - Frutal
11389,8,Bosque de Tierra Firme,TF2,1b,624,NO,Euphorbiaceae,Hevea guianensis Aubl.,Hevea,guianensis,0,0,0,0,0,,0,2010-08-21,2010,22.612903225806452,ND,Hevea,Estrella Comercial - Industrial
11393,8,Bosque de Tierra Firme,TF2,2a,629,NO,Euphorbiaceae,Hevea guianensis Aubl.,Hevea,guianensis,0,0,0,0,0,,0,2010-08-21,2010,22.612903225806452,ND,Hevea,Estrella Comercial - Industrial
11399,8,Bosque de Tierra Firme,TF2,2b,638,NO,Moraceae,Brosimum rubescens Taub.,Brosimum,rubescens,0,0,0,0,0,,0,2010-08-21,2010,22.612903225806452,ND,Brosimum,Caja Fuerte - Maderable
11404,8,Bosque de Tierra Firme,TF2,3a,648,NO,Sapotaceae,Pouteria torta (Mart.) Radlk.,Pouteria,torta,0,0,0,0,0,,0,2010-08-21,2010,22.612903225806452,ND,Pouteria,Estrella Comercial - Frutal
11409,8,Bosque de Tierra Firme,TF2,3b,654,NO,Fabaceae,Inga sapindoides Willd.,Inga,sapindoides,0,0,0,0,0,,0,2010-08-21,2010,22.612903225806452,ND,Inga,Ingeniero del Suelo - Fijador N
11414,8,Bosque de Tierra Firme,TF2,4a,661,NO,Euphorbiaceae,Hevea guianensis Aubl.,Hevea,guianensis,0,0,0,0,0,desfoliado,0,2010-08-21,2010,22.612903225806452,ND,Hevea,Estrella Comercial - Industrial
11420,8,Bosque de Tierra Firme,TF2,4a,669,NO,Fabaceae,Tachigali vasquezii Pipoly,Tachigali,vasquezii,0,0,0,0,0,,0,2010-08-21,2010,22.612903225806452,ND,Tachigali,Ingeniero del Suelo - Fijador N
11429,8,Bosque de Tierra Firme,TF2,4b,681,NO,Malvaceae,Theobroma speciosum Willd. ex Spreng.,Theobroma,speciosum,0,0,0,0,0,,0,2010-08-21,2010,22.612903225806452,ND,Theobroma,Estrella Comercial - Frutal
11434,8,Bosque de Tierra Firme,TF2,4b,687,NO,Urticaceae,Cecropia sciadophylla Mart.,Cecropia,sciadophylla,0,0,0,0,0,,0,2010-08-21,2010,22.612903225806452,ND,Cecropia,Ingeniero del Suelo - Pionera
11442,8,Bosque de Tierra Firme,TF2,5a,695,NO,Arecaceae,Bactris gasipaes Kunth,Bactris,gasipaes,0,0,0,0,0,,0,2010-08-21,2010,22.612903225806452,ND,Bactris,Estrella Comercial - Frutal
11445,8,Bosque de Tierra Firme,TF2,5a,698,NO,Meliaceae,Cedrela fissilis Vell.,Cedrela,fissilis,0,0,0,0,0,,0,2010-08-21,2010,22.612903225806452,ND,Cedrela,Caja Fuerte - Maderable
11465,8,Bosque de Tierra Firme,TF3,1b,721,NO,Moraceae,Brosimum rubescens Taub.,Brosimum,rubescens,2,0,0,0,0,,1,2010-08-22,2010,22.612903225806452,ND,Brosimum,Caja Fuerte - Maderable
11485,8,Bosque de Tierra Firme,TF3,2b,746,NO,Euphorbiaceae,Hevea guianensis Aubl.,Hevea,guianensis,0,0,0,0,0,,0,2010-08-22,2010,22.612903225806452,ND,Hevea,Estrella Comercial - Industrial
11487,8,Bosque de Tierra Firme,TF3,2b,749,NO,Fabaceae,Cedrelinga catenaeformis (Ducke) Ducke,Cedrelinga,catenaeformis,0,0,0,0,0,,0,2010-08-22,2010,22.612903225806452,ND,Cedrelinga,Caja Fuerte - Maderable / Fijador N
11490,8,Bosque de Tierra Firme,TF3,3a,756,NO,Fabaceae,Inga alba (Sw.) Willd.,Inga,alba,0,0,0,0,0,,0,2010-08-22,2010,22.612903225806452,ND,Inga,Ingeniero del Suelo - Fijador N
11497,8,Bosque de Tierra Firme,TF3,4a,765,NO,Apocynaceae,Aspidosperma vargasii A.DC.,Aspidosperma,vargasii,0,0,0,0,0,,0,2010-08-22,2010,22.612903225806452,ND,Aspidosperma,Caja Fuerte - Maderable
11506,8,Bosque de Tierra Firme,TF3,4b,777,NO,Euphorbiaceae,Hevea guianensis Aubl.,Hevea,guianensis,0,0,0,0,0,,0,2010-08-22,2010,22.612903225806452,ND,Hevea,Estrella Comercial - Industrial
11511,8,Bosque de Tierra Firme,TF3,5a,785,NO,Fabaceae,Copaifera reticulata Ducke,Copaifera,reticulata,0,0,0,0,0,,0,2010-08-22,2010,22.612903225806452,ND,Copaifera,Estrella Comercial - Industrial
11514,8,Bosque de Tierra Firme,TF3,5a,790,NO,Euphorbiaceae,Hevea guianensis Aubl.,Hevea,guianensis,0,0,0,0,0,,0,2010-08-22,2010,22.612903225806452,ND,Hevea,Estrella Comercial - Industrial
11519,8,Bosque de Tierra Firme,TF3,5b,796,NO,Fabaceae,Copaifera reticulata Ducke,Copaifera,reticulata,4,0,0,0,0,,1,2010-08-22,2010,22.612903225806452,ND,Copaifera,Estrella Comercial - Industrial
11528,8,Bosque de Tierra Firme,TF4,1a,807,NO,Euphorbiaceae,Hevea guianensis Aubl.,Hevea,guianensis,0,0,0,0,0,,0,2010-08-22,2010,22.612903225806452,ND,Hevea,Estrella Comercial - Industrial
11532,8,Bosque de Tierra Firme,TF4,1a,811,NO,Euphorbiaceae,Hevea guianensis Aubl.,Hevea,guianensis,0,0,0,0,0,,0,2010-08-22,2010,22.612903225806452,ND,Hevea,Estrella Comercial - Industrial
11538,8,Bosque de Tierra Firme,TF4,1b,817,NO,Sapotaceae,Pouteria pariry (Ducke) Baehni,Pouteria,pariry,0,0,3,0,0,,1,2010-08-22,2010,22.612903225806452,ND,Pouteria,Estrella Comercial - Frutal
11541,8,Bosque de Tierra Firme,TF4,1b,820,NO,Olacaceae,Aptandra tubicina (Poepp.) Benth. ex Miers,Aptandra,tubicina,0,0,0,0,0,,0,2010-08-22,2010,22.612903225806452,ND,Aptandra,Ingeniero del Suelo - Pionera
11558,8,Bosque de Tierra Firme,TF4,2a,840,NO,Fabaceae,Inga stipularis DC.,Inga,stipularis,0,0,0,0,0,,0,2010-08-22,2010,22.612903225806452,ND,Inga,Ingeniero del Suelo - Fijador N
11579,8,Bosque de Tierra Firme,TF4,3a,867,NO,Fabaceae,Inga punctata Willd.,Inga,punctata,0,0,0,0,0,,0,2010-08-22,2010,22.612903225806452,ND,Inga,Ingeniero del Suelo - Fijador N
11587,8,Bosque de Tierra Firme,TF4,3a,876,NO,Bignonaceae,Jacaranda copaia (Aubl.) D.Don,Jacaranda,copaia,0,0,0,0,0,,0,2010-08-22,2010,22.612903225806452,ND,Jacaranda,Ingeniero del Suelo - Pionera
11595,8,Bosque de Tierra Firme,TF4,3b,884,NO,Apocynaceae,Aspidosperma nitidum Benth. ex Müll.Arg.,Aspidosperma,nitidum,0,0,0,0,0,,0,2010-08-22,2010,22.612903225806452,ND,Aspidosperma,Caja Fuerte - Maderable
11611,8,Bosque de Tierra Firme,TF5,1a,903,NO,Sapotaceae,Pouteria procera (Mart.) K.Hammer,Pouteria,procera,3,4,0,0,0,,1,2010-08-21,2010,22.612903225806452,ND,Pouteria,Estrella Comercial - Frutal
11617,8,Bosque de Tierra Firme,TF5,1a,911,NO,Fabaceae,Inga auristellae Harms,Inga,auristellae,0,0,0,0,0,,0,2010-08-21,2010,22.612903225806452,ND,Inga,Ingeniero del Suelo - Fijador N
11620,8,Bosque de Tierra Firme,TF5,1b,915,NO,Fabaceae,Inga sp. 2,Inga,sp,0,0,0,0,0,,0,2010-08-21,2010,22.612903225806452,ND,Inga,Ingeniero del Suelo - Fijador N
11623,8,Bosque de Tierra Firme,TF5,1b,918,NO,Fabaceae,Inga cordistipula Mart.,Inga,cordistipula,0,0,0,0,0,,0,2010-08-21,2010,22.612903225806452,ND,Inga,Ingeniero del Suelo - Fijador N
11627,8,Bosque de Tierra Firme,TF5,2a,923,NO,Malvaceae,Theobroma speciosum Willd. ex Spreng.,Theobroma,speciosum,3,0,0,0,0,,1,2010-08-21,2010,22.612903225806452,ND,Theobroma,Estrella Comercial - Frutal
11632,8,Bosque de Tierra Firme,TF5,2a,930,NO,Apocynaceae,Aspidosperma rigidum Rusby,Aspidosperma,rigidum,0,0,0,0,0,desfoliado,0,2010-08-21,2010,22.612903225806452,ND,Aspidosperma,Caja Fuerte - Maderable
11634,8,Bosque de Tierra Firme,TF5,2b,934,NO,Fabaceae,Dipteryx micrantha Harms,Dipteryx,micrantha,0,0,0,0,0,,0,2010-08-21,2010,22.612903225806452,ND,Dipteryx,Estrella Comercial - Industrial
11642,8,Bosque de Tierra Firme,TF5,3a,942,NO,Fabaceae,Inga edulis Mart.,Inga,edulis,0,3,2,0,0,,1,2010-08-21,2010,22.612903225806452,ND,Inga,Ingeniero del Suelo - Fijador N
11646,8,Bosque de Tierra Firme,TF5,3a,946,NO,Fabaceae,Inga sp. 2,Inga,sp,0,3,3,0,0,,1,2010-08-21,2010,22.612903225806452,ND,Inga,Ingeniero del Suelo - Fijador N
11654,8,Bosque de Tierra Firme,TF5,3b,959,NO,Fabaceae,Inga sp. 2,Inga,sp,3,3,2,0,0,,1,2010-08-21,2010,22.612903225806452,ND,Inga,Ingeniero del Suelo - Fijador N
11662,8,Bosque de Tierra Firme,TF5,4a,970,NO,Sapotaceae,Pouteria procera (Mart.) K.Hammer,Pouteria,procera,0,0,0,0,0,,0,2010-08-21,2010,22.612903225806452,ND,Pouteria,Estrella Comercial - Frutal
11670,8,Bosque de Tierra Firme,TF5,4b,983,NO,Bignonaceae,Jacaranda copaia subsp. spectabilis (Mart. ex DC.) A.H.Gentry,Jacaranda,copaia subsp. spectabilis,0,0,0,0,0,,0,2010-08-21,2010,22.612903225806452,ND,Jacaranda,Ingeniero del Suelo - Pionera
11673,8,Bosque de Tierra Firme,TF5,4b,986,NO,Sapotaceae,Pouteria tarapotensis (Eichler ex Pierre) Baehni,Pouteria,tarapotensis,0,0,1,1,0,,1,2010-08-21,2010,22.612903225806452,ND,Pouteria,Estrella Comercial - Frutal
11674,8,Bosque de Tierra Firme,TF5,4b,988,NO,Moraceae,Brosimum acutifolium subsp. obovatum (Ducke) C.C.Berg,Brosimum,acutifolium subsp. obovatum,0,0,0,0,0,,0,2010-08-21,2010,22.612903225806452,ND,Brosimum,Caja Fuerte - Maderable
11676,8,Bosque de Tierra Firme,TF5,4b,990,NO,Sapotaceae,Pouteria tarapotensis (Eichler ex Pierre) Baehni,Pouteria,tarapotensis,0,3,1,0,0,,1,2010-08-21,2010,22.612903225806452,ND,Pouteria,Estrella Comercial - Frutal
11683,8,Bosque de Tierra Firme,TF5,5a,994A,NO,Apocynaceae,Aspidosperma rigidum Rusby,Aspidosperma,rigidum,0,0,0,0,0,desfoliado,0,2010-08-21,2010,22.612903225806452,ND,Aspidosperma,Caja Fuerte - Maderable
11686,8,Bosque de Tierra Firme,TF5,5b,998,NO,Fabaceae,Swartzia myrtifolia Sm.,Swartzia,myrtifolia,0,0,0,0,0,,0,2010-08-21,2010,22.612903225806452,ND,Swartzia,Ingeniero del Suelo - Fijador N
11690,8,Bosque de Tierra Firme,TF5,5b,958A,NO,Apocynaceae,Aspidosperma vargasii A.DC.,Aspidosperma,vargasii,0,0,0,0,0,,0,2010-08-21,2010,22.612903225806452,ND,Aspidosperma,Caja Fuerte - Maderable
12592,9,Bosque de Tierra Firme,TF1,1a,501,NO,Fabaceae,Swartzia myrtifolia Sm.,Swartzia,myrtifolia,0,0,0,0,0,,0,2010-09-27,2010,24.98166666666667,188.70000000000002,Swartzia,Ingeniero del Suelo - Fijador N
12595,9,Bosque de Tierra Firme,TF1,1a,504,NO,Fabaceae,Swartzia tomentifera (Ducke) Ducke,Swartzia,tomentifera,0,0,0,0,0,,0,2010-09-27,2010,24.98166666666667,188.70000000000002,Swartzia,Ingeniero del Suelo - Fijador N
12597,9,Bosque de Tierra Firme,TF1,1a,506,NO,Apocynaceae,Aspidosperma nitidum Benth. ex Müll.Arg.,Aspidosperma,nitidum,0,0,0,0,0,,0,2010-09-27,2010,24.98166666666667,188.70000000000002,Aspidosperma,Caja Fuerte - Maderable
12603,9,Bosque de Tierra Firme,TF1,1b,512,NO,Sapotaceae,Pouteria procera (Mart.) K.Hammer,Pouteria,procera,0,0,0,0,0,,0,2010-09-27,2010,24.98166666666667,188.70000000000002,Pouteria,Estrella Comercial - Frutal
12615,9,Bosque de Tierra Firme,TF1,2b,528,NO,Fabaceae,Erythrina ulei Harms,Erythrina,ulei,2,0,0,0,0,,1,2010-09-27,2010,24.98166666666667,188.70000000000002,Erythrina,Ingeniero del Suelo - Fijador N
12616,9,Bosque de Tierra Firme,TF1,2b,529,NO,Fabaceae,Erythrina ulei Harms,Erythrina,ulei,2,0,0,0,0,,1,2010-09-27,2010,24.98166666666667,188.70000000000002,Erythrina,Ingeniero del Suelo - Fijador N
12629,9,Bosque de Tierra Firme,TF1,3b,547,NO,Fabaceae,Erythrina ulei Harms,Erythrina,ulei,0,0,0,0,0,,0,2010-09-27,2010,24.98166666666667,188.70000000000002,Erythrina,Ingeniero del Suelo - Fijador N
12635,9,Bosque de Tierra Firme,TF1,4b,559,NO,Sapotaceae,Pouteria pariry (Ducke) Baehni,Pouteria,pariry,0,0,0,0,0,,0,2010-09-27,2010,24.98166666666667,188.70000000000002,Pouteria,Estrella Comercial - Frutal
12636,9,Bosque de Tierra Firme,TF1,4b,560,NO,Fabaceae,Erythrina ulei Harms,Erythrina,ulei,0,0,0,0,0,,0,2010-09-27,2010,24.98166666666667,188.70000000000002,Erythrina,Ingeniero del Suelo - Fijador N
12640,9,Bosque de Tierra Firme,TF1,5a,564,NO,Fabaceae,Hymenaea courbaril L.,Hymenaea,courbaril,1,0,0,1,0,,1,2010-09-27,2010,24.98166666666667,188.70000000000002,Hymenaea,Estrella Comercial - Frutal
12652,9,Bosque de Tierra Firme,TF1,6a,580,NO,Sapotaceae,Pouteria sp. 3,Pouteria,sp,3,3,0,0,0,,1,2010-09-27,2010,24.98166666666667,188.70000000000002,Pouteria,Estrella Comercial - Frutal
12653,9,Bosque de Tierra Firme,TF1,6a,581,NO,Fabaceae,Swartzia myrtifolia Sm.,Swartzia,myrtifolia,0,0,0,0,0,,0,2010-09-27,2010,24.98166666666667,188.70000000000002,Swartzia,Ingeniero del Suelo - Fijador N
12656,9,Bosque de Tierra Firme,TF1,6b,589,NO,Fabaceae,Hymenaea courbaril L.,Hymenaea,courbaril,5,1,0,0,0,,1,2010-09-27,2010,24.98166666666667,188.70000000000002,Hymenaea,Estrella Comercial - Frutal
12674,9,Bosque de Tierra Firme,TF2,1b,614,NO,Fabaceae,Copaifera reticulata Ducke,Copaifera,reticulata,0,0,0,0,0,,0,2010-09-27,2010,24.98166666666667,188.70000000000002,Copaifera,Estrella Comercial - Industrial
12677,9,Bosque de Tierra Firme,TF2,1b,617,NO,Sapotaceae,Pouteria sp. 2,Pouteria,sp,0,0,0,0,0,,0,2010-09-27,2010,24.98166666666667,188.70000000000002,Pouteria,Estrella Comercial - Frutal
12681,9,Bosque de Tierra Firme,TF2,1b,624,NO,Euphorbiaceae,Hevea guianensis Aubl.,Hevea,guianensis,0,0,0,0,0,,0,2010-09-27,2010,24.98166666666667,188.70000000000002,Hevea,Estrella Comercial - Industrial
12685,9,Bosque de Tierra Firme,TF2,2a,629,NO,Euphorbiaceae,Hevea guianensis Aubl.,Hevea,guianensis,0,0,0,0,0,,0,2010-09-27,2010,24.98166666666667,188.70000000000002,Hevea,Estrella Comercial - Industrial
12691,9,Bosque de Tierra Firme,TF2,2b,638,NO,Moraceae,Brosimum rubescens Taub.,Brosimum,rubescens,0,0,0,0,0,,0,2010-09-27,2010,24.98166666666667,188.70000000000002,Brosimum,Caja Fuerte - Maderable
12696,9,Bosque de Tierra Firme,TF2,3a,648,NO,Sapotaceae,Pouteria torta (Mart.) Radlk.,Pouteria,torta,0,0,0,0,0,,0,2010-09-27,2010,24.98166666666667,188.70000000000002,Pouteria,Estrella Comercial - Frutal
12701,9,Bosque de Tierra Firme,TF2,3b,654,NO,Fabaceae,Inga sapindoides Willd.,Inga,sapindoides,0,0,0,0,0,,0,2010-09-27,2010,24.98166666666667,188.70000000000002,Inga,Ingeniero del Suelo - Fijador N
12706,9,Bosque de Tierra Firme,TF2,4a,661,NO,Euphorbiaceae,Hevea guianensis Aubl.,Hevea,guianensis,0,0,0,0,0,,0,2010-09-27,2010,24.98166666666667,188.70000000000002,Hevea,Estrella Comercial - Industrial
12712,9,Bosque de Tierra Firme,TF2,4a,669,NO,Fabaceae,Tachigali vasquezii Pipoly,Tachigali,vasquezii,0,0,0,0,0,,0,2010-09-27,2010,24.98166666666667,188.70000000000002,Tachigali,Ingeniero del Suelo - Fijador N
12721,9,Bosque de Tierra Firme,TF2,4b,681,NO,Malvaceae,Theobroma speciosum Willd. ex Spreng.,Theobroma,speciosum,0,0,0,0,0,,0,2010-09-27,2010,24.98166666666667,188.70000000000002,Theobroma,Estrella Comercial - Frutal
12726,9,Bosque de Tierra Firme,TF2,4b,687,NO,Urticaceae,Cecropia sciadophylla Mart.,Cecropia,sciadophylla,0,0,0,0,0,,0,2010-09-27,2010,24.98166666666667,188.70000000000002,Cecropia,Ingeniero del Suelo - Pionera
12734,9,Bosque de Tierra Firme,TF2,5a,695,NO,Arecaceae,Bactris gasipaes Kunth,Bactris,gasipaes,0,0,0,0,0,,0,2010-09-27,2010,24.98166666666667,188.70000000000002,Bactris,Estrella Comercial - Frutal
12737,9,Bosque de Tierra Firme,TF2,5a,698,NO,Meliaceae,Cedrela fissilis Vell.,Cedrela,fissilis,0,0,0,0,0,,0,2010-09-27,2010,24.98166666666667,188.70000000000002,Cedrela,Caja Fuerte - Maderable
12757,9,Bosque de Tierra Firme,TF3,1b,721,NO,Moraceae,Brosimum rubescens Taub.,Brosimum,rubescens,0,0,0,0,0,,0,2010-09-28,2010,24.98166666666667,188.70000000000002,Brosimum,Caja Fuerte - Maderable
12777,9,Bosque de Tierra Firme,TF3,2b,746,NO,Euphorbiaceae,Hevea guianensis Aubl.,Hevea,guianensis,0,0,0,0,0,,0,2010-09-28,2010,24.98166666666667,188.70000000000002,Hevea,Estrella Comercial - Industrial
12779,9,Bosque de Tierra Firme,TF3,2b,749,NO,Fabaceae,Cedrelinga catenaeformis (Ducke) Ducke,Cedrelinga,catenaeformis,0,0,0,0,0,,0,2010-09-28,2010,24.98166666666667,188.70000000000002,Cedrelinga,Caja Fuerte - Maderable / Fijador N
12782,9,Bosque de Tierra Firme,TF3,3a,756,NO,Fabaceae,Inga alba (Sw.) Willd.,Inga,alba,3,4,0,0,0,,1,2010-09-28,2010,24.98166666666667,188.70000000000002,Inga,Ingeniero del Suelo - Fijador N
12789,9,Bosque de Tierra Firme,TF3,4a,765,NO,Apocynaceae,Aspidosperma vargasii A.DC.,Aspidosperma,vargasii,0,0,0,0,0,,0,2010-09-28,2010,24.98166666666667,188.70000000000002,Aspidosperma,Caja Fuerte - Maderable
12798,9,Bosque de Tierra Firme,TF3,4b,777,NO,Euphorbiaceae,Hevea guianensis Aubl.,Hevea,guianensis,0,0,2,0,0,,1,2010-09-28,2010,24.98166666666667,188.70000000000002,Hevea,Estrella Comercial - Industrial
12803,9,Bosque de Tierra Firme,TF3,5a,785,NO,Fabaceae,Copaifera reticulata Ducke,Copaifera,reticulata,0,0,0,0,0,,0,2010-09-28,2010,24.98166666666667,188.70000000000002,Copaifera,Estrella Comercial - Industrial
12806,9,Bosque de Tierra Firme,TF3,5a,790,NO,Euphorbiaceae,Hevea guianensis Aubl.,Hevea,guianensis,0,0,2,0,0,,1,2010-09-28,2010,24.98166666666667,188.70000000000002,Hevea,Estrella Comercial - Industrial
12811,9,Bosque de Tierra Firme,TF3,5b,796,NO,Fabaceae,Copaifera reticulata Ducke,Copaifera,reticulata,0,0,0,0,0,,0,2010-09-28,2010,24.98166666666667,188.70000000000002,Copaifera,Estrella Comercial - Industrial
12820,9,Bosque de Tierra Firme,TF4,1a,807,NO,Euphorbiaceae,Hevea guianensis Aubl.,Hevea,guianensis,0,0,0,0,0,,0,2010-09-28,2010,24.98166666666667,188.70000000000002,Hevea,Estrella Comercial - Industrial
12824,9,Bosque de Tierra Firme,TF4,1a,811,NO,Euphorbiaceae,Hevea guianensis Aubl.,Hevea,guianensis,0,0,0,0,0,,0,2010-09-28,2010,24.98166666666667,188.70000000000002,Hevea,Estrella Comercial - Industrial
12830,9,Bosque de Tierra Firme,TF4,1b,817,NO,Sapotaceae,Pouteria pariry (Ducke) Baehni,Pouteria,pariry,0,3,3,0,0,,1,2010-09-28,2010,24.98166666666667,188.70000000000002,Pouteria,Estrella Comercial - Frutal
12833,9,Bosque de Tierra Firme,TF4,1b,820,NO,Olacaceae,Aptandra tubicina (Poepp.) Benth. ex Miers,Aptandra,tubicina,0,0,0,0,0,,0,2010-09-28,2010,24.98166666666667,188.70000000000002,Aptandra,Ingeniero del Suelo - Pionera
12850,9,Bosque de Tierra Firme,TF4,2a,840,NO,Fabaceae,Inga stipularis DC.,Inga,stipularis,0,0,0,0,0,,0,2010-09-28,2010,24.98166666666667,188.70000000000002,Inga,Ingeniero del Suelo - Fijador N
12871,9,Bosque de Tierra Firme,TF4,3a,867,NO,Fabaceae,Inga punctata Willd.,Inga,punctata,0,0,0,0,0,,0,2010-09-28,2010,24.98166666666667,188.70000000000002,Inga,Ingeniero del Suelo - Fijador N
12879,9,Bosque de Tierra Firme,TF4,3a,876,NO,Bignonaceae,Jacaranda copaia (Aubl.) D.Don,Jacaranda,copaia,0,0,0,0,0,,0,2010-09-28,2010,24.98166666666667,188.70000000000002,Jacaranda,Ingeniero del Suelo - Pionera
12887,9,Bosque de Tierra Firme,TF4,3b,884,NO,Apocynaceae,Aspidosperma nitidum Benth. ex Müll.Arg.,Aspidosperma,nitidum,0,0,0,0,0,,0,2010-09-28,2010,24.98166666666667,188.70000000000002,Aspidosperma,Caja Fuerte - Maderable
12903,9,Bosque de Tierra Firme,TF5,1a,903,NO,Sapotaceae,Pouteria procera (Mart.) K.Hammer,Pouteria,procera,0,5,0,0,0,,1,2010-09-27,2010,24.98166666666667,188.70000000000002,Pouteria,Estrella Comercial - Frutal
12909,9,Bosque de Tierra Firme,TF5,1a,911,NO,Fabaceae,Inga auristellae Harms,Inga,auristellae,2,0,0,0,0,,1,2010-09-27,2010,24.98166666666667,188.70000000000002,Inga,Ingeniero del Suelo - Fijador N
12911,9,Bosque de Tierra Firme,TF5,1b,915,NO,Fabaceae,Inga sp. 2,Inga,sp,0,0,0,0,0,,0,2010-09-27,2010,24.98166666666667,188.70000000000002,Inga,Ingeniero del Suelo - Fijador N
12914,9,Bosque de Tierra Firme,TF5,1b,918,NO,Fabaceae,Inga cordistipula Mart.,Inga,cordistipula,0,0,0,0,0,,0,2010-09-27,2010,24.98166666666667,188.70000000000002,Inga,Ingeniero del Suelo - Fijador N
12918,9,Bosque de Tierra Firme,TF5,2a,923,NO,Malvaceae,Theobroma speciosum Willd. ex Spreng.,Theobroma,speciosum,1,1,0,0,0,,1,2010-09-27,2010,24.98166666666667,188.70000000000002,Theobroma,Estrella Comercial - Frutal
12923,9,Bosque de Tierra Firme,TF5,2a,930,NO,Apocynaceae,Aspidosperma rigidum Rusby,Aspidosperma,rigidum,3,0,0,0,0,,1,2010-09-27,2010,24.98166666666667,188.70000000000002,Aspidosperma,Caja Fuerte - Maderable
12925,9,Bosque de Tierra Firme,TF5,2b,934,NO,Fabaceae,Dipteryx micrantha Harms,Dipteryx,micrantha,0,0,0,0,0,,0,2010-09-27,2010,24.98166666666667,188.70000000000002,Dipteryx,Estrella Comercial - Industrial
12933,9,Bosque de Tierra Firme,TF5,3a,942,NO,Fabaceae,Inga edulis Mart.,Inga,edulis,0,0,3,0,0,,1,2010-09-27,2010,24.98166666666667,188.70000000000002,Inga,Ingeniero del Suelo - Fijador N
12937,9,Bosque de Tierra Firme,TF5,3a,946,NO,Fabaceae,Inga sp. 2,Inga,sp,0,0,3,0,0,,1,2010-09-27,2010,24.98166666666667,188.70000000000002,Inga,Ingeniero del Suelo - Fijador N
12945,9,Bosque de Tierra Firme,TF5,3b,959,NO,Fabaceae,Inga sp. 2,Inga,sp,0,0,3,0,0,,1,2010-09-27,2010,24.98166666666667,188.70000000000002,Inga,Ingeniero del Suelo - Fijador N
12953,9,Bosque de Tierra Firme,TF5,4a,970,NO,Sapotaceae,Pouteria procera (Mart.) K.Hammer,Pouteria,procera,0,0,0,0,0,,0,2010-09-27,2010,24.98166666666667,188.70000000000002,Pouteria,Estrella Comercial - Frutal
12961,9,Bosque de Tierra Firme,TF5,4b,983,NO,Bignonaceae,Jacaranda copaia subsp. spectabilis (Mart. ex DC.) A.H.Gentry,Jacaranda,copaia subsp. spectabilis,0,0,0,0,0,,0,2010-09-27,2010,24.98166666666667,188.70000000000002,Jacaranda,Ingeniero del Suelo - Pionera
12964,9,Bosque de Tierra Firme,TF5,4b,986,NO,Sapotaceae,Pouteria tarapotensis (Eichler ex Pierre) Baehni,Pouteria,tarapotensis,0,0,3,1,0,,1,2010-09-27,2010,24.98166666666667,188.70000000000002,Pouteria,Estrella Comercial - Frutal
12965,9,Bosque de Tierra Firme,TF5,4b,988,NO,Moraceae,Brosimum acutifolium subsp. obovatum (Ducke) C.C.Berg,Brosimum,acutifolium subsp. obovatum,0,0,0,0,0,,0,2010-09-27,2010,24.98166666666667,188.70000000000002,Brosimum,Caja Fuerte - Maderable
12967,9,Bosque de Tierra Firme,TF5,4b,990,NO,Sapotaceae,Pouteria tarapotensis (Eichler ex Pierre) Baehni,Pouteria,tarapotensis,2,4,1,0,0,,1,2010-09-27,2010,24.98166666666667,188.70000000000002,Pouteria,Estrella Comercial - Frutal
12974,9,Bosque de Tierra Firme,TF5,5a,994A,NO,Apocynaceae,Aspidosperma rigidum Rusby,Aspidosperma,rigidum,0,0,0,0,0,,0,2010-09-27,2010,24.98166666666667,188.70000000000002,Aspidosperma,Caja Fuerte - Maderable
12977,9,Bosque de Tierra Firme,TF5,5b,998,NO,Fabaceae,Swartzia myrtifolia Sm.,Swartzia,myrtifolia,2,0,0,0,0,,1,2010-09-27,2010,24.98166666666667,188.70000000000002,Swartzia,Ingeniero del Suelo - Fijador N
12981,9,Bosque de Tierra Firme,TF5,5b,958A,NO,Apocynaceae,Aspidosperma vargasii A.DC.,Aspidosperma,vargasii,0,0,0,0,0,,0,2010-09-27,2010,24.98166666666667,188.70000000000002,Aspidosperma,Caja Fuerte - Maderable
13885,10,Bosque de Tierra Firme,TF1,1a,501,NO,Fabaceae,Swartzia myrtifolia Sm.,Swartzia,myrtifolia,0,0,0,0,0,,0,2010-10-15,2010,24.774193548387096,159.60000000000002,Swartzia,Ingeniero del Suelo - Fijador N
13888,10,Bosque de Tierra Firme,TF1,1a,504,NO,Fabaceae,Swartzia tomentifera (Ducke) Ducke,Swartzia,tomentifera,0,0,0,0,0,,0,2010-10-15,2010,24.774193548387096,159.60000000000002,Swartzia,Ingeniero del Suelo - Fijador N
13890,10,Bosque de Tierra Firme,TF1,1a,506,NO,Apocynaceae,Aspidosperma nitidum Benth. ex Müll.Arg.,Aspidosperma,nitidum,0,0,0,0,0,,0,2010-10-15,2010,24.774193548387096,159.60000000000002,Aspidosperma,Caja Fuerte - Maderable
13896,10,Bosque de Tierra Firme,TF1,1b,512,NO,Sapotaceae,Pouteria procera (Mart.) K.Hammer,Pouteria,procera,0,0,0,0,0,,0,2010-10-15,2010,24.774193548387096,159.60000000000002,Pouteria,Estrella Comercial - Frutal
13908,10,Bosque de Tierra Firme,TF1,2b,528,NO,Fabaceae,Erythrina ulei Harms,Erythrina,ulei,0,0,0,0,0,,0,2010-10-15,2010,24.774193548387096,159.60000000000002,Erythrina,Ingeniero del Suelo - Fijador N
13909,10,Bosque de Tierra Firme,TF1,2b,529,NO,Fabaceae,Erythrina ulei Harms,Erythrina,ulei,0,0,0,0,0,,0,2010-10-15,2010,24.774193548387096,159.60000000000002,Erythrina,Ingeniero del Suelo - Fijador N
13922,10,Bosque de Tierra Firme,TF1,3b,547,NO,Fabaceae,Erythrina ulei Harms,Erythrina,ulei,0,0,0,0,0,,0,2010-10-15,2010,24.774193548387096,159.60000000000002,Erythrina,Ingeniero del Suelo - Fijador N
13928,10,Bosque de Tierra Firme,TF1,4b,559,NO,Sapotaceae,Pouteria pariry (Ducke) Baehni,Pouteria,pariry,0,0,0,0,0,,0,2010-10-15,2010,24.774193548387096,159.60000000000002,Pouteria,Estrella Comercial - Frutal
13929,10,Bosque de Tierra Firme,TF1,4b,560,NO,Fabaceae,Erythrina ulei Harms,Erythrina,ulei,0,0,0,0,0,,0,2010-10-15,2010,24.774193548387096,159.60000000000002,Erythrina,Ingeniero del Suelo - Fijador N
13933,10,Bosque de Tierra Firme,TF1,5a,564,NO,Fabaceae,Hymenaea courbaril L.,Hymenaea,courbaril,1,0,0,1,0,,1,2010-10-15,2010,24.774193548387096,159.60000000000002,Hymenaea,Estrella Comercial - Frutal
13945,10,Bosque de Tierra Firme,TF1,6a,580,NO,Sapotaceae,Pouteria sp. 3,Pouteria,sp,0,0,2,0,0,,1,2010-10-15,2010,24.774193548387096,159.60000000000002,Pouteria,Estrella Comercial - Frutal
13946,10,Bosque de Tierra Firme,TF1,6a,581,NO,Fabaceae,Swartzia myrtifolia Sm.,Swartzia,myrtifolia,0,0,0,0,0,,0,2010-10-15,2010,24.774193548387096,159.60000000000002,Swartzia,Ingeniero del Suelo - Fijador N
13949,10,Bosque de Tierra Firme,TF1,6b,589,NO,Fabaceae,Hymenaea courbaril L.,Hymenaea,courbaril,5,1,0,0,0,,1,2010-10-15,2010,24.774193548387096,159.60000000000002,Hymenaea,Estrella Comercial - Frutal
13967,10,Bosque de Tierra Firme,TF2,1b,614,NO,Fabaceae,Copaifera reticulata Ducke,Copaifera,reticulata,0,0,0,0,0,,0,2010-10-15,2010,24.774193548387096,159.60000000000002,Copaifera,Estrella Comercial - Industrial
13970,10,Bosque de Tierra Firme,TF2,1b,617,NO,Sapotaceae,Pouteria sp. 2,Pouteria,sp,0,0,0,0,0,,0,2010-10-15,2010,24.774193548387096,159.60000000000002,Pouteria,Estrella Comercial - Frutal
13974,10,Bosque de Tierra Firme,TF2,1b,624,NO,Euphorbiaceae,Hevea guianensis Aubl.,Hevea,guianensis,0,0,0,0,0,,0,2010-10-15,2010,24.774193548387096,159.60000000000002,Hevea,Estrella Comercial - Industrial
13978,10,Bosque de Tierra Firme,TF2,2a,629,NO,Euphorbiaceae,Hevea guianensis Aubl.,Hevea,guianensis,0,0,0,0,0,,0,2010-10-15,2010,24.774193548387096,159.60000000000002,Hevea,Estrella Comercial - Industrial
13984,10,Bosque de Tierra Firme,TF2,2b,638,NO,Moraceae,Brosimum rubescens Taub.,Brosimum,rubescens,0,0,0,0,0,,0,2010-10-15,2010,24.774193548387096,159.60000000000002,Brosimum,Caja Fuerte - Maderable
13989,10,Bosque de Tierra Firme,TF2,3a,648,NO,Sapotaceae,Pouteria torta (Mart.) Radlk.,Pouteria,torta,0,0,0,0,0,,0,2010-10-15,2010,24.774193548387096,159.60000000000002,Pouteria,Estrella Comercial - Frutal
13994,10,Bosque de Tierra Firme,TF2,3b,654,NO,Fabaceae,Inga sapindoides Willd.,Inga,sapindoides,0,0,0,0,0,,0,2010-10-15,2010,24.774193548387096,159.60000000000002,Inga,Ingeniero del Suelo - Fijador N
13999,10,Bosque de Tierra Firme,TF2,4a,661,NO,Euphorbiaceae,Hevea guianensis Aubl.,Hevea,guianensis,0,0,0,0,0,,0,2010-10-15,2010,24.774193548387096,159.60000000000002,Hevea,Estrella Comercial - Industrial
14005,10,Bosque de Tierra Firme,TF2,4a,669,NO,Fabaceae,Tachigali vasquezii Pipoly,Tachigali,vasquezii,0,0,0,0,0,,0,2010-10-15,2010,24.774193548387096,159.60000000000002,Tachigali,Ingeniero del Suelo - Fijador N
14014,10,Bosque de Tierra Firme,TF2,4b,681,NO,Malvaceae,Theobroma speciosum Willd. ex Spreng.,Theobroma,speciosum,0,0,0,0,0,,0,2010-10-15,2010,24.774193548387096,159.60000000000002,Theobroma,Estrella Comercial - Frutal
14019,10,Bosque de Tierra Firme,TF2,4b,687,NO,Urticaceae,Cecropia sciadophylla Mart.,Cecropia,sciadophylla,0,0,0,0,0,,0,2010-10-15,2010,24.774193548387096,159.60000000000002,Cecropia,Ingeniero del Suelo - Pionera
14027,10,Bosque de Tierra Firme,TF2,5a,695,NO,Arecaceae,Bactris gasipaes Kunth,Bactris,gasipaes,0,0,0,0,0,,0,2010-10-15,2010,24.774193548387096,159.60000000000002,Bactris,Estrella Comercial - Frutal
14030,10,Bosque de Tierra Firme,TF2,5a,698,NO,Meliaceae,Cedrela fissilis Vell.,Cedrela,fissilis,0,0,0,0,0,,0,2010-10-15,2010,24.774193548387096,159.60000000000002,Cedrela,Caja Fuerte - Maderable
14050,10,Bosque de Tierra Firme,TF3,1b,721,NO,Moraceae,Brosimum rubescens Taub.,Brosimum,rubescens,0,0,0,0,0,,0,2010-10-14,2010,24.774193548387096,159.60000000000002,Brosimum,Caja Fuerte - Maderable
14070,10,Bosque de Tierra Firme,TF3,2b,746,NO,Euphorbiaceae,Hevea guianensis Aubl.,Hevea,guianensis,0,0,0,0,0,,0,2010-10-14,2010,24.774193548387096,159.60000000000002,Hevea,Estrella Comercial - Industrial
14072,10,Bosque de Tierra Firme,TF3,2b,749,NO,Fabaceae,Cedrelinga catenaeformis (Ducke) Ducke,Cedrelinga,catenaeformis,0,0,0,0,0,,0,2010-10-14,2010,24.774193548387096,159.60000000000002,Cedrelinga,Caja Fuerte - Maderable / Fijador N
14075,10,Bosque de Tierra Firme,TF3,3a,756,NO,Fabaceae,Inga alba (Sw.) Willd.,Inga,alba,0,3,0,0,0,,1,2010-10-14,2010,24.774193548387096,159.60000000000002,Inga,Ingeniero del Suelo - Fijador N
14082,10,Bosque de Tierra Firme,TF3,4a,765,NO,Apocynaceae,Aspidosperma vargasii A.DC.,Aspidosperma,vargasii,0,0,0,0,0,,0,2010-10-14,2010,24.774193548387096,159.60000000000002,Aspidosperma,Caja Fuerte - Maderable
14091,10,Bosque de Tierra Firme,TF3,4b,777,NO,Euphorbiaceae,Hevea guianensis Aubl.,Hevea,guianensis,0,0,2,0,0,,1,2010-10-14,2010,24.774193548387096,159.60000000000002,Hevea,Estrella Comercial - Industrial
14096,10,Bosque de Tierra Firme,TF3,5a,785,NO,Fabaceae,Copaifera reticulata Ducke,Copaifera,reticulata,0,0,0,0,0,,0,2010-10-14,2010,24.774193548387096,159.60000000000002,Copaifera,Estrella Comercial - Industrial
14099,10,Bosque de Tierra Firme,TF3,5a,790,NO,Euphorbiaceae,Hevea guianensis Aubl.,Hevea,guianensis,0,0,2,0,0,,1,2010-10-14,2010,24.774193548387096,159.60000000000002,Hevea,Estrella Comercial - Industrial
14104,10,Bosque de Tierra Firme,TF3,5b,796,NO,Fabaceae,Copaifera reticulata Ducke,Copaifera,reticulata,0,0,0,0,0,,0,2010-10-14,2010,24.774193548387096,159.60000000000002,Copaifera,Estrella Comercial - Industrial
14113,10,Bosque de Tierra Firme,TF4,1a,807,NO,Euphorbiaceae,Hevea guianensis Aubl.,Hevea,guianensis,0,0,0,0,0,,0,2010-10-14,2010,24.774193548387096,159.60000000000002,Hevea,Estrella Comercial - Industrial
14117,10,Bosque de Tierra Firme,TF4,1a,811,NO,Euphorbiaceae,Hevea guianensis Aubl.,Hevea,guianensis,0,0,0,0,0,,0,2010-10-14,2010,24.774193548387096,159.60000000000002,Hevea,Estrella Comercial - Industrial
14123,10,Bosque de Tierra Firme,TF4,1b,817,NO,Sapotaceae,Pouteria pariry (Ducke) Baehni,Pouteria,pariry,0,3,2,0,0,,1,2010-10-14,2010,24.774193548387096,159.60000000000002,Pouteria,Estrella Comercial - Frutal
14126,10,Bosque de Tierra Firme,TF4,1b,820,NO,Olacaceae,Aptandra tubicina (Poepp.) Benth. ex Miers,Aptandra,tubicina,0,0,0,0,0,,0,2010-10-14,2010,24.774193548387096,159.60000000000002,Aptandra,Ingeniero del Suelo - Pionera
14143,10,Bosque de Tierra Firme,TF4,2a,840,NO,Fabaceae,Inga stipularis DC.,Inga,stipularis,0,0,0,0,0,,0,2010-10-14,2010,24.774193548387096,159.60000000000002,Inga,Ingeniero del Suelo - Fijador N
14164,10,Bosque de Tierra Firme,TF4,3a,867,NO,Fabaceae,Inga punctata Willd.,Inga,punctata,0,0,0,0,0,,0,2010-10-14,2010,24.774193548387096,159.60000000000002,Inga,Ingeniero del Suelo - Fijador N
14172,10,Bosque de Tierra Firme,TF4,3a,876,NO,Bignonaceae,Jacaranda copaia (Aubl.) D.Don,Jacaranda,copaia,0,0,0,0,0,,0,2010-10-14,2010,24.774193548387096,159.60000000000002,Jacaranda,Ingeniero del Suelo - Pionera
14180,10,Bosque de Tierra Firme,TF4,3b,884,NO,Apocynaceae,Aspidosperma nitidum Benth. ex Müll.Arg.,Aspidosperma,nitidum,0,0,0,0,0,,0,2010-10-14,2010,24.774193548387096,159.60000000000002,Aspidosperma,Caja Fuerte - Maderable
14196,10,Bosque de Tierra Firme,TF5,1a,903,NO,Sapotaceae,Pouteria procera (Mart.) K.Hammer,Pouteria,procera,0,0,3,0,0,,1,2010-10-15,2010,24.774193548387096,159.60000000000002,Pouteria,Estrella Comercial - Frutal
14202,10,Bosque de Tierra Firme,TF5,1a,911,NO,Fabaceae,Inga auristellae Harms,Inga,auristellae,0,0,0,0,0,,0,2010-10-15,2010,24.774193548387096,159.60000000000002,Inga,Ingeniero del Suelo - Fijador N
14204,10,Bosque de Tierra Firme,TF5,1b,915,NO,Fabaceae,Inga sp. 2,Inga,sp,0,0,0,0,0,,0,2010-10-15,2010,24.774193548387096,159.60000000000002,Inga,Ingeniero del Suelo - Fijador N
14207,10,Bosque de Tierra Firme,TF5,1b,918,NO,Fabaceae,Inga cordistipula Mart.,Inga,cordistipula,0,0,0,0,0,,0,2010-10-15,2010,24.774193548387096,159.60000000000002,Inga,Ingeniero del Suelo - Fijador N
14211,10,Bosque de Tierra Firme,TF5,2a,923,NO,Malvaceae,Theobroma speciosum Willd. ex Spreng.,Theobroma,speciosum,1,0,0,0,0,,1,2010-10-15,2010,24.774193548387096,159.60000000000002,Theobroma,Estrella Comercial - Frutal
14216,10,Bosque de Tierra Firme,TF5,2a,930,NO,Apocynaceae,Aspidosperma rigidum Rusby,Aspidosperma,rigidum,3,0,0,0,0,,1,2010-10-15,2010,24.774193548387096,159.60000000000002,Aspidosperma,Caja Fuerte - Maderable
14218,10,Bosque de Tierra Firme,TF5,2b,934,NO,Fabaceae,Dipteryx micrantha Harms,Dipteryx,micrantha,0,0,0,0,0,,0,2010-10-15,2010,24.774193548387096,159.60000000000002,Dipteryx,Estrella Comercial - Industrial
14226,10,Bosque de Tierra Firme,TF5,3a,942,NO,Fabaceae,Inga edulis Mart.,Inga,edulis,0,0,2,2,0,,1,2010-10-15,2010,24.774193548387096,159.60000000000002,Inga,Ingeniero del Suelo - Fijador N
14230,10,Bosque de Tierra Firme,TF5,3a,946,NO,Fabaceae,Inga sp. 2,Inga,sp,0,0,2,2,0,,1,2010-10-15,2010,24.774193548387096,159.60000000000002,Inga,Ingeniero del Suelo - Fijador N
14238,10,Bosque de Tierra Firme,TF5,3b,959,NO,Fabaceae,Inga sp. 2,Inga,sp,0,0,2,2,0,,1,2010-10-15,2010,24.774193548387096,159.60000000000002,Inga,Ingeniero del Suelo - Fijador N
14246,10,Bosque de Tierra Firme,TF5,4a,970,NO,Sapotaceae,Pouteria procera (Mart.) K.Hammer,Pouteria,procera,0,0,0,0,0,,0,2010-10-15,2010,24.774193548387096,159.60000000000002,Pouteria,Estrella Comercial - Frutal
14254,10,Bosque de Tierra Firme,TF5,4b,983,NO,Bignonaceae,Jacaranda copaia subsp. spectabilis (Mart. ex DC.) A.H.Gentry,Jacaranda,copaia subsp. spectabilis,0,0,0,0,0,,0,2010-10-15,2010,24.774193548387096,159.60000000000002,Jacaranda,Ingeniero del Suelo - Pionera
14257,10,Bosque de Tierra Firme,TF5,4b,986,NO,Sapotaceae,Pouteria tarapotensis (Eichler ex Pierre) Baehni,Pouteria,tarapotensis,0,0,3,1,0,,1,2010-10-15,2010,24.774193548387096,159.60000000000002,Pouteria,Estrella Comercial - Frutal
14258,10,Bosque de Tierra Firme,TF5,4b,988,NO,Moraceae,Brosimum acutifolium subsp. obovatum (Ducke) C.C.Berg,Brosimum,acutifolium subsp. obovatum,0,0,0,0,0,,0,2010-10-15,2010,24.774193548387096,159.60000000000002,Brosimum,Caja Fuerte - Maderable
14260,10,Bosque de Tierra Firme,TF5,4b,990,NO,Sapotaceae,Pouteria tarapotensis (Eichler ex Pierre) Baehni,Pouteria,tarapotensis,0,0,3,0,0,,1,2010-10-15,2010,24.774193548387096,159.60000000000002,Pouteria,Estrella Comercial - Frutal
14267,10,Bosque de Tierra Firme,TF5,5a,994A,NO,Apocynaceae,Aspidosperma rigidum Rusby,Aspidosperma,rigidum,0,0,0,0,0,,0,2010-10-15,2010,24.774193548387096,159.60000000000002,Aspidosperma,Caja Fuerte - Maderable
14270,10,Bosque de Tierra Firme,TF5,5b,998,NO,Fabaceae,Swartzia myrtifolia Sm.,Swartzia,myrtifolia,0,0,0,0,0,,0,2010-10-15,2010,24.774193548387096,159.60000000000002,Swartzia,Ingeniero del Suelo - Fijador N
14274,10,Bosque de Tierra Firme,TF5,5b,958A,NO,Apocynaceae,Aspidosperma vargasii A.DC.,Aspidosperma,vargasii,0,0,0,0,0,,0,2010-10-15,2010,24.774193548387096,159.60000000000002,Aspidosperma,Caja Fuerte - Maderable
15335,11,Bosque de Tierra Firme,TF3,1b,721,NO,Moraceae,Brosimum rubescens Taub.,Brosimum,rubescens,0,0,0,0,0,,0,2010-11-23,2010,24.285714285714285,302.1,Brosimum,Caja Fuerte - Maderable
15355,11,Bosque de Tierra Firme,TF3,2b,746,NO,Euphorbiaceae,Hevea guianensis Aubl.,Hevea,guianensis,0,0,0,0,0,,0,2010-11-23,2010,24.285714285714285,302.1,Hevea,Estrella Comercial - Industrial
15357,11,Bosque de Tierra Firme,TF3,2b,749,NO,Fabaceae,Cedrelinga catenaeformis (Ducke) Ducke,Cedrelinga,catenaeformis,4,2,0,0,0,,1,2010-11-23,2010,24.285714285714285,302.1,Cedrelinga,Caja Fuerte - Maderable / Fijador N
15360,11,Bosque de Tierra Firme,TF3,3a,756,NO,Fabaceae,Inga alba (Sw.) Willd.,Inga,alba,0,0,0,0,0,,0,2010-11-23,2010,24.285714285714285,302.1,Inga,Ingeniero del Suelo - Fijador N
15367,11,Bosque de Tierra Firme,TF3,4a,765,NO,Apocynaceae,Aspidosperma vargasii A.DC.,Aspidosperma,vargasii,0,0,0,0,0,,0,2010-11-23,2010,24.285714285714285,302.1,Aspidosperma,Caja Fuerte - Maderable
15376,11,Bosque de Tierra Firme,TF3,4b,777,NO,Euphorbiaceae,Hevea guianensis Aubl.,Hevea,guianensis,0,0,1,0,0,,1,2010-11-23,2010,24.285714285714285,302.1,Hevea,Estrella Comercial - Industrial
15381,11,Bosque de Tierra Firme,TF3,5a,785,NO,Fabaceae,Copaifera reticulata Ducke,Copaifera,reticulata,0,0,0,0,0,,0,2010-11-23,2010,24.285714285714285,302.1,Copaifera,Estrella Comercial - Industrial
15384,11,Bosque de Tierra Firme,TF3,5a,790,NO,Euphorbiaceae,Hevea guianensis Aubl.,Hevea,guianensis,0,0,1,0,0,,1,2010-11-23,2010,24.285714285714285,302.1,Hevea,Estrella Comercial - Industrial
15389,11,Bosque de Tierra Firme,TF3,5b,796,NO,Fabaceae,Copaifera reticulata Ducke,Copaifera,reticulata,0,0,0,0,0,,0,2010-11-23,2010,24.285714285714285,302.1,Copaifera,Estrella Comercial - Industrial
15398,11,Bosque de Tierra Firme,TF4,1a,807,NO,Euphorbiaceae,Hevea guianensis Aubl.,Hevea,guianensis,0,0,0,0,0,,0,2010-11-23,2010,24.285714285714285,302.1,Hevea,Estrella Comercial - Industrial
15402,11,Bosque de Tierra Firme,TF4,1a,811,NO,Euphorbiaceae,Hevea guianensis Aubl.,Hevea,guianensis,0,0,0,0,0,,0,2010-11-23,2010,24.285714285714285,302.1,Hevea,Estrella Comercial - Industrial
15408,11,Bosque de Tierra Firme,TF4,1b,817,NO,Sapotaceae,Pouteria pariry (Ducke) Baehni,Pouteria,pariry,0,0,3,0,2,,1,2010-11-23,2010,24.285714285714285,302.1,Pouteria,Estrella Comercial - Frutal
15411,11,Bosque de Tierra Firme,TF4,1b,820,NO,Olacaceae,Aptandra tubicina (Poepp.) Benth. ex Miers,Aptandra,tubicina,0,0,0,0,0,,0,2010-11-23,2010,24.285714285714285,302.1,Aptandra,Ingeniero del Suelo - Pionera
15428,11,Bosque de Tierra Firme,TF4,2a,840,NO,Fabaceae,Inga stipularis DC.,Inga,stipularis,0,0,0,0,0,,0,2010-11-23,2010,24.285714285714285,302.1,Inga,Ingeniero del Suelo - Fijador N
15449,11,Bosque de Tierra Firme,TF4,3a,867,NO,Fabaceae,Inga punctata Willd.,Inga,punctata,0,0,0,0,0,,0,2010-11-26,2010,24.285714285714285,302.1,Inga,Ingeniero del Suelo - Fijador N
15457,11,Bosque de Tierra Firme,TF4,3a,876,NO,Bignonaceae,Jacaranda copaia (Aubl.) D.Don,Jacaranda,copaia,0,0,0,0,0,,0,2010-11-26,2010,24.285714285714285,302.1,Jacaranda,Ingeniero del Suelo - Pionera
15465,11,Bosque de Tierra Firme,TF4,3b,884,NO,Apocynaceae,Aspidosperma nitidum Benth. ex Müll.Arg.,Aspidosperma,nitidum,0,0,0,0,0,,0,2010-11-26,2010,24.285714285714285,302.1,Aspidosperma,Caja Fuerte - Maderable
15481,11,Bosque de Tierra Firme,TF5,1a,903,NO,Sapotaceae,Pouteria procera (Mart.) K.Hammer,Pouteria,procera,0,0,3,0,0,,1,2010-11-26,2010,24.285714285714285,302.1,Pouteria,Estrella Comercial - Frutal
15487,11,Bosque de Tierra Firme,TF5,1a,911,NO,Fabaceae,Inga auristellae Harms,Inga,auristellae,0,0,0,0,0,,0,2010-11-26,2010,24.285714285714285,302.1,Inga,Ingeniero del Suelo - Fijador N
15489,11,Bosque de Tierra Firme,TF5,1b,915,NO,Fabaceae,Inga sp. 2,Inga,sp,0,0,0,0,0,,0,2010-11-26,2010,24.285714285714285,302.1,Inga,Ingeniero del Suelo - Fijador N
15492,11,Bosque de Tierra Firme,TF5,1b,918,NO,Fabaceae,Inga cordistipula Mart.,Inga,cordistipula,0,0,0,0,0,,0,2010-11-26,2010,24.285714285714285,302.1,Inga,Ingeniero del Suelo - Fijador N
15496,11,Bosque de Tierra Firme,TF5,2a,923,NO,Malvaceae,Theobroma speciosum Willd. ex Spreng.,Theobroma,speciosum,0,0,0,0,0,,0,2010-11-26,2010,24.285714285714285,302.1,Theobroma,Estrella Comercial - Frutal
15501,11,Bosque de Tierra Firme,TF5,2a,930,NO,Apocynaceae,Aspidosperma rigidum Rusby,Aspidosperma,rigidum,0,0,0,0,0,,0,2010-11-26,2010,24.285714285714285,302.1,Aspidosperma,Caja Fuerte - Maderable
15503,11,Bosque de Tierra Firme,TF5,2b,934,NO,Fabaceae,Dipteryx micrantha Harms,Dipteryx,micrantha,3,3,0,0,0,,1,2010-11-26,2010,24.285714285714285,302.1,Dipteryx,Estrella Comercial - Industrial
15511,11,Bosque de Tierra Firme,TF5,3a,942,NO,Fabaceae,Inga edulis Mart.,Inga,edulis,0,0,2,2,0,,1,2010-11-26,2010,24.285714285714285,302.1,Inga,Ingeniero del Suelo - Fijador N
15515,11,Bosque de Tierra Firme,TF5,3a,946,NO,Fabaceae,Inga sp. 2,Inga,sp,0,0,2,2,0,,1,2010-11-26,2010,24.285714285714285,302.1,Inga,Ingeniero del Suelo - Fijador N
15523,11,Bosque de Tierra Firme,TF5,3b,959,NO,Fabaceae,Inga sp. 2,Inga,sp,0,0,2,1,0,,1,2010-11-26,2010,24.285714285714285,302.1,Inga,Ingeniero del Suelo - Fijador N
15531,11,Bosque de Tierra Firme,TF5,4a,970,NO,Sapotaceae,Pouteria procera (Mart.) K.Hammer,Pouteria,procera,0,0,0,0,0,,0,2010-11-26,2010,24.285714285714285,302.1,Pouteria,Estrella Comercial - Frutal
15539,11,Bosque de Tierra Firme,TF5,4b,983,NO,Bignonaceae,Jacaranda copaia subsp. spectabilis (Mart. ex DC.) A.H.Gentry,Jacaranda,copaia subsp. spectabilis,0,0,0,0,0,,0,2010-11-26,2010,24.285714285714285,302.1,Jacaranda,Ingeniero del Suelo - Pionera
15542,11,Bosque de Tierra Firme,TF5,4b,986,NO,Sapotaceae,Pouteria tarapotensis (Eichler ex Pierre) Baehni,Pouteria,tarapotensis,0,0,4,2,2,,1,2010-11-26,2010,24.285714285714285,302.1,Pouteria,Estrella Comercial - Frutal
15544,11,Bosque de Tierra Firme,TF5,4b,988,NO,Moraceae,Brosimum acutifolium subsp. obovatum (Ducke) C.C.Berg,Brosimum,acutifolium subsp. obovatum,0,0,0,0,0,,0,2010-11-26,2010,24.285714285714285,302.1,Brosimum,Caja Fuerte - Maderable
15546,11,Bosque de Tierra Firme,TF5,4b,990,NO,Sapotaceae,Pouteria tarapotensis (Eichler ex Pierre) Baehni,Pouteria,tarapotensis,0,0,3,2,2,,1,2010-11-26,2010,24.285714285714285,302.1,Pouteria,Estrella Comercial - Frutal
15553,11,Bosque de Tierra Firme,TF5,5a,994A,NO,Apocynaceae,Aspidosperma rigidum Rusby,Aspidosperma,rigidum,0,0,0,0,0,,0,2010-11-26,2010,24.285714285714285,302.1,Aspidosperma,Caja Fuerte - Maderable
15556,11,Bosque de Tierra Firme,TF5,5b,998,NO,Fabaceae,Swartzia myrtifolia Sm.,Swartzia,myrtifolia,0,0,0,0,0,,0,2010-11-26,2010,24.285714285714285,302.1,Swartzia,Ingeniero del Suelo - Fijador N
15560,11,Bosque de Tierra Firme,TF5,5b,958A,NO,Apocynaceae,Aspidosperma vargasii A.DC.,Aspidosperma,vargasii,0,0,0,0,0,,0,2010-11-26,2010,24.285714285714285,302.1,Aspidosperma,Caja Fuerte - Maderable
16454,12,Bosque de Tierra Firme,TF1,1a,501,NO,Fabaceae,Swartzia myrtifolia Sm.,Swartzia,myrtifolia,0,0,0,0,0,,0,2010-12-18,2010,24.629310344827587,376.04999999999995,Swartzia,Ingeniero del Suelo - Fijador N
16457,12,Bosque de Tierra Firme,TF1,1a,504,NO,Fabaceae,Swartzia tomentifera (Ducke) Ducke,Swartzia,tomentifera,0,0,0,0,0,,0,2010-12-18,2010,24.629310344827587,376.04999999999995,Swartzia,Ingeniero del Suelo - Fijador N
16459,12,Bosque de Tierra Firme,TF1,1a,506,NO,Apocynaceae,Aspidosperma nitidum Benth. ex Müll.Arg.,Aspidosperma,nitidum,0,0,0,0,0,,0,2010-12-18,2010,24.629310344827587,376.04999999999995,Aspidosperma,Caja Fuerte - Maderable
16465,12,Bosque de Tierra Firme,TF1,1b,512,NO,Sapotaceae,Pouteria procera (Mart.) K.Hammer,Pouteria,procera,0,0,0,0,0,,0,2010-12-18,2010,24.629310344827587,376.04999999999995,Pouteria,Estrella Comercial - Frutal
16477,12,Bosque de Tierra Firme,TF1,2b,528,NO,Fabaceae,Erythrina ulei Harms,Erythrina,ulei,0,0,0,0,0,,0,2010-12-18,2010,24.629310344827587,376.04999999999995,Erythrina,Ingeniero del Suelo - Fijador N
16478,12,Bosque de Tierra Firme,TF1,2b,529,NO,Fabaceae,Erythrina ulei Harms,Erythrina,ulei,0,0,0,0,0,,0,2010-12-18,2010,24.629310344827587,376.04999999999995,Erythrina,Ingeniero del Suelo - Fijador N
16491,12,Bosque de Tierra Firme,TF1,3b,547,NO,Fabaceae,Erythrina ulei Harms,Erythrina,ulei,0,0,0,0,0,,0,2010-12-18,2010,24.629310344827587,376.04999999999995,Erythrina,Ingeniero del Suelo - Fijador N
16497,12,Bosque de Tierra Firme,TF1,4b,559,NO,Sapotaceae,Pouteria pariry (Ducke) Baehni,Pouteria,pariry,0,0,0,0,0,,0,2010-12-18,2010,24.629310344827587,376.04999999999995,Pouteria,Estrella Comercial - Frutal
16501,12,Bosque de Tierra Firme,TF1,5a,564,NO,Fabaceae,Hymenaea courbaril L.,Hymenaea,courbaril,0,0,0,0,0,,0,2010-12-18,2010,24.629310344827587,376.04999999999995,Hymenaea,Estrella Comercial - Frutal
16513,12,Bosque de Tierra Firme,TF1,6a,580,NO,Sapotaceae,Pouteria sp. 3,Pouteria,sp,0,0,0,0,0,,0,2010-12-18,2010,24.629310344827587,376.04999999999995,Pouteria,Estrella Comercial - Frutal
16514,12,Bosque de Tierra Firme,TF1,6a,581,NO,Fabaceae,Swartzia myrtifolia Sm.,Swartzia,myrtifolia,0,0,0,0,0,,0,2010-12-18,2010,24.629310344827587,376.04999999999995,Swartzia,Ingeniero del Suelo - Fijador N
16517,12,Bosque de Tierra Firme,TF1,6b,589,NO,Fabaceae,Hymenaea courbaril L.,Hymenaea,courbaril,3,3,3,0,0,,1,2010-12-18,2010,24.629310344827587,376.04999999999995,Hymenaea,Estrella Comercial - Frutal
16536,12,Bosque de Tierra Firme,TF2,1b,614,NO,Fabaceae,Copaifera reticulata Ducke,Copaifera,reticulata,0,0,0,0,0,,0,2010-12-18,2010,24.629310344827587,376.04999999999995,Copaifera,Estrella Comercial - Industrial
16539,12,Bosque de Tierra Firme,TF2,1b,617,NO,Sapotaceae,Pouteria sp. 2,Pouteria,sp,0,0,0,0,0,,0,2010-12-18,2010,24.629310344827587,376.04999999999995,Pouteria,Estrella Comercial - Frutal
16543,12,Bosque de Tierra Firme,TF2,1b,624,NO,Euphorbiaceae,Hevea guianensis Aubl.,Hevea,guianensis,0,0,0,0,0,,0,2010-12-18,2010,24.629310344827587,376.04999999999995,Hevea,Estrella Comercial - Industrial
16547,12,Bosque de Tierra Firme,TF2,2a,629,NO,Euphorbiaceae,Hevea guianensis Aubl.,Hevea,guianensis,0,0,0,0,0,,0,2010-12-18,2010,24.629310344827587,376.04999999999995,Hevea,Estrella Comercial - Industrial
16553,12,Bosque de Tierra Firme,TF2,2b,638,NO,Moraceae,Brosimum rubescens Taub.,Brosimum,rubescens,0,0,0,0,0,,0,2010-12-18,2010,24.629310344827587,376.04999999999995,Brosimum,Caja Fuerte - Maderable
16558,12,Bosque de Tierra Firme,TF2,3a,648,NO,Sapotaceae,Pouteria torta (Mart.) Radlk.,Pouteria,torta,0,0,0,0,0,,0,2010-12-18,2010,24.629310344827587,376.04999999999995,Pouteria,Estrella Comercial - Frutal
16563,12,Bosque de Tierra Firme,TF2,3b,654,NO,Fabaceae,Inga sapindoides Willd.,Inga,sapindoides,0,0,0,0,0,,0,2010-12-18,2010,24.629310344827587,376.04999999999995,Inga,Ingeniero del Suelo - Fijador N
16568,12,Bosque de Tierra Firme,TF2,4a,661,NO,Euphorbiaceae,Hevea guianensis Aubl.,Hevea,guianensis,0,0,0,0,0,,0,2010-12-18,2010,24.629310344827587,376.04999999999995,Hevea,Estrella Comercial - Industrial
16574,12,Bosque de Tierra Firme,TF2,4a,669,NO,Fabaceae,Tachigali vasquezii Pipoly,Tachigali,vasquezii,0,0,0,0,0,,0,2010-12-18,2010,24.629310344827587,376.04999999999995,Tachigali,Ingeniero del Suelo - Fijador N
16583,12,Bosque de Tierra Firme,TF2,4b,681,NO,Malvaceae,Theobroma speciosum Willd. ex Spreng.,Theobroma,speciosum,0,0,0,0,0,,0,2010-12-18,2010,24.629310344827587,376.04999999999995,Theobroma,Estrella Comercial - Frutal
16588,12,Bosque de Tierra Firme,TF2,4b,687,NO,Urticaceae,Cecropia sciadophylla Mart.,Cecropia,sciadophylla,0,0,0,0,0,,0,2010-12-18,2010,24.629310344827587,376.04999999999995,Cecropia,Ingeniero del Suelo - Pionera
16596,12,Bosque de Tierra Firme,TF2,5a,695,NO,Arecaceae,Bactris gasipaes Kunth,Bactris,gasipaes,0,0,3,0,0,,1,2010-12-18,2010,24.629310344827587,376.04999999999995,Bactris,Estrella Comercial - Frutal
16599,12,Bosque de Tierra Firme,TF2,5a,698,NO,Meliaceae,Cedrela fissilis Vell.,Cedrela,fissilis,0,0,0,0,0,,0,2010-12-18,2010,24.629310344827587,376.04999999999995,Cedrela,Caja Fuerte - Maderable
16619,12,Bosque de Tierra Firme,TF3,1b,721,NO,Moraceae,Brosimum rubescens Taub.,Brosimum,rubescens,0,0,0,0,0,,0,2010-12-19,2010,24.629310344827587,376.04999999999995,Brosimum,Caja Fuerte - Maderable
16639,12,Bosque de Tierra Firme,TF3,2b,746,NO,Euphorbiaceae,Hevea guianensis Aubl.,Hevea,guianensis,0,0,0,0,0,,0,2010-12-19,2010,24.629310344827587,376.04999999999995,Hevea,Estrella Comercial - Industrial
16641,12,Bosque de Tierra Firme,TF3,2b,749,NO,Fabaceae,Cedrelinga catenaeformis (Ducke) Ducke,Cedrelinga,catenaeformis,0,0,0,0,0,,0,2010-12-19,2010,24.629310344827587,376.04999999999995,Cedrelinga,Caja Fuerte - Maderable / Fijador N
16644,12,Bosque de Tierra Firme,TF3,3a,756,NO,Fabaceae,Inga alba (Sw.) Willd.,Inga,alba,0,0,0,0,0,,0,2010-12-19,2010,24.629310344827587,376.04999999999995,Inga,Ingeniero del Suelo - Fijador N
16651,12,Bosque de Tierra Firme,TF3,4a,765,NO,Apocynaceae,Aspidosperma vargasii A.DC.,Aspidosperma,vargasii,0,0,0,0,0,,0,2010-12-19,2010,24.629310344827587,376.04999999999995,Aspidosperma,Caja Fuerte - Maderable
16660,12,Bosque de Tierra Firme,TF3,4b,777,NO,Euphorbiaceae,Hevea guianensis Aubl.,Hevea,guianensis,0,0,1,0,0,,1,2010-12-19,2010,24.629310344827587,376.04999999999995,Hevea,Estrella Comercial - Industrial
16665,12,Bosque de Tierra Firme,TF3,5a,785,NO,Fabaceae,Copaifera reticulata Ducke,Copaifera,reticulata,0,0,0,0,0,,0,2010-12-19,2010,24.629310344827587,376.04999999999995,Copaifera,Estrella Comercial - Industrial
16669,12,Bosque de Tierra Firme,TF3,5a,790,NO,Euphorbiaceae,Hevea guianensis Aubl.,Hevea,guianensis,0,0,1,0,0,,1,2010-12-19,2010,24.629310344827587,376.04999999999995,Hevea,Estrella Comercial - Industrial
16674,12,Bosque de Tierra Firme,TF3,5b,796,NO,Fabaceae,Copaifera reticulata Ducke,Copaifera,reticulata,0,0,0,0,0,,0,2010-12-19,2010,24.629310344827587,376.04999999999995,Copaifera,Estrella Comercial - Industrial
16683,12,Bosque de Tierra Firme,TF4,1a,807,NO,Euphorbiaceae,Hevea guianensis Aubl.,Hevea,guianensis,0,0,0,0,0,,0,2010-12-19,2010,24.629310344827587,376.04999999999995,Hevea,Estrella Comercial - Industrial
16687,12,Bosque de Tierra Firme,TF4,1a,811,NO,Euphorbiaceae,Hevea guianensis Aubl.,Hevea,guianensis,0,0,0,0,0,,0,2010-12-19,2010,24.629310344827587,376.04999999999995,Hevea,Estrella Comercial - Industrial
16693,12,Bosque de Tierra Firme,TF4,1b,817,NO,Sapotaceae,Pouteria pariry (Ducke) Baehni,Pouteria,pariry,0,0,0,3,0,,1,2010-12-19,2010,24.629310344827587,376.04999999999995,Pouteria,Estrella Comercial - Frutal
16696,12,Bosque de Tierra Firme,TF4,1b,820,NO,Olacaceae,Aptandra tubicina (Poepp.) Benth. ex Miers,Aptandra,tubicina,0,0,0,0,0,,0,2010-12-19,2010,24.629310344827587,376.04999999999995,Aptandra,Ingeniero del Suelo - Pionera
16713,12,Bosque de Tierra Firme,TF4,2a,840,NO,Fabaceae,Inga stipularis DC.,Inga,stipularis,0,0,0,0,0,,0,2010-12-19,2010,24.629310344827587,376.04999999999995,Inga,Ingeniero del Suelo - Fijador N
16734,12,Bosque de Tierra Firme,TF4,3a,867,NO,Fabaceae,Inga punctata Willd.,Inga,punctata,0,0,0,0,0,,0,2010-12-19,2010,24.629310344827587,376.04999999999995,Inga,Ingeniero del Suelo - Fijador N
16742,12,Bosque de Tierra Firme,TF4,3a,876,NO,Bignonaceae,Jacaranda copaia (Aubl.) D.Don,Jacaranda,copaia,0,0,0,0,0,,0,2010-12-19,2010,24.629310344827587,376.04999999999995,Jacaranda,Ingeniero del Suelo - Pionera
16750,12,Bosque de Tierra Firme,TF4,3b,884,NO,Apocynaceae,Aspidosperma nitidum Benth. ex Müll.Arg.,Aspidosperma,nitidum,0,0,0,0,0,,0,2010-12-19,2010,24.629310344827587,376.04999999999995,Aspidosperma,Caja Fuerte - Maderable
16766,12,Bosque de Tierra Firme,TF5,1a,903,NO,Sapotaceae,Pouteria procera (Mart.) K.Hammer,Pouteria,procera,0,0,3,2,0,,1,2010-12-18,2010,24.629310344827587,376.04999999999995,Pouteria,Estrella Comercial - Frutal
16772,12,Bosque de Tierra Firme,TF5,1a,911,NO,Fabaceae,Inga auristellae Harms,Inga,auristellae,0,0,0,0,0,,0,2010-12-18,2010,24.629310344827587,376.04999999999995,Inga,Ingeniero del Suelo - Fijador N
16774,12,Bosque de Tierra Firme,TF5,1b,915,NO,Fabaceae,Inga sp. 2,Inga,sp,0,0,0,0,0,,0,2010-12-18,2010,24.629310344827587,376.04999999999995,Inga,Ingeniero del Suelo - Fijador N
16777,12,Bosque de Tierra Firme,TF5,1b,918,NO,Fabaceae,Inga cordistipula Mart.,Inga,cordistipula,0,0,0,0,0,,0,2010-12-18,2010,24.629310344827587,376.04999999999995,Inga,Ingeniero del Suelo - Fijador N
16781,12,Bosque de Tierra Firme,TF5,2a,923,NO,Malvaceae,Theobroma speciosum Willd. ex Spreng.,Theobroma,speciosum,0,0,0,0,0,,0,2010-12-18,2010,24.629310344827587,376.04999999999995,Theobroma,Estrella Comercial - Frutal
16786,12,Bosque de Tierra Firme,TF5,2a,930,NO,Apocynaceae,Aspidosperma rigidum Rusby,Aspidosperma,rigidum,0,0,0,0,0,,0,2010-12-18,2010,24.629310344827587,376.04999999999995,Aspidosperma,Caja Fuerte - Maderable
16788,12,Bosque de Tierra Firme,TF5,2b,934,NO,Fabaceae,Dipteryx micrantha Harms,Dipteryx,micrantha,3,4,0,0,0,,1,2010-12-18,2010,24.629310344827587,376.04999999999995,Dipteryx,Estrella Comercial - Industrial
16796,12,Bosque de Tierra Firme,TF5,3a,942,NO,Fabaceae,Inga edulis Mart.,Inga,edulis,0,0,0,2,0,,1,2010-12-18,2010,24.629310344827587,376.04999999999995,Inga,Ingeniero del Suelo - Fijador N
16800,12,Bosque de Tierra Firme,TF5,3a,946,NO,Fabaceae,Inga sp. 2,Inga,sp,0,0,0,2,0,,1,2010-12-18,2010,24.629310344827587,376.04999999999995,Inga,Ingeniero del Suelo - Fijador N
16808,12,Bosque de Tierra Firme,TF5,3b,959,NO,Fabaceae,Inga sp. 2,Inga,sp,0,0,0,2,0,,1,2010-12-18,2010,24.629310344827587,376.04999999999995,Inga,Ingeniero del Suelo - Fijador N
16816,12,Bosque de Tierra Firme,TF5,4a,970,NO,Sapotaceae,Pouteria procera (Mart.) K.Hammer,Pouteria,procera,0,0,0,0,0,,0,2010-12-18,2010,24.629310344827587,376.04999999999995,Pouteria,Estrella Comercial - Frutal
16824,12,Bosque de Tierra Firme,TF5,4b,983,NO,Bignonaceae,Jacaranda copaia subsp. spectabilis (Mart. ex DC.) A.H.Gentry,Jacaranda,copaia subsp. spectabilis,0,0,0,0,0,,0,2010-12-18,2010,24.629310344827587,376.04999999999995,Jacaranda,Ingeniero del Suelo - Pionera
16827,12,Bosque de Tierra Firme,TF5,4b,986,NO,Sapotaceae,Pouteria tarapotensis (Eichler ex Pierre) Baehni,Pouteria,tarapotensis,0,0,3,2,2,,1,2010-12-18,2010,24.629310344827587,376.04999999999995,Pouteria,Estrella Comercial - Frutal
16829,12,Bosque de Tierra Firme,TF5,4b,988,NO,Moraceae,Brosimum acutifolium subsp. obovatum (Ducke) C.C.Berg,Brosimum,acutifolium subsp. obovatum,0,0,0,0,0,,0,2010-12-18,2010,24.629310344827587,376.04999999999995,Brosimum,Caja Fuerte - Maderable
16831,12,Bosque de Tierra Firme,TF5,4b,990,NO,Sapotaceae,Pouteria tarapotensis (Eichler ex Pierre) Baehni,Pouteria,tarapotensis,0,0,2,2,0,,1,2010-12-18,2010,24.629310344827587,376.04999999999995,Pouteria,Estrella Comercial - Frutal
16838,12,Bosque de Tierra Firme,TF5,5a,994A,NO,Apocynaceae,Aspidosperma rigidum Rusby,Aspidosperma,rigidum,0,0,0,0,0,,0,2010-12-18,2010,24.629310344827587,376.04999999999995,Aspidosperma,Caja Fuerte - Maderable
16841,12,Bosque de Tierra Firme,TF5,5b,998,NO,Fabaceae,Swartzia myrtifolia Sm.,Swartzia,myrtifolia,0,0,0,0,0,,0,2010-12-18,2010,24.629310344827587,376.04999999999995,Swartzia,Ingeniero del Suelo - Fijador N
16845,12,Bosque de Tierra Firme,TF5,5b,958A,NO,Apocynaceae,Aspidosperma vargasii A.DC.,Aspidosperma,vargasii,0,0,0,0,0,,0,2010-12-18,2010,24.629310344827587,376.04999999999995,Aspidosperma,Caja Fuerte - Maderable
17739,1,Bosque de Tierra Firme,TF1,1a,501,NO,Fabaceae,Swartzia myrtifolia Sm.,Swartzia,myrtifolia,0,0,0,0,0,,0,2011-01-10,2011,24.392857142857142,597.3,Swartzia,Ingeniero del Suelo - Fijador N
17742,1,Bosque de Tierra Firme,TF1,1a,504,NO,Fabaceae,Swartzia tomentifera (Ducke) Ducke,Swartzia,tomentifera,0,0,0,0,0,,0,2011-01-10,2011,24.392857142857142,597.3,Swartzia,Ingeniero del Suelo - Fijador N
17744,1,Bosque de Tierra Firme,TF1,1a,506,NO,Apocynaceae,Aspidosperma nitidum Benth. ex Müll.Arg.,Aspidosperma,nitidum,0,0,0,0,0,,0,2011-01-10,2011,24.392857142857142,597.3,Aspidosperma,Caja Fuerte - Maderable
17750,1,Bosque de Tierra Firme,TF1,1b,512,NO,Sapotaceae,Pouteria procera (Mart.) K.Hammer,Pouteria,procera,0,0,0,0,0,,0,2011-01-10,2011,24.392857142857142,597.3,Pouteria,Estrella Comercial - Frutal
17762,1,Bosque de Tierra Firme,TF1,2b,528,NO,Fabaceae,Erythrina ulei Harms,Erythrina,ulei,3,0,0,0,0,,1,2011-01-10,2011,24.392857142857142,597.3,Erythrina,Ingeniero del Suelo - Fijador N
17763,1,Bosque de Tierra Firme,TF1,2b,529,NO,Fabaceae,Erythrina ulei Harms,Erythrina,ulei,3,0,0,0,0,,1,2011-01-10,2011,24.392857142857142,597.3,Erythrina,Ingeniero del Suelo - Fijador N
17776,1,Bosque de Tierra Firme,TF1,3b,547,NO,Fabaceae,Erythrina ulei Harms,Erythrina,ulei,0,0,0,0,0,,0,2011-01-10,2011,24.392857142857142,597.3,Erythrina,Ingeniero del Suelo - Fijador N
17782,1,Bosque de Tierra Firme,TF1,4b,559,NO,Sapotaceae,Pouteria pariry (Ducke) Baehni,Pouteria,pariry,0,0,0,0,0,,0,2011-01-10,2011,24.392857142857142,597.3,Pouteria,Estrella Comercial - Frutal
17786,1,Bosque de Tierra Firme,TF1,5a,564,NO,Fabaceae,Hymenaea courbaril L.,Hymenaea,courbaril,0,0,0,0,0,,0,2011-01-10,2011,24.392857142857142,597.3,Hymenaea,Estrella Comercial - Frutal
17798,1,Bosque de Tierra Firme,TF1,6a,580,NO,Sapotaceae,Pouteria sp. 3,Pouteria,sp,0,0,0,0,0,,0,2011-01-10,2011,24.392857142857142,597.3,Pouteria,Estrella Comercial - Frutal
17799,1,Bosque de Tierra Firme,TF1,6a,581,NO,Fabaceae,Swartzia myrtifolia Sm.,Swartzia,myrtifolia,0,0,0,0,0,,0,2011-01-10,2011,24.392857142857142,597.3,Swartzia,Ingeniero del Suelo - Fijador N
17802,1,Bosque de Tierra Firme,TF1,6b,589,NO,Fabaceae,Hymenaea courbaril L.,Hymenaea,courbaril,0,0,3,0,0,,1,2011-01-10,2011,24.392857142857142,597.3,Hymenaea,Estrella Comercial - Frutal
17821,1,Bosque de Tierra Firme,TF2,1b,614,NO,Fabaceae,Copaifera reticulata Ducke,Copaifera,reticulata,0,0,0,0,0,,0,2011-01-10,2011,24.392857142857142,597.3,Copaifera,Estrella Comercial - Industrial
17824,1,Bosque de Tierra Firme,TF2,1b,617,NO,Sapotaceae,Pouteria sp. 2,Pouteria,sp,0,0,0,0,0,,0,2011-01-10,2011,24.392857142857142,597.3,Pouteria,Estrella Comercial - Frutal
17828,1,Bosque de Tierra Firme,TF2,1b,624,NO,Euphorbiaceae,Hevea guianensis Aubl.,Hevea,guianensis,0,0,0,0,0,,0,2011-01-10,2011,24.392857142857142,597.3,Hevea,Estrella Comercial - Industrial
17832,1,Bosque de Tierra Firme,TF2,2a,629,NO,Euphorbiaceae,Hevea guianensis Aubl.,Hevea,guianensis,0,0,0,0,0,,0,2011-01-10,2011,24.392857142857142,597.3,Hevea,Estrella Comercial - Industrial
17838,1,Bosque de Tierra Firme,TF2,2b,638,NO,Moraceae,Brosimum rubescens Taub.,Brosimum,rubescens,0,0,0,0,0,,0,2011-01-10,2011,24.392857142857142,597.3,Brosimum,Caja Fuerte - Maderable
17843,1,Bosque de Tierra Firme,TF2,3a,648,NO,Sapotaceae,Pouteria torta (Mart.) Radlk.,Pouteria,torta,0,0,0,0,0,,0,2011-01-10,2011,24.392857142857142,597.3,Pouteria,Estrella Comercial - Frutal
17848,1,Bosque de Tierra Firme,TF2,3b,654,NO,Fabaceae,Inga sapindoides Willd.,Inga,sapindoides,0,0,0,0,0,,0,2011-01-10,2011,24.392857142857142,597.3,Inga,Ingeniero del Suelo - Fijador N
17853,1,Bosque de Tierra Firme,TF2,4a,661,NO,Euphorbiaceae,Hevea guianensis Aubl.,Hevea,guianensis,0,0,0,0,0,,0,2011-01-10,2011,24.392857142857142,597.3,Hevea,Estrella Comercial - Industrial
17859,1,Bosque de Tierra Firme,TF2,4a,669,NO,Fabaceae,Tachigali vasquezii Pipoly,Tachigali,vasquezii,0,0,0,0,0,,0,2011-01-10,2011,24.392857142857142,597.3,Tachigali,Ingeniero del Suelo - Fijador N
17868,1,Bosque de Tierra Firme,TF2,4b,681,NO,Malvaceae,Theobroma speciosum Willd. ex Spreng.,Theobroma,speciosum,0,0,0,0,0,,0,2011-01-10,2011,24.392857142857142,597.3,Theobroma,Estrella Comercial - Frutal
17873,1,Bosque de Tierra Firme,TF2,4b,687,NO,Urticaceae,Cecropia sciadophylla Mart.,Cecropia,sciadophylla,0,0,0,0,0,,0,2011-01-10,2011,24.392857142857142,597.3,Cecropia,Ingeniero del Suelo - Pionera
17881,1,Bosque de Tierra Firme,TF2,5a,695,NO,Arecaceae,Bactris gasipaes Kunth,Bactris,gasipaes,0,0,3,0,0,,1,2011-01-10,2011,24.392857142857142,597.3,Bactris,Estrella Comercial - Frutal
17884,1,Bosque de Tierra Firme,TF2,5a,698,NO,Meliaceae,Cedrela fissilis Vell.,Cedrela,fissilis,0,0,0,0,0,,0,2011-01-10,2011,24.392857142857142,597.3,Cedrela,Caja Fuerte - Maderable
17904,1,Bosque de Tierra Firme,TF3,1b,721,NO,Moraceae,Brosimum rubescens Taub.,Brosimum,rubescens,0,0,0,0,0,,0,2011-01-06,2011,24.392857142857142,597.3,Brosimum,Caja Fuerte - Maderable
17924,1,Bosque de Tierra Firme,TF3,2b,746,NO,Euphorbiaceae,Hevea guianensis Aubl.,Hevea,guianensis,0,0,0,0,0,,0,2011-01-06,2011,24.392857142857142,597.3,Hevea,Estrella Comercial - Industrial
17926,1,Bosque de Tierra Firme,TF3,2b,749,NO,Fabaceae,Cedrelinga catenaeformis (Ducke) Ducke,Cedrelinga,catenaeformis,0,0,0,0,0,,0,2011-01-06,2011,24.392857142857142,597.3,Cedrelinga,Caja Fuerte - Maderable / Fijador N
17929,1,Bosque de Tierra Firme,TF3,3a,756,NO,Fabaceae,Inga alba (Sw.) Willd.,Inga,alba,0,0,0,0,0,,0,2011-01-06,2011,24.392857142857142,597.3,Inga,Ingeniero del Suelo - Fijador N
17936,1,Bosque de Tierra Firme,TF3,4a,765,NO,Apocynaceae,Aspidosperma vargasii A.DC.,Aspidosperma,vargasii,0,0,0,0,0,,0,2011-01-06,2011,24.392857142857142,597.3,Aspidosperma,Caja Fuerte - Maderable
17945,1,Bosque de Tierra Firme,TF3,4b,777,NO,Euphorbiaceae,Hevea guianensis Aubl.,Hevea,guianensis,0,0,0,0,0,,0,2011-01-06,2011,24.392857142857142,597.3,Hevea,Estrella Comercial - Industrial
17950,1,Bosque de Tierra Firme,TF3,5a,785,NO,Fabaceae,Copaifera reticulata Ducke,Copaifera,reticulata,0,0,0,0,0,,0,2011-01-06,2011,24.392857142857142,597.3,Copaifera,Estrella Comercial - Industrial
17954,1,Bosque de Tierra Firme,TF3,5a,790,NO,Euphorbiaceae,Hevea guianensis Aubl.,Hevea,guianensis,0,0,1,0,0,,1,2011-01-06,2011,24.392857142857142,597.3,Hevea,Estrella Comercial - Industrial
17959,1,Bosque de Tierra Firme,TF3,5b,796,NO,Fabaceae,Copaifera reticulata Ducke,Copaifera,reticulata,0,0,0,0,0,,0,2011-01-06,2011,24.392857142857142,597.3,Copaifera,Estrella Comercial - Industrial
17968,1,Bosque de Tierra Firme,TF4,1a,807,NO,Euphorbiaceae,Hevea guianensis Aubl.,Hevea,guianensis,0,0,0,0,0,,0,2011-01-06,2011,24.392857142857142,597.3,Hevea,Estrella Comercial - Industrial
17972,1,Bosque de Tierra Firme,TF4,1a,811,NO,Euphorbiaceae,Hevea guianensis Aubl.,Hevea,guianensis,0,0,0,0,0,,0,2011-01-06,2011,24.392857142857142,597.3,Hevea,Estrella Comercial - Industrial
17978,1,Bosque de Tierra Firme,TF4,1b,817,NO,Sapotaceae,Pouteria pariry (Ducke) Baehni,Pouteria,pariry,0,0,0,2,0,,1,2011-01-06,2011,24.392857142857142,597.3,Pouteria,Estrella Comercial - Frutal
17981,1,Bosque de Tierra Firme,TF4,1b,820,NO,Olacaceae,Aptandra tubicina (Poepp.) Benth. ex Miers,Aptandra,tubicina,0,0,0,0,0,,0,2011-01-06,2011,24.392857142857142,597.3,Aptandra,Ingeniero del Suelo - Pionera
17998,1,Bosque de Tierra Firme,TF4,2a,840,NO,Fabaceae,Inga stipularis DC.,Inga,stipularis,0,0,0,0,0,,0,2011-01-06,2011,24.392857142857142,597.3,Inga,Ingeniero del Suelo - Fijador N
18019,1,Bosque de Tierra Firme,TF4,3a,867,NO,Fabaceae,Inga punctata Willd.,Inga,punctata,0,0,0,0,0,,0,2011-01-06,2011,24.392857142857142,597.3,Inga,Ingeniero del Suelo - Fijador N
18027,1,Bosque de Tierra Firme,TF4,3a,876,NO,Bignonaceae,Jacaranda copaia (Aubl.) D.Don,Jacaranda,copaia,0,0,0,0,0,,0,2011-01-06,2011,24.392857142857142,597.3,Jacaranda,Ingeniero del Suelo - Pionera
18035,1,Bosque de Tierra Firme,TF4,3b,884,NO,Apocynaceae,Aspidosperma nitidum Benth. ex Müll.Arg.,Aspidosperma,nitidum,0,0,0,0,0,,0,2011-01-06,2011,24.392857142857142,597.3,Aspidosperma,Caja Fuerte - Maderable
18051,1,Bosque de Tierra Firme,TF5,1a,903,NO,Sapotaceae,Pouteria procera (Mart.) K.Hammer,Pouteria,procera,0,0,0,2,0,,1,2011-01-06,2011,24.392857142857142,597.3,Pouteria,Estrella Comercial - Frutal
18057,1,Bosque de Tierra Firme,TF5,1a,911,NO,Fabaceae,Inga auristellae Harms,Inga,auristellae,0,0,0,0,0,,0,2011-01-06,2011,24.392857142857142,597.3,Inga,Ingeniero del Suelo - Fijador N
18059,1,Bosque de Tierra Firme,TF5,1b,915,NO,Fabaceae,Inga sp. 2,Inga,sp,0,0,0,0,0,,0,2011-01-06,2011,24.392857142857142,597.3,Inga,Ingeniero del Suelo - Fijador N
18062,1,Bosque de Tierra Firme,TF5,1b,918,NO,Fabaceae,Inga cordistipula Mart.,Inga,cordistipula,0,0,0,0,0,,0,2011-01-06,2011,24.392857142857142,597.3,Inga,Ingeniero del Suelo - Fijador N
18066,1,Bosque de Tierra Firme,TF5,2a,923,NO,Malvaceae,Theobroma speciosum Willd. ex Spreng.,Theobroma,speciosum,0,0,0,0,0,,0,2011-01-06,2011,24.392857142857142,597.3,Theobroma,Estrella Comercial - Frutal
18071,1,Bosque de Tierra Firme,TF5,2a,930,NO,Apocynaceae,Aspidosperma rigidum Rusby,Aspidosperma,rigidum,0,0,0,0,0,,0,2011-01-06,2011,24.392857142857142,597.3,Aspidosperma,Caja Fuerte - Maderable
18073,1,Bosque de Tierra Firme,TF5,2b,934,NO,Fabaceae,Dipteryx micrantha Harms,Dipteryx,micrantha,0,0,0,0,0,,0,2011-01-06,2011,24.392857142857142,597.3,Dipteryx,Estrella Comercial - Industrial
18081,1,Bosque de Tierra Firme,TF5,3a,942,NO,Fabaceae,Inga edulis Mart.,Inga,edulis,0,0,0,2,0,,1,2011-01-06,2011,24.392857142857142,597.3,Inga,Ingeniero del Suelo - Fijador N
18085,1,Bosque de Tierra Firme,TF5,3a,946,NO,Fabaceae,Inga sp. 2,Inga,sp,0,0,0,2,0,,1,2011-01-06,2011,24.392857142857142,597.3,Inga,Ingeniero del Suelo - Fijador N
18093,1,Bosque de Tierra Firme,TF5,3b,959,NO,Fabaceae,Inga sp. 2,Inga,sp,0,0,0,2,0,,1,2011-01-06,2011,24.392857142857142,597.3,Inga,Ingeniero del Suelo - Fijador N
18101,1,Bosque de Tierra Firme,TF5,4a,970,NO,Sapotaceae,Pouteria procera (Mart.) K.Hammer,Pouteria,procera,0,0,0,0,0,,0,2011-01-06,2011,24.392857142857142,597.3,Pouteria,Estrella Comercial - Frutal
18109,1,Bosque de Tierra Firme,TF5,4b,983,NO,Bignonaceae,Jacaranda copaia subsp. spectabilis (Mart. ex DC.) A.H.Gentry,Jacaranda,copaia subsp. spectabilis,0,0,0,0,0,,0,2011-01-06,2011,24.392857142857142,597.3,Jacaranda,Ingeniero del Suelo - Pionera
18112,1,Bosque de Tierra Firme,TF5,4b,986,NO,Sapotaceae,Pouteria tarapotensis (Eichler ex Pierre) Baehni,Pouteria,tarapotensis,0,0,2,3,1,,1,2011-01-06,2011,24.392857142857142,597.3,Pouteria,Estrella Comercial - Frutal
18114,1,Bosque de Tierra Firme,TF5,4b,988,NO,Moraceae,Brosimum acutifolium subsp. obovatum (Ducke) C.C.Berg,Brosimum,acutifolium subsp. obovatum,0,0,0,0,0,,0,2011-01-06,2011,24.392857142857142,597.3,Brosimum,Caja Fuerte - Maderable
18116,1,Bosque de Tierra Firme,TF5,4b,990,NO,Sapotaceae,Pouteria tarapotensis (Eichler ex Pierre) Baehni,Pouteria,tarapotensis,0,0,1,2,1,,1,2011-01-06,2011,24.392857142857142,597.3,Pouteria,Estrella Comercial - Frutal
18123,1,Bosque de Tierra Firme,TF5,5a,994A,NO,Apocynaceae,Aspidosperma rigidum Rusby,Aspidosperma,rigidum,0,0,0,0,0,,0,2011-01-06,2011,24.392857142857142,597.3,Aspidosperma,Caja Fuerte - Maderable
18126,1,Bosque de Tierra Firme,TF5,5b,998,NO,Fabaceae,Swartzia myrtifolia Sm.,Swartzia,myrtifolia,0,0,0,0,0,,0,2011-01-06,2011,24.392857142857142,597.3,Swartzia,Ingeniero del Suelo - Fijador N
18130,1,Bosque de Tierra Firme,TF5,5b,958A,NO,Apocynaceae,Aspidosperma vargasii A.DC.,Aspidosperma,vargasii,0,0,0,0,0,,0,2011-01-06,2011,24.392857142857142,597.3,Aspidosperma,Caja Fuerte - Maderable
19020,2,Bosque de Tierra Firme,TF1,1a,501,NO,Fabaceae,Swartzia myrtifolia Sm.,Swartzia,myrtifolia,0,0,0,0,0,,0,2011-02-21,2011,24.080357142857142,357.30000000000007,Swartzia,Ingeniero del Suelo - Fijador N
19023,2,Bosque de Tierra Firme,TF1,1a,504,NO,Fabaceae,Swartzia tomentifera (Ducke) Ducke,Swartzia,tomentifera,0,0,0,0,0,,0,2011-02-21,2011,24.080357142857142,357.30000000000007,Swartzia,Ingeniero del Suelo - Fijador N
19025,2,Bosque de Tierra Firme,TF1,1a,506,NO,Apocynaceae,Aspidosperma nitidum Benth. ex Müll.Arg.,Aspidosperma,nitidum,0,0,0,0,0,,0,2011-02-21,2011,24.080357142857142,357.30000000000007,Aspidosperma,Caja Fuerte - Maderable
19031,2,Bosque de Tierra Firme,TF1,1b,512,NO,Sapotaceae,Pouteria procera (Mart.) K.Hammer,Pouteria,procera,0,0,0,0,0,,0,2011-02-21,2011,24.080357142857142,357.30000000000007,Pouteria,Estrella Comercial - Frutal
19043,2,Bosque de Tierra Firme,TF1,2b,528,NO,Fabaceae,Erythrina ulei Harms,Erythrina,ulei,0,0,0,0,0,,0,2011-02-21,2011,24.080357142857142,357.30000000000007,Erythrina,Ingeniero del Suelo - Fijador N
19044,2,Bosque de Tierra Firme,TF1,2b,529,NO,Fabaceae,Erythrina ulei Harms,Erythrina,ulei,0,0,0,0,0,,0,2011-02-21,2011,24.080357142857142,357.30000000000007,Erythrina,Ingeniero del Suelo - Fijador N
19057,2,Bosque de Tierra Firme,TF1,3b,547,NO,Fabaceae,Erythrina ulei Harms,Erythrina,ulei,0,0,0,0,0,,0,2011-02-21,2011,24.080357142857142,357.30000000000007,Erythrina,Ingeniero del Suelo - Fijador N
19064,2,Bosque de Tierra Firme,TF1,4b,559,NO,Sapotaceae,Pouteria pariry (Ducke) Baehni,Pouteria,pariry,0,0,0,0,0,,0,2011-02-21,2011,24.080357142857142,357.30000000000007,Pouteria,Estrella Comercial - Frutal
19068,2,Bosque de Tierra Firme,TF1,5a,564,NO,Fabaceae,Hymenaea courbaril L.,Hymenaea,courbaril,0,0,0,1,0,,1,2011-02-21,2011,24.080357142857142,357.30000000000007,Hymenaea,Estrella Comercial - Frutal
19080,2,Bosque de Tierra Firme,TF1,6a,580,NO,Sapotaceae,Pouteria sp. 3,Pouteria,sp,0,0,0,0,0,,0,2011-02-21,2011,24.080357142857142,357.30000000000007,Pouteria,Estrella Comercial - Frutal
19081,2,Bosque de Tierra Firme,TF1,6a,581,NO,Fabaceae,Swartzia myrtifolia Sm.,Swartzia,myrtifolia,0,0,0,0,0,,0,2011-02-21,2011,24.080357142857142,357.30000000000007,Swartzia,Ingeniero del Suelo - Fijador N
19084,2,Bosque de Tierra Firme,TF1,6b,589,NO,Fabaceae,Hymenaea courbaril L.,Hymenaea,courbaril,0,0,3,0,1,,1,2011-02-21,2011,24.080357142857142,357.30000000000007,Hymenaea,Estrella Comercial - Frutal
19103,2,Bosque de Tierra Firme,TF2,1b,614,NO,Fabaceae,Copaifera reticulata Ducke,Copaifera,reticulata,0,0,0,0,0,,0,2011-02-21,2011,24.080357142857142,357.30000000000007,Copaifera,Estrella Comercial - Industrial
19106,2,Bosque de Tierra Firme,TF2,1b,617,NO,Sapotaceae,Pouteria sp. 2,Pouteria,sp,0,0,0,0,0,,0,2011-02-21,2011,24.080357142857142,357.30000000000007,Pouteria,Estrella Comercial - Frutal
19110,2,Bosque de Tierra Firme,TF2,1b,624,NO,Euphorbiaceae,Hevea guianensis Aubl.,Hevea,guianensis,0,0,0,0,0,,0,2011-02-21,2011,24.080357142857142,357.30000000000007,Hevea,Estrella Comercial - Industrial
19114,2,Bosque de Tierra Firme,TF2,2a,629,NO,Euphorbiaceae,Hevea guianensis Aubl.,Hevea,guianensis,0,0,0,0,0,,0,2011-02-21,2011,24.080357142857142,357.30000000000007,Hevea,Estrella Comercial - Industrial
19121,2,Bosque de Tierra Firme,TF2,2b,638,NO,Moraceae,Brosimum rubescens Taub.,Brosimum,rubescens,0,0,0,0,0,,0,2011-02-21,2011,24.080357142857142,357.30000000000007,Brosimum,Caja Fuerte - Maderable
19126,2,Bosque de Tierra Firme,TF2,3a,648,NO,Sapotaceae,Pouteria torta (Mart.) Radlk.,Pouteria,torta,0,0,0,0,0,,0,2011-02-21,2011,24.080357142857142,357.30000000000007,Pouteria,Estrella Comercial - Frutal
19131,2,Bosque de Tierra Firme,TF2,3b,654,NO,Fabaceae,Inga sapindoides Willd.,Inga,sapindoides,0,0,0,0,0,,0,2011-02-21,2011,24.080357142857142,357.30000000000007,Inga,Ingeniero del Suelo - Fijador N
19136,2,Bosque de Tierra Firme,TF2,4a,661,NO,Euphorbiaceae,Hevea guianensis Aubl.,Hevea,guianensis,0,0,0,0,0,,0,2011-02-21,2011,24.080357142857142,357.30000000000007,Hevea,Estrella Comercial - Industrial
19142,2,Bosque de Tierra Firme,TF2,4a,669,NO,Fabaceae,Tachigali vasquezii Pipoly,Tachigali,vasquezii,0,0,0,0,0,,0,2011-02-21,2011,24.080357142857142,357.30000000000007,Tachigali,Ingeniero del Suelo - Fijador N
19151,2,Bosque de Tierra Firme,TF2,4b,681,NO,Malvaceae,Theobroma speciosum Willd. ex Spreng.,Theobroma,speciosum,0,0,0,0,0,,0,2011-02-21,2011,24.080357142857142,357.30000000000007,Theobroma,Estrella Comercial - Frutal
19156,2,Bosque de Tierra Firme,TF2,4b,687,NO,Urticaceae,Cecropia sciadophylla Mart.,Cecropia,sciadophylla,0,0,0,0,0,,0,2011-02-21,2011,24.080357142857142,357.30000000000007,Cecropia,Ingeniero del Suelo - Pionera
19164,2,Bosque de Tierra Firme,TF2,5a,695,NO,Arecaceae,Bactris gasipaes Kunth,Bactris,gasipaes,0,0,2,1,1,,1,2011-02-21,2011,24.080357142857142,357.30000000000007,Bactris,Estrella Comercial - Frutal
19167,2,Bosque de Tierra Firme,TF2,5a,698,NO,Meliaceae,Cedrela fissilis Vell.,Cedrela,fissilis,0,0,0,0,0,,0,2011-02-21,2011,24.080357142857142,357.30000000000007,Cedrela,Caja Fuerte - Maderable
19187,2,Bosque de Tierra Firme,TF3,1b,721,NO,Moraceae,Brosimum rubescens Taub.,Brosimum,rubescens,0,0,0,0,0,,0,2011-02-23,2011,24.080357142857142,357.30000000000007,Brosimum,Caja Fuerte - Maderable
19207,2,Bosque de Tierra Firme,TF3,2b,746,NO,Euphorbiaceae,Hevea guianensis Aubl.,Hevea,guianensis,0,0,0,0,0,,0,2011-02-23,2011,24.080357142857142,357.30000000000007,Hevea,Estrella Comercial - Industrial
19209,2,Bosque de Tierra Firme,TF3,2b,749,NO,Fabaceae,Cedrelinga catenaeformis (Ducke) Ducke,Cedrelinga,catenaeformis,0,0,0,0,0,,0,2011-02-23,2011,24.080357142857142,357.30000000000007,Cedrelinga,Caja Fuerte - Maderable / Fijador N
19212,2,Bosque de Tierra Firme,TF3,3a,756,NO,Fabaceae,Inga alba (Sw.) Willd.,Inga,alba,0,0,0,0,0,,0,2011-02-23,2011,24.080357142857142,357.30000000000007,Inga,Ingeniero del Suelo - Fijador N
19219,2,Bosque de Tierra Firme,TF3,4a,765,NO,Apocynaceae,Aspidosperma vargasii A.DC.,Aspidosperma,vargasii,0,0,0,0,0,,0,2011-02-23,2011,24.080357142857142,357.30000000000007,Aspidosperma,Caja Fuerte - Maderable
19228,2,Bosque de Tierra Firme,TF3,4b,777,NO,Euphorbiaceae,Hevea guianensis Aubl.,Hevea,guianensis,0,0,0,0,0,,0,2011-02-23,2011,24.080357142857142,357.30000000000007,Hevea,Estrella Comercial - Industrial
19233,2,Bosque de Tierra Firme,TF3,5a,785,NO,Fabaceae,Copaifera reticulata Ducke,Copaifera,reticulata,0,0,0,0,0,,0,2011-02-23,2011,24.080357142857142,357.30000000000007,Copaifera,Estrella Comercial - Industrial
19237,2,Bosque de Tierra Firme,TF3,5a,790,NO,Euphorbiaceae,Hevea guianensis Aubl.,Hevea,guianensis,0,0,0,0,0,,0,2011-02-23,2011,24.080357142857142,357.30000000000007,Hevea,Estrella Comercial - Industrial
19242,2,Bosque de Tierra Firme,TF3,5b,796,NO,Fabaceae,Copaifera reticulata Ducke,Copaifera,reticulata,0,0,0,0,0,,0,2011-02-23,2011,24.080357142857142,357.30000000000007,Copaifera,Estrella Comercial - Industrial
19250,2,Bosque de Tierra Firme,TF4,1a,807,NO,Euphorbiaceae,Hevea guianensis Aubl.,Hevea,guianensis,0,0,0,0,0,,0,2011-02-23,2011,24.080357142857142,357.30000000000007,Hevea,Estrella Comercial - Industrial
19254,2,Bosque de Tierra Firme,TF4,1a,811,NO,Euphorbiaceae,Hevea guianensis Aubl.,Hevea,guianensis,0,0,0,0,0,,0,2011-02-23,2011,24.080357142857142,357.30000000000007,Hevea,Estrella Comercial - Industrial
19260,2,Bosque de Tierra Firme,TF4,1b,817,NO,Sapotaceae,Pouteria pariry (Ducke) Baehni,Pouteria,pariry,0,0,0,0,0,,0,2011-02-23,2011,24.080357142857142,357.30000000000007,Pouteria,Estrella Comercial - Frutal
19263,2,Bosque de Tierra Firme,TF4,1b,820,NO,Olacaceae,Aptandra tubicina (Poepp.) Benth. ex Miers,Aptandra,tubicina,0,0,0,0,0,,0,2011-02-23,2011,24.080357142857142,357.30000000000007,Aptandra,Ingeniero del Suelo - Pionera
19280,2,Bosque de Tierra Firme,TF4,2a,840,NO,Fabaceae,Inga stipularis DC.,Inga,stipularis,0,0,0,0,0,,0,2011-02-23,2011,24.080357142857142,357.30000000000007,Inga,Ingeniero del Suelo - Fijador N
19301,2,Bosque de Tierra Firme,TF4,3a,867,NO,Fabaceae,Inga punctata Willd.,Inga,punctata,0,0,0,0,0,,0,2011-02-23,2011,24.080357142857142,357.30000000000007,Inga,Ingeniero del Suelo - Fijador N
19309,2,Bosque de Tierra Firme,TF4,3a,876,NO,Bignonaceae,Jacaranda copaia (Aubl.) D.Don,Jacaranda,copaia,0,0,0,0,0,,0,2011-02-23,2011,24.080357142857142,357.30000000000007,Jacaranda,Ingeniero del Suelo - Pionera
19317,2,Bosque de Tierra Firme,TF4,3b,884,NO,Apocynaceae,Aspidosperma nitidum Benth. ex Müll.Arg.,Aspidosperma,nitidum,0,0,0,0,0,,0,2011-02-23,2011,24.080357142857142,357.30000000000007,Aspidosperma,Caja Fuerte - Maderable
19333,2,Bosque de Tierra Firme,TF5,1a,903,NO,Sapotaceae,Pouteria procera (Mart.) K.Hammer,Pouteria,procera,0,0,2,2,1,,1,2011-02-21,2011,24.080357142857142,357.30000000000007,Pouteria,Estrella Comercial - Frutal
19339,2,Bosque de Tierra Firme,TF5,1a,911,NO,Fabaceae,Inga auristellae Harms,Inga,auristellae,0,0,0,0,0,,0,2011-02-21,2011,24.080357142857142,357.30000000000007,Inga,Ingeniero del Suelo - Fijador N
19341,2,Bosque de Tierra Firme,TF5,1b,915,NO,Fabaceae,Inga sp. 2,Inga,sp,0,0,0,0,0,,0,2011-02-21,2011,24.080357142857142,357.30000000000007,Inga,Ingeniero del Suelo - Fijador N
19344,2,Bosque de Tierra Firme,TF5,1b,918,NO,Fabaceae,Inga cordistipula Mart.,Inga,cordistipula,0,0,0,0,0,,0,2011-02-21,2011,24.080357142857142,357.30000000000007,Inga,Ingeniero del Suelo - Fijador N
19348,2,Bosque de Tierra Firme,TF5,2a,923,NO,Malvaceae,Theobroma speciosum Willd. ex Spreng.,Theobroma,speciosum,0,0,0,0,0,,0,2011-02-21,2011,24.080357142857142,357.30000000000007,Theobroma,Estrella Comercial - Frutal
19353,2,Bosque de Tierra Firme,TF5,2a,930,NO,Apocynaceae,Aspidosperma rigidum Rusby,Aspidosperma,rigidum,0,0,0,0,0,,0,2011-02-21,2011,24.080357142857142,357.30000000000007,Aspidosperma,Caja Fuerte - Maderable
19355,2,Bosque de Tierra Firme,TF5,2b,934,NO,Fabaceae,Dipteryx micrantha Harms,Dipteryx,micrantha,0,0,2,0,0,,1,2011-02-21,2011,24.080357142857142,357.30000000000007,Dipteryx,Estrella Comercial - Industrial
19363,2,Bosque de Tierra Firme,TF5,3a,942,NO,Fabaceae,Inga edulis Mart.,Inga,edulis,0,0,0,2,1,,1,2011-02-21,2011,24.080357142857142,357.30000000000007,Inga,Ingeniero del Suelo - Fijador N
19367,2,Bosque de Tierra Firme,TF5,3a,946,NO,Fabaceae,Inga sp. 2,Inga,sp,0,0,0,0,0,,0,2011-02-21,2011,24.080357142857142,357.30000000000007,Inga,Ingeniero del Suelo - Fijador N
19375,2,Bosque de Tierra Firme,TF5,3b,959,NO,Fabaceae,Inga sp. 2,Inga,sp,0,0,0,2,0,,1,2011-02-21,2011,24.080357142857142,357.30000000000007,Inga,Ingeniero del Suelo - Fijador N
19382,2,Bosque de Tierra Firme,TF5,4a,970,NO,Sapotaceae,Pouteria procera (Mart.) K.Hammer,Pouteria,procera,0,0,0,0,0,,0,2011-02-21,2011,24.080357142857142,357.30000000000007,Pouteria,Estrella Comercial - Frutal
19390,2,Bosque de Tierra Firme,TF5,4b,983,NO,Bignonaceae,Jacaranda copaia subsp. spectabilis (Mart. ex DC.) A.H.Gentry,Jacaranda,copaia subsp. spectabilis,0,0,0,0,0,,0,2011-02-21,2011,24.080357142857142,357.30000000000007,Jacaranda,Ingeniero del Suelo - Pionera
19393,2,Bosque de Tierra Firme,TF5,4b,986,NO,Sapotaceae,Pouteria tarapotensis (Eichler ex Pierre) Baehni,Pouteria,tarapotensis,0,0,0,2,0,,1,2011-02-21,2011,24.080357142857142,357.30000000000007,Pouteria,Estrella Comercial - Frutal
19395,2,Bosque de Tierra Firme,TF5,4b,988,NO,Moraceae,Brosimum acutifolium subsp. obovatum (Ducke) C.C.Berg,Brosimum,acutifolium subsp. obovatum,0,0,0,0,0,,0,2011-02-21,2011,24.080357142857142,357.30000000000007,Brosimum,Caja Fuerte - Maderable
19397,2,Bosque de Tierra Firme,TF5,4b,990,NO,Sapotaceae,Pouteria tarapotensis (Eichler ex Pierre) Baehni,Pouteria,tarapotensis,0,0,0,2,0,,1,2011-02-21,2011,24.080357142857142,357.30000000000007,Pouteria,Estrella Comercial - Frutal
19404,2,Bosque de Tierra Firme,TF5,5a,994A,NO,Apocynaceae,Aspidosperma rigidum Rusby,Aspidosperma,rigidum,0,0,0,0,0,,0,2011-02-21,2011,24.080357142857142,357.30000000000007,Aspidosperma,Caja Fuerte - Maderable
19407,2,Bosque de Tierra Firme,TF5,5b,998,NO,Fabaceae,Swartzia myrtifolia Sm.,Swartzia,myrtifolia,0,0,0,0,0,,0,2011-02-21,2011,24.080357142857142,357.30000000000007,Swartzia,Ingeniero del Suelo - Fijador N
19411,2,Bosque de Tierra Firme,TF5,5b,958A,NO,Apocynaceae,Aspidosperma vargasii A.DC.,Aspidosperma,vargasii,0,0,0,0,0,,0,2011-02-21,2011,24.080357142857142,357.30000000000007,Aspidosperma,Caja Fuerte - Maderable
20348,3,Bosque de Tierra Firme,TF1,1a,501,NO,Fabaceae,Swartzia myrtifolia Sm.,Swartzia,myrtifolia,0,0,0,0,0,,0,2011-03-21,2011,24.226666666666667,139.6,Swartzia,Ingeniero del Suelo - Fijador N
20351,3,Bosque de Tierra Firme,TF1,1a,504,NO,Fabaceae,Swartzia tomentifera (Ducke) Ducke,Swartzia,tomentifera,0,0,0,0,0,,0,2011-03-21,2011,24.226666666666667,139.6,Swartzia,Ingeniero del Suelo - Fijador N
20353,3,Bosque de Tierra Firme,TF1,1a,506,NO,Apocynaceae,Aspidosperma nitidum Benth. ex Müll.Arg.,Aspidosperma,nitidum,0,0,0,0,0,,0,2011-03-21,2011,24.226666666666667,139.6,Aspidosperma,Caja Fuerte - Maderable
20359,3,Bosque de Tierra Firme,TF1,1b,512,NO,Sapotaceae,Pouteria procera (Mart.) K.Hammer,Pouteria,procera,0,0,0,0,0,,0,2011-03-21,2011,24.226666666666667,139.6,Pouteria,Estrella Comercial - Frutal
20371,3,Bosque de Tierra Firme,TF1,2b,528,NO,Fabaceae,Erythrina ulei Harms,Erythrina,ulei,0,0,0,0,0,,0,2011-03-21,2011,24.226666666666667,139.6,Erythrina,Ingeniero del Suelo - Fijador N
20372,3,Bosque de Tierra Firme,TF1,2b,529,NO,Fabaceae,Erythrina ulei Harms,Erythrina,ulei,0,0,0,0,0,,0,2011-03-21,2011,24.226666666666667,139.6,Erythrina,Ingeniero del Suelo - Fijador N
20385,3,Bosque de Tierra Firme,TF1,3b,547,NO,Fabaceae,Erythrina ulei Harms,Erythrina,ulei,0,0,0,0,0,,0,2011-03-21,2011,24.226666666666667,139.6,Erythrina,Ingeniero del Suelo - Fijador N
20392,3,Bosque de Tierra Firme,TF1,4b,559,NO,Sapotaceae,Pouteria pariry (Ducke) Baehni,Pouteria,pariry,0,0,0,0,0,,0,2011-03-21,2011,24.226666666666667,139.6,Pouteria,Estrella Comercial - Frutal
20396,3,Bosque de Tierra Firme,TF1,5a,564,NO,Fabaceae,Hymenaea courbaril L.,Hymenaea,courbaril,0,0,1,0,0,,1,2011-03-21,2011,24.226666666666667,139.6,Hymenaea,Estrella Comercial - Frutal
20408,3,Bosque de Tierra Firme,TF1,6a,580,NO,Sapotaceae,Pouteria sp. 3,Pouteria,sp,2,0,0,0,0,,1,2011-03-21,2011,24.226666666666667,139.6,Pouteria,Estrella Comercial - Frutal
20409,3,Bosque de Tierra Firme,TF1,6a,581,NO,Fabaceae,Swartzia myrtifolia Sm.,Swartzia,myrtifolia,0,0,0,0,0,,0,2011-03-21,2011,24.226666666666667,139.6,Swartzia,Ingeniero del Suelo - Fijador N
20412,3,Bosque de Tierra Firme,TF1,6b,589,NO,Fabaceae,Hymenaea courbaril L.,Hymenaea,courbaril,0,0,4,0,0,,1,2011-03-21,2011,24.226666666666667,139.6,Hymenaea,Estrella Comercial - Frutal
20431,3,Bosque de Tierra Firme,TF2,1b,614,NO,Fabaceae,Copaifera reticulata Ducke,Copaifera,reticulata,0,0,0,0,0,,0,2011-03-21,2011,24.226666666666667,139.6,Copaifera,Estrella Comercial - Industrial
20434,3,Bosque de Tierra Firme,TF2,1b,617,NO,Sapotaceae,Pouteria sp. 2,Pouteria,sp,0,0,0,0,0,,0,2011-03-21,2011,24.226666666666667,139.6,Pouteria,Estrella Comercial - Frutal
20438,3,Bosque de Tierra Firme,TF2,1b,624,NO,Euphorbiaceae,Hevea guianensis Aubl.,Hevea,guianensis,0,0,0,0,0,,0,2011-03-21,2011,24.226666666666667,139.6,Hevea,Estrella Comercial - Industrial
20442,3,Bosque de Tierra Firme,TF2,2a,629,NO,Euphorbiaceae,Hevea guianensis Aubl.,Hevea,guianensis,0,0,0,0,0,,0,2011-03-21,2011,24.226666666666667,139.6,Hevea,Estrella Comercial - Industrial
20449,3,Bosque de Tierra Firme,TF2,2b,638,NO,Moraceae,Brosimum rubescens Taub.,Brosimum,rubescens,0,0,0,0,0,,0,2011-03-21,2011,24.226666666666667,139.6,Brosimum,Caja Fuerte - Maderable
20454,3,Bosque de Tierra Firme,TF2,3a,648,NO,Sapotaceae,Pouteria torta (Mart.) Radlk.,Pouteria,torta,0,0,0,0,0,,0,2011-03-21,2011,24.226666666666667,139.6,Pouteria,Estrella Comercial - Frutal
20459,3,Bosque de Tierra Firme,TF2,3b,654,NO,Fabaceae,Inga sapindoides Willd.,Inga,sapindoides,0,0,0,0,0,,0,2011-03-21,2011,24.226666666666667,139.6,Inga,Ingeniero del Suelo - Fijador N
20464,3,Bosque de Tierra Firme,TF2,4a,661,NO,Euphorbiaceae,Hevea guianensis Aubl.,Hevea,guianensis,0,0,0,0,0,,0,2011-03-21,2011,24.226666666666667,139.6,Hevea,Estrella Comercial - Industrial
20470,3,Bosque de Tierra Firme,TF2,4a,669,NO,Fabaceae,Tachigali vasquezii Pipoly,Tachigali,vasquezii,0,0,0,0,0,,0,2011-03-21,2011,24.226666666666667,139.6,Tachigali,Ingeniero del Suelo - Fijador N
20479,3,Bosque de Tierra Firme,TF2,4b,681,NO,Malvaceae,Theobroma speciosum Willd. ex Spreng.,Theobroma,speciosum,0,0,0,0,0,,0,2011-03-21,2011,24.226666666666667,139.6,Theobroma,Estrella Comercial - Frutal
20484,3,Bosque de Tierra Firme,TF2,4b,687,NO,Urticaceae,Cecropia sciadophylla Mart.,Cecropia,sciadophylla,2,0,0,0,0,,1,2011-03-21,2011,24.226666666666667,139.6,Cecropia,Ingeniero del Suelo - Pionera
20492,3,Bosque de Tierra Firme,TF2,5a,695,NO,Arecaceae,Bactris gasipaes Kunth,Bactris,gasipaes,0,0,0,0,0,,0,2011-03-21,2011,24.226666666666667,139.6,Bactris,Estrella Comercial - Frutal
20495,3,Bosque de Tierra Firme,TF2,5a,698,NO,Meliaceae,Cedrela fissilis Vell.,Cedrela,fissilis,0,0,0,0,0,,0,2011-03-21,2011,24.226666666666667,139.6,Cedrela,Caja Fuerte - Maderable
20515,3,Bosque de Tierra Firme,TF3,1b,721,NO,Moraceae,Brosimum rubescens Taub.,Brosimum,rubescens,0,0,0,0,0,,0,2011-03-22,2011,24.226666666666667,139.6,Brosimum,Caja Fuerte - Maderable
20535,3,Bosque de Tierra Firme,TF3,2b,746,NO,Euphorbiaceae,Hevea guianensis Aubl.,Hevea,guianensis,0,0,0,0,0,,0,2011-03-22,2011,24.226666666666667,139.6,Hevea,Estrella Comercial - Industrial
20537,3,Bosque de Tierra Firme,TF3,2b,749,NO,Fabaceae,Cedrelinga catenaeformis (Ducke) Ducke,Cedrelinga,catenaeformis,0,0,0,0,0,,0,2011-03-22,2011,24.226666666666667,139.6,Cedrelinga,Caja Fuerte - Maderable / Fijador N
20540,3,Bosque de Tierra Firme,TF3,3a,756,NO,Fabaceae,Inga alba (Sw.) Willd.,Inga,alba,0,0,0,0,0,,0,2011-03-22,2011,24.226666666666667,139.6,Inga,Ingeniero del Suelo - Fijador N
20547,3,Bosque de Tierra Firme,TF3,4a,765,NO,Apocynaceae,Aspidosperma vargasii A.DC.,Aspidosperma,vargasii,0,0,0,0,0,,0,2011-03-22,2011,24.226666666666667,139.6,Aspidosperma,Caja Fuerte - Maderable
20556,3,Bosque de Tierra Firme,TF3,4b,777,NO,Euphorbiaceae,Hevea guianensis Aubl.,Hevea,guianensis,0,0,0,0,0,,0,2011-03-22,2011,24.226666666666667,139.6,Hevea,Estrella Comercial - Industrial
20561,3,Bosque de Tierra Firme,TF3,5a,785,NO,Fabaceae,Copaifera reticulata Ducke,Copaifera,reticulata,0,0,0,0,0,,0,2011-03-22,2011,24.226666666666667,139.6,Copaifera,Estrella Comercial - Industrial
20565,3,Bosque de Tierra Firme,TF3,5a,790,NO,Euphorbiaceae,Hevea guianensis Aubl.,Hevea,guianensis,0,0,0,0,0,,0,2011-03-22,2011,24.226666666666667,139.6,Hevea,Estrella Comercial - Industrial
20570,3,Bosque de Tierra Firme,TF3,5b,796,NO,Fabaceae,Copaifera reticulata Ducke,Copaifera,reticulata,0,0,0,0,0,,0,2011-03-22,2011,24.226666666666667,139.6,Copaifera,Estrella Comercial - Industrial
20578,3,Bosque de Tierra Firme,TF4,1a,807,NO,Euphorbiaceae,Hevea guianensis Aubl.,Hevea,guianensis,0,0,0,0,0,,0,2011-03-22,2011,24.226666666666667,139.6,Hevea,Estrella Comercial - Industrial
20582,3,Bosque de Tierra Firme,TF4,1a,811,NO,Euphorbiaceae,Hevea guianensis Aubl.,Hevea,guianensis,0,0,0,0,0,,0,2011-03-22,2011,24.226666666666667,139.6,Hevea,Estrella Comercial - Industrial
20588,3,Bosque de Tierra Firme,TF4,1b,817,NO,Sapotaceae,Pouteria pariry (Ducke) Baehni,Pouteria,pariry,0,0,0,0,0,,0,2011-03-22,2011,24.226666666666667,139.6,Pouteria,Estrella Comercial - Frutal
20591,3,Bosque de Tierra Firme,TF4,1b,820,NO,Olacaceae,Aptandra tubicina (Poepp.) Benth. ex Miers,Aptandra,tubicina,0,0,0,0,0,,0,2011-03-22,2011,24.226666666666667,139.6,Aptandra,Ingeniero del Suelo - Pionera
20608,3,Bosque de Tierra Firme,TF4,2a,840,NO,Fabaceae,Inga stipularis DC.,Inga,stipularis,0,0,0,0,0,,0,2011-03-22,2011,24.226666666666667,139.6,Inga,Ingeniero del Suelo - Fijador N
20629,3,Bosque de Tierra Firme,TF4,3a,867,NO,Fabaceae,Inga punctata Willd.,Inga,punctata,0,0,0,0,0,,0,2011-03-22,2011,24.226666666666667,139.6,Inga,Ingeniero del Suelo - Fijador N
20637,3,Bosque de Tierra Firme,TF4,3a,876,NO,Bignonaceae,Jacaranda copaia (Aubl.) D.Don,Jacaranda,copaia,0,0,0,0,0,,0,2011-03-22,2011,24.226666666666667,139.6,Jacaranda,Ingeniero del Suelo - Pionera
20645,3,Bosque de Tierra Firme,TF4,3b,884,NO,Apocynaceae,Aspidosperma nitidum Benth. ex Müll.Arg.,Aspidosperma,nitidum,0,0,0,0,0,,0,2011-03-22,2011,24.226666666666667,139.6,Aspidosperma,Caja Fuerte - Maderable
20661,3,Bosque de Tierra Firme,TF5,1a,903,NO,Sapotaceae,Pouteria procera (Mart.) K.Hammer,Pouteria,procera,0,0,2,2,1,,1,2011-03-17,2011,24.226666666666667,139.6,Pouteria,Estrella Comercial - Frutal
20667,3,Bosque de Tierra Firme,TF5,1a,911,NO,Fabaceae,Inga auristellae Harms,Inga,auristellae,0,0,0,0,0,,0,2011-03-17,2011,24.226666666666667,139.6,Inga,Ingeniero del Suelo - Fijador N
20669,3,Bosque de Tierra Firme,TF5,1b,915,NO,Fabaceae,Inga sp. 2,Inga,sp,0,0,0,0,0,,0,2011-03-17,2011,24.226666666666667,139.6,Inga,Ingeniero del Suelo - Fijador N
20672,3,Bosque de Tierra Firme,TF5,1b,918,NO,Fabaceae,Inga cordistipula Mart.,Inga,cordistipula,0,0,0,0,0,,0,2011-03-17,2011,24.226666666666667,139.6,Inga,Ingeniero del Suelo - Fijador N
20676,3,Bosque de Tierra Firme,TF5,2a,923,NO,Malvaceae,Theobroma speciosum Willd. ex Spreng.,Theobroma,speciosum,0,0,0,0,0,,0,2011-03-17,2011,24.226666666666667,139.6,Theobroma,Estrella Comercial - Frutal
20681,3,Bosque de Tierra Firme,TF5,2a,930,NO,Apocynaceae,Aspidosperma rigidum Rusby,Aspidosperma,rigidum,0,0,0,0,0,,0,2011-03-17,2011,24.226666666666667,139.6,Aspidosperma,Caja Fuerte - Maderable
20683,3,Bosque de Tierra Firme,TF5,2b,934,NO,Fabaceae,Dipteryx micrantha Harms,Dipteryx,micrantha,0,0,2,0,0,,1,2011-03-17,2011,24.226666666666667,139.6,Dipteryx,Estrella Comercial - Industrial
20691,3,Bosque de Tierra Firme,TF5,3a,942,NO,Fabaceae,Inga edulis Mart.,Inga,edulis,2,0,0,1,1,,1,2011-03-17,2011,24.226666666666667,139.6,Inga,Ingeniero del Suelo - Fijador N
20695,3,Bosque de Tierra Firme,TF5,3a,946,NO,Fabaceae,Inga sp. 2,Inga,sp,0,0,0,0,0,,0,2011-03-17,2011,24.226666666666667,139.6,Inga,Ingeniero del Suelo - Fijador N
20703,3,Bosque de Tierra Firme,TF5,3b,959,NO,Fabaceae,Inga sp. 2,Inga,sp,2,0,0,1,0,,1,2011-03-17,2011,24.226666666666667,139.6,Inga,Ingeniero del Suelo - Fijador N
20710,3,Bosque de Tierra Firme,TF5,4a,970,NO,Sapotaceae,Pouteria procera (Mart.) K.Hammer,Pouteria,procera,0,0,0,0,0,,0,2011-03-17,2011,24.226666666666667,139.6,Pouteria,Estrella Comercial - Frutal
20718,3,Bosque de Tierra Firme,TF5,4b,983,NO,Bignonaceae,Jacaranda copaia subsp. spectabilis (Mart. ex DC.) A.H.Gentry,Jacaranda,copaia subsp. spectabilis,0,0,0,0,0,,0,2011-03-17,2011,24.226666666666667,139.6,Jacaranda,Ingeniero del Suelo - Pionera
20721,3,Bosque de Tierra Firme,TF5,4b,986,NO,Sapotaceae,Pouteria tarapotensis (Eichler ex Pierre) Baehni,Pouteria,tarapotensis,0,0,0,1,0,,1,2011-03-17,2011,24.226666666666667,139.6,Pouteria,Estrella Comercial - Frutal
20723,3,Bosque de Tierra Firme,TF5,4b,988,NO,Moraceae,Brosimum acutifolium subsp. obovatum (Ducke) C.C.Berg,Brosimum,acutifolium subsp. obovatum,0,0,0,0,0,,0,2011-03-17,2011,24.226666666666667,139.6,Brosimum,Caja Fuerte - Maderable
20725,3,Bosque de Tierra Firme,TF5,4b,990,NO,Sapotaceae,Pouteria tarapotensis (Eichler ex Pierre) Baehni,Pouteria,tarapotensis,0,0,0,2,0,,1,2011-03-17,2011,24.226666666666667,139.6,Pouteria,Estrella Comercial - Frutal
20732,3,Bosque de Tierra Firme,TF5,5a,994A,NO,Apocynaceae,Aspidosperma rigidum Rusby,Aspidosperma,rigidum,0,0,0,0,0,,0,2011-03-17,2011,24.226666666666667,139.6,Aspidosperma,Caja Fuerte - Maderable
20735,3,Bosque de Tierra Firme,TF5,5b,998,NO,Fabaceae,Swartzia myrtifolia Sm.,Swartzia,myrtifolia,0,0,0,0,0,,0,2011-03-17,2011,24.226666666666667,139.6,Swartzia,Ingeniero del Suelo - Fijador N
20739,3,Bosque de Tierra Firme,TF5,5b,958A,NO,Apocynaceae,Aspidosperma vargasii A.DC.,Aspidosperma,vargasii,0,0,0,0,0,,0,2011-03-17,2011,24.226666666666667,139.6,Aspidosperma,Caja Fuerte - Maderable
21676,4,Bosque de Tierra Firme,TF1,1a,501,NO,Fabaceae,Swartzia myrtifolia Sm.,Swartzia,myrtifolia,0,0,0,0,0,,0,2011-04-08,2011,24.487068965517242,240.70000000000002,Swartzia,Ingeniero del Suelo - Fijador N
21679,4,Bosque de Tierra Firme,TF1,1a,504,NO,Fabaceae,Swartzia tomentifera (Ducke) Ducke,Swartzia,tomentifera,0,0,0,0,0,,0,2011-04-08,2011,24.487068965517242,240.70000000000002,Swartzia,Ingeniero del Suelo - Fijador N
21681,4,Bosque de Tierra Firme,TF1,1a,506,NO,Apocynaceae,Aspidosperma nitidum Benth. ex Müll.Arg.,Aspidosperma,nitidum,0,0,0,0,0,,0,2011-04-08,2011,24.487068965517242,240.70000000000002,Aspidosperma,Caja Fuerte - Maderable
21687,4,Bosque de Tierra Firme,TF1,1b,512,NO,Sapotaceae,Pouteria procera (Mart.) K.Hammer,Pouteria,procera,0,0,0,0,0,,0,2011-04-08,2011,24.487068965517242,240.70000000000002,Pouteria,Estrella Comercial - Frutal
21699,4,Bosque de Tierra Firme,TF1,2b,528,NO,Fabaceae,Erythrina ulei Harms,Erythrina,ulei,0,0,0,0,0,,0,2011-04-08,2011,24.487068965517242,240.70000000000002,Erythrina,Ingeniero del Suelo - Fijador N
21700,4,Bosque de Tierra Firme,TF1,2b,529,NO,Fabaceae,Erythrina ulei Harms,Erythrina,ulei,0,0,0,0,0,,0,2011-04-08,2011,24.487068965517242,240.70000000000002,Erythrina,Ingeniero del Suelo - Fijador N
21713,4,Bosque de Tierra Firme,TF1,3b,547,NO,Fabaceae,Erythrina ulei Harms,Erythrina,ulei,0,0,0,0,0,,0,2011-04-08,2011,24.487068965517242,240.70000000000002,Erythrina,Ingeniero del Suelo - Fijador N
21720,4,Bosque de Tierra Firme,TF1,4b,559,NO,Sapotaceae,Pouteria pariry (Ducke) Baehni,Pouteria,pariry,0,0,0,0,0,,0,2011-04-08,2011,24.487068965517242,240.70000000000002,Pouteria,Estrella Comercial - Frutal
21724,4,Bosque de Tierra Firme,TF1,5a,564,NO,Fabaceae,Hymenaea courbaril L.,Hymenaea,courbaril,0,0,1,0,0,,1,2011-04-08,2011,24.487068965517242,240.70000000000002,Hymenaea,Estrella Comercial - Frutal
21736,4,Bosque de Tierra Firme,TF1,6a,580,NO,Sapotaceae,Pouteria sp. 3,Pouteria,sp,0,0,0,0,0,,0,2011-04-08,2011,24.487068965517242,240.70000000000002,Pouteria,Estrella Comercial - Frutal
21737,4,Bosque de Tierra Firme,TF1,6a,581,NO,Fabaceae,Swartzia myrtifolia Sm.,Swartzia,myrtifolia,0,0,0,0,0,,0,2011-04-08,2011,24.487068965517242,240.70000000000002,Swartzia,Ingeniero del Suelo - Fijador N
21740,4,Bosque de Tierra Firme,TF1,6b,589,NO,Fabaceae,Hymenaea courbaril L.,Hymenaea,courbaril,0,0,4,2,0,,1,2011-04-08,2011,24.487068965517242,240.70000000000002,Hymenaea,Estrella Comercial - Frutal
21759,4,Bosque de Tierra Firme,TF2,1b,614,NO,Fabaceae,Copaifera reticulata Ducke,Copaifera,reticulata,0,0,0,0,0,,0,2011-04-08,2011,24.487068965517242,240.70000000000002,Copaifera,Estrella Comercial - Industrial
21762,4,Bosque de Tierra Firme,TF2,1b,617,NO,Sapotaceae,Pouteria sp. 2,Pouteria,sp,0,0,0,0,0,,0,2011-04-08,2011,24.487068965517242,240.70000000000002,Pouteria,Estrella Comercial - Frutal
21766,4,Bosque de Tierra Firme,TF2,1b,624,NO,Euphorbiaceae,Hevea guianensis Aubl.,Hevea,guianensis,0,0,0,0,0,,0,2011-04-08,2011,24.487068965517242,240.70000000000002,Hevea,Estrella Comercial - Industrial
21770,4,Bosque de Tierra Firme,TF2,2a,629,NO,Euphorbiaceae,Hevea guianensis Aubl.,Hevea,guianensis,0,0,0,0,0,,0,2011-04-08,2011,24.487068965517242,240.70000000000002,Hevea,Estrella Comercial - Industrial
21777,4,Bosque de Tierra Firme,TF2,2b,638,NO,Moraceae,Brosimum rubescens Taub.,Brosimum,rubescens,0,0,0,0,0,,0,2011-04-08,2011,24.487068965517242,240.70000000000002,Brosimum,Caja Fuerte - Maderable
21782,4,Bosque de Tierra Firme,TF2,3a,648,NO,Sapotaceae,Pouteria torta (Mart.) Radlk.,Pouteria,torta,0,0,0,0,0,,0,2011-04-08,2011,24.487068965517242,240.70000000000002,Pouteria,Estrella Comercial - Frutal
21787,4,Bosque de Tierra Firme,TF2,3b,654,NO,Fabaceae,Inga sapindoides Willd.,Inga,sapindoides,0,0,0,0,0,,0,2011-04-08,2011,24.487068965517242,240.70000000000002,Inga,Ingeniero del Suelo - Fijador N
21792,4,Bosque de Tierra Firme,TF2,4a,661,NO,Euphorbiaceae,Hevea guianensis Aubl.,Hevea,guianensis,0,0,0,0,0,,0,2011-04-08,2011,24.487068965517242,240.70000000000002,Hevea,Estrella Comercial - Industrial
21798,4,Bosque de Tierra Firme,TF2,4a,669,NO,Fabaceae,Tachigali vasquezii Pipoly,Tachigali,vasquezii,0,0,0,0,0,,0,2011-04-08,2011,24.487068965517242,240.70000000000002,Tachigali,Ingeniero del Suelo - Fijador N
21807,4,Bosque de Tierra Firme,TF2,4b,681,NO,Malvaceae,Theobroma speciosum Willd. ex Spreng.,Theobroma,speciosum,0,0,0,0,0,,0,2011-04-08,2011,24.487068965517242,240.70000000000002,Theobroma,Estrella Comercial - Frutal
21813,4,Bosque de Tierra Firme,TF2,4b,687,NO,Urticaceae,Cecropia sciadophylla Mart.,Cecropia,sciadophylla,2,0,0,0,0,,1,2011-04-08,2011,24.487068965517242,240.70000000000002,Cecropia,Ingeniero del Suelo - Pionera
21821,4,Bosque de Tierra Firme,TF2,5a,695,NO,Arecaceae,Bactris gasipaes Kunth,Bactris,gasipaes,0,0,0,0,0,,0,2011-04-08,2011,24.487068965517242,240.70000000000002,Bactris,Estrella Comercial - Frutal
21824,4,Bosque de Tierra Firme,TF2,5a,698,NO,Meliaceae,Cedrela fissilis Vell.,Cedrela,fissilis,0,0,0,0,0,,0,2011-04-08,2011,24.487068965517242,240.70000000000002,Cedrela,Caja Fuerte - Maderable
21844,4,Bosque de Tierra Firme,TF3,1b,721,NO,Moraceae,Brosimum rubescens Taub.,Brosimum,rubescens,0,0,0,0,0,,0,2011-04-06,2011,24.487068965517242,240.70000000000002,Brosimum,Caja Fuerte - Maderable
21864,4,Bosque de Tierra Firme,TF3,2b,746,NO,Euphorbiaceae,Hevea guianensis Aubl.,Hevea,guianensis,0,0,0,0,0,,0,2011-04-06,2011,24.487068965517242,240.70000000000002,Hevea,Estrella Comercial - Industrial
21866,4,Bosque de Tierra Firme,TF3,2b,749,NO,Fabaceae,Cedrelinga catenaeformis (Ducke) Ducke,Cedrelinga,catenaeformis,0,0,0,0,0,,0,2011-04-06,2011,24.487068965517242,240.70000000000002,Cedrelinga,Caja Fuerte - Maderable / Fijador N
21869,4,Bosque de Tierra Firme,TF3,3a,756,NO,Fabaceae,Inga alba (Sw.) Willd.,Inga,alba,0,0,0,0,0,,0,2011-04-06,2011,24.487068965517242,240.70000000000002,Inga,Ingeniero del Suelo - Fijador N
21876,4,Bosque de Tierra Firme,TF3,4a,765,NO,Apocynaceae,Aspidosperma vargasii A.DC.,Aspidosperma,vargasii,0,0,0,0,0,,0,2011-04-06,2011,24.487068965517242,240.70000000000002,Aspidosperma,Caja Fuerte - Maderable
21885,4,Bosque de Tierra Firme,TF3,4b,777,NO,Euphorbiaceae,Hevea guianensis Aubl.,Hevea,guianensis,0,0,0,0,0,,0,2011-04-06,2011,24.487068965517242,240.70000000000002,Hevea,Estrella Comercial - Industrial
21890,4,Bosque de Tierra Firme,TF3,5a,785,NO,Fabaceae,Copaifera reticulata Ducke,Copaifera,reticulata,0,0,0,0,0,,0,2011-04-06,2011,24.487068965517242,240.70000000000002,Copaifera,Estrella Comercial - Industrial
21894,4,Bosque de Tierra Firme,TF3,5a,790,NO,Euphorbiaceae,Hevea guianensis Aubl.,Hevea,guianensis,0,0,0,0,0,,0,2011-04-06,2011,24.487068965517242,240.70000000000002,Hevea,Estrella Comercial - Industrial
21899,4,Bosque de Tierra Firme,TF3,5b,796,NO,Fabaceae,Copaifera reticulata Ducke,Copaifera,reticulata,0,0,0,0,0,,0,2011-04-06,2011,24.487068965517242,240.70000000000002,Copaifera,Estrella Comercial - Industrial
21907,4,Bosque de Tierra Firme,TF4,1a,807,NO,Euphorbiaceae,Hevea guianensis Aubl.,Hevea,guianensis,0,0,0,0,0,,0,2011-04-06,2011,24.487068965517242,240.70000000000002,Hevea,Estrella Comercial - Industrial
21911,4,Bosque de Tierra Firme,TF4,1a,811,NO,Euphorbiaceae,Hevea guianensis Aubl.,Hevea,guianensis,0,0,0,0,0,,0,2011-04-06,2011,24.487068965517242,240.70000000000002,Hevea,Estrella Comercial - Industrial
21917,4,Bosque de Tierra Firme,TF4,1b,817,NO,Sapotaceae,Pouteria pariry (Ducke) Baehni,Pouteria,pariry,0,0,0,0,0,,0,2011-04-06,2011,24.487068965517242,240.70000000000002,Pouteria,Estrella Comercial - Frutal
21920,4,Bosque de Tierra Firme,TF4,1b,820,NO,Olacaceae,Aptandra tubicina (Poepp.) Benth. ex Miers,Aptandra,tubicina,0,0,0,0,0,,0,2011-04-06,2011,24.487068965517242,240.70000000000002,Aptandra,Ingeniero del Suelo - Pionera
21937,4,Bosque de Tierra Firme,TF4,2a,840,NO,Fabaceae,Inga stipularis DC.,Inga,stipularis,2,0,0,0,0,,1,2011-04-06,2011,24.487068965517242,240.70000000000002,Inga,Ingeniero del Suelo - Fijador N
21958,4,Bosque de Tierra Firme,TF4,3a,867,NO,Fabaceae,Inga punctata Willd.,Inga,punctata,0,0,0,0,0,,0,2011-04-06,2011,24.487068965517242,240.70000000000002,Inga,Ingeniero del Suelo - Fijador N
21966,4,Bosque de Tierra Firme,TF4,3a,876,NO,Bignonaceae,Jacaranda copaia (Aubl.) D.Don,Jacaranda,copaia,0,0,0,0,0,,0,2011-04-06,2011,24.487068965517242,240.70000000000002,Jacaranda,Ingeniero del Suelo - Pionera
21974,4,Bosque de Tierra Firme,TF4,3b,884,NO,Apocynaceae,Aspidosperma nitidum Benth. ex Müll.Arg.,Aspidosperma,nitidum,0,0,0,0,0,,0,2011-04-06,2011,24.487068965517242,240.70000000000002,Aspidosperma,Caja Fuerte - Maderable
21990,4,Bosque de Tierra Firme,TF5,1a,903,NO,Sapotaceae,Pouteria procera (Mart.) K.Hammer,Pouteria,procera,0,0,1,1,1,,1,2011-04-02,2011,24.487068965517242,240.70000000000002,Pouteria,Estrella Comercial - Frutal
21996,4,Bosque de Tierra Firme,TF5,1a,911,NO,Fabaceae,Inga auristellae Harms,Inga,auristellae,2,3,0,0,0,,1,2011-04-02,2011,24.487068965517242,240.70000000000002,Inga,Ingeniero del Suelo - Fijador N
21998,4,Bosque de Tierra Firme,TF5,1b,915,NO,Fabaceae,Inga sp. 2,Inga,sp,2,0,0,0,0,,1,2011-04-02,2011,24.487068965517242,240.70000000000002,Inga,Ingeniero del Suelo - Fijador N
22001,4,Bosque de Tierra Firme,TF5,1b,918,NO,Fabaceae,Inga cordistipula Mart.,Inga,cordistipula,0,0,0,0,0,,0,2011-04-02,2011,24.487068965517242,240.70000000000002,Inga,Ingeniero del Suelo - Fijador N
22005,4,Bosque de Tierra Firme,TF5,2a,923,NO,Malvaceae,Theobroma speciosum Willd. ex Spreng.,Theobroma,speciosum,0,0,0,0,0,,0,2011-04-02,2011,24.487068965517242,240.70000000000002,Theobroma,Estrella Comercial - Frutal
22010,4,Bosque de Tierra Firme,TF5,2a,930,NO,Apocynaceae,Aspidosperma rigidum Rusby,Aspidosperma,rigidum,0,0,0,0,0,,0,2011-04-02,2011,24.487068965517242,240.70000000000002,Aspidosperma,Caja Fuerte - Maderable
22012,4,Bosque de Tierra Firme,TF5,2b,934,NO,Fabaceae,Dipteryx micrantha Harms,Dipteryx,micrantha,0,0,2,0,0,,1,2011-04-02,2011,24.487068965517242,240.70000000000002,Dipteryx,Estrella Comercial - Industrial
22020,4,Bosque de Tierra Firme,TF5,3a,942,NO,Fabaceae,Inga edulis Mart.,Inga,edulis,0,0,0,0,0,,0,2011-04-02,2011,24.487068965517242,240.70000000000002,Inga,Ingeniero del Suelo - Fijador N
22024,4,Bosque de Tierra Firme,TF5,3a,946,NO,Fabaceae,Inga sp. 2,Inga,sp,3,0,0,0,0,,1,2011-04-02,2011,24.487068965517242,240.70000000000002,Inga,Ingeniero del Suelo - Fijador N
22032,4,Bosque de Tierra Firme,TF5,3b,959,NO,Fabaceae,Inga sp. 2,Inga,sp,3,0,0,0,0,,1,2011-04-02,2011,24.487068965517242,240.70000000000002,Inga,Ingeniero del Suelo - Fijador N
22039,4,Bosque de Tierra Firme,TF5,4a,970,NO,Sapotaceae,Pouteria procera (Mart.) K.Hammer,Pouteria,procera,0,0,0,0,0,,0,2011-04-02,2011,24.487068965517242,240.70000000000002,Pouteria,Estrella Comercial - Frutal
22047,4,Bosque de Tierra Firme,TF5,4b,983,NO,Bignonaceae,Jacaranda copaia subsp. spectabilis (Mart. ex DC.) A.H.Gentry,Jacaranda,copaia subsp. spectabilis,0,0,0,0,0,,0,2011-04-02,2011,24.487068965517242,240.70000000000002,Jacaranda,Ingeniero del Suelo - Pionera
22050,4,Bosque de Tierra Firme,TF5,4b,986,NO,Sapotaceae,Pouteria tarapotensis (Eichler ex Pierre) Baehni,Pouteria,tarapotensis,0,0,0,1,0,desfoliado,1,2011-04-02,2011,24.487068965517242,240.70000000000002,Pouteria,Estrella Comercial - Frutal
22052,4,Bosque de Tierra Firme,TF5,4b,988,NO,Moraceae,Brosimum acutifolium subsp. obovatum (Ducke) C.C.Berg,Brosimum,acutifolium subsp. obovatum,0,0,0,0,0,desfoliado,0,2011-04-02,2011,24.487068965517242,240.70000000000002,Brosimum,Caja Fuerte - Maderable
22054,4,Bosque de Tierra Firme,TF5,4b,990,NO,Sapotaceae,Pouteria tarapotensis (Eichler ex Pierre) Baehni,Pouteria,tarapotensis,0,0,0,1,1,,1,2011-04-02,2011,24.487068965517242,240.70000000000002,Pouteria,Estrella Comercial - Frutal
22061,4,Bosque de Tierra Firme,TF5,5a,994A,NO,Apocynaceae,Aspidosperma rigidum Rusby,Aspidosperma,rigidum,0,0,0,0,0,,0,2011-04-02,2011,24.487068965517242,240.70000000000002,Aspidosperma,Caja Fuerte - Maderable
22064,4,Bosque de Tierra Firme,TF5,5b,998,NO,Fabaceae,Swartzia myrtifolia Sm.,Swartzia,myrtifolia,0,0,0,0,0,,0,2011-04-02,2011,24.487068965517242,240.70000000000002,Swartzia,Ingeniero del Suelo - Fijador N
22068,4,Bosque de Tierra Firme,TF5,5b,958A,NO,Apocynaceae,Aspidosperma vargasii A.DC.,Aspidosperma,vargasii,0,0,0,0,0,,0,2011-04-02,2011,24.487068965517242,240.70000000000002,Aspidosperma,Caja Fuerte - Maderable
23005,5,Bosque de Tierra Firme,TF1,1a,501,NO,Fabaceae,Swartzia myrtifolia Sm.,Swartzia,myrtifolia,0,0,0,0,0,,0,2011-05-24,2011,23.608333333333334,107.64999999999998,Swartzia,Ingeniero del Suelo - Fijador N
23008,5,Bosque de Tierra Firme,TF1,1a,504,NO,Fabaceae,Swartzia tomentifera (Ducke) Ducke,Swartzia,tomentifera,0,0,0,0,0,,0,2011-05-24,2011,23.608333333333334,107.64999999999998,Swartzia,Ingeniero del Suelo - Fijador N
23010,5,Bosque de Tierra Firme,TF1,1a,506,NO,Apocynaceae,Aspidosperma nitidum Benth. ex Müll.Arg.,Aspidosperma,nitidum,0,0,0,0,0,,0,2011-05-24,2011,23.608333333333334,107.64999999999998,Aspidosperma,Caja Fuerte - Maderable
23016,5,Bosque de Tierra Firme,TF1,1b,512,NO,Sapotaceae,Pouteria procera (Mart.) K.Hammer,Pouteria,procera,0,0,0,0,0,,0,2011-05-24,2011,23.608333333333334,107.64999999999998,Pouteria,Estrella Comercial - Frutal
23028,5,Bosque de Tierra Firme,TF1,2b,528,NO,Fabaceae,Erythrina ulei Harms,Erythrina,ulei,0,0,0,0,0,,0,2011-05-24,2011,23.608333333333334,107.64999999999998,Erythrina,Ingeniero del Suelo - Fijador N
23029,5,Bosque de Tierra Firme,TF1,2b,529,NO,Fabaceae,Erythrina ulei Harms,Erythrina,ulei,0,0,0,0,0,,0,2011-05-24,2011,23.608333333333334,107.64999999999998,Erythrina,Ingeniero del Suelo - Fijador N
23042,5,Bosque de Tierra Firme,TF1,3b,547,NO,Fabaceae,Erythrina ulei Harms,Erythrina,ulei,0,0,0,0,0,,0,2011-05-24,2011,23.608333333333334,107.64999999999998,Erythrina,Ingeniero del Suelo - Fijador N
23049,5,Bosque de Tierra Firme,TF1,4b,559,NO,Sapotaceae,Pouteria pariry (Ducke) Baehni,Pouteria,pariry,0,0,0,0,0,,0,2011-05-24,2011,23.608333333333334,107.64999999999998,Pouteria,Estrella Comercial - Frutal
23053,5,Bosque de Tierra Firme,TF1,5a,564,NO,Fabaceae,Hymenaea courbaril L.,Hymenaea,courbaril,0,0,1,0,0,,1,2011-05-24,2011,23.608333333333334,107.64999999999998,Hymenaea,Estrella Comercial - Frutal
23065,5,Bosque de Tierra Firme,TF1,6a,580,NO,Sapotaceae,Pouteria sp. 3,Pouteria,sp,2,0,0,0,0,,1,2011-05-24,2011,23.608333333333334,107.64999999999998,Pouteria,Estrella Comercial - Frutal
23066,5,Bosque de Tierra Firme,TF1,6a,581,NO,Fabaceae,Swartzia myrtifolia Sm.,Swartzia,myrtifolia,0,0,0,0,0,,0,2011-05-24,2011,23.608333333333334,107.64999999999998,Swartzia,Ingeniero del Suelo - Fijador N
23069,5,Bosque de Tierra Firme,TF1,6b,589,NO,Fabaceae,Hymenaea courbaril L.,Hymenaea,courbaril,0,0,4,2,0,,1,2011-05-24,2011,23.608333333333334,107.64999999999998,Hymenaea,Estrella Comercial - Frutal
23088,5,Bosque de Tierra Firme,TF2,1b,614,NO,Fabaceae,Copaifera reticulata Ducke,Copaifera,reticulata,0,0,0,0,0,,0,2011-05-24,2011,23.608333333333334,107.64999999999998,Copaifera,Estrella Comercial - Industrial
23091,5,Bosque de Tierra Firme,TF2,1b,617,NO,Sapotaceae,Pouteria sp. 2,Pouteria,sp,0,0,0,0,0,,0,2011-05-24,2011,23.608333333333334,107.64999999999998,Pouteria,Estrella Comercial - Frutal
23095,5,Bosque de Tierra Firme,TF2,1b,624,NO,Euphorbiaceae,Hevea guianensis Aubl.,Hevea,guianensis,0,0,0,0,0,,0,2011-05-24,2011,23.608333333333334,107.64999999999998,Hevea,Estrella Comercial - Industrial
23099,5,Bosque de Tierra Firme,TF2,2a,629,NO,Euphorbiaceae,Hevea guianensis Aubl.,Hevea,guianensis,0,0,0,0,0,,0,2011-05-24,2011,23.608333333333334,107.64999999999998,Hevea,Estrella Comercial - Industrial
23106,5,Bosque de Tierra Firme,TF2,2b,638,NO,Moraceae,Brosimum rubescens Taub.,Brosimum,rubescens,0,0,0,0,0,,0,2011-05-24,2011,23.608333333333334,107.64999999999998,Brosimum,Caja Fuerte - Maderable
23111,5,Bosque de Tierra Firme,TF2,3a,648,NO,Sapotaceae,Pouteria torta (Mart.) Radlk.,Pouteria,torta,0,0,0,0,0,,0,2011-05-24,2011,23.608333333333334,107.64999999999998,Pouteria,Estrella Comercial - Frutal
23116,5,Bosque de Tierra Firme,TF2,3b,654,NO,Fabaceae,Inga sapindoides Willd.,Inga,sapindoides,0,0,0,0,0,,0,2011-05-24,2011,23.608333333333334,107.64999999999998,Inga,Ingeniero del Suelo - Fijador N
23121,5,Bosque de Tierra Firme,TF2,4a,661,NO,Euphorbiaceae,Hevea guianensis Aubl.,Hevea,guianensis,0,0,0,0,0,,0,2011-05-24,2011,23.608333333333334,107.64999999999998,Hevea,Estrella Comercial - Industrial
23127,5,Bosque de Tierra Firme,TF2,4a,669,NO,Fabaceae,Tachigali vasquezii Pipoly,Tachigali,vasquezii,0,0,0,0,0,,0,2011-05-24,2011,23.608333333333334,107.64999999999998,Tachigali,Ingeniero del Suelo - Fijador N
23136,5,Bosque de Tierra Firme,TF2,4b,681,NO,Malvaceae,Theobroma speciosum Willd. ex Spreng.,Theobroma,speciosum,0,0,0,0,0,,0,2011-05-24,2011,23.608333333333334,107.64999999999998,Theobroma,Estrella Comercial - Frutal
23142,5,Bosque de Tierra Firme,TF2,4b,687,NO,Urticaceae,Cecropia sciadophylla Mart.,Cecropia,sciadophylla,0,0,0,0,0,desfoliado,0,2011-05-24,2011,23.608333333333334,107.64999999999998,Cecropia,Ingeniero del Suelo - Pionera
23150,5,Bosque de Tierra Firme,TF2,5a,695,NO,Arecaceae,Bactris gasipaes Kunth,Bactris,gasipaes,0,0,0,0,0,,0,2011-05-24,2011,23.608333333333334,107.64999999999998,Bactris,Estrella Comercial - Frutal
23153,5,Bosque de Tierra Firme,TF2,5a,698,NO,Meliaceae,Cedrela fissilis Vell.,Cedrela,fissilis,0,0,0,0,0,,0,2011-05-24,2011,23.608333333333334,107.64999999999998,Cedrela,Caja Fuerte - Maderable
23173,5,Bosque de Tierra Firme,TF3,1b,721,NO,Moraceae,Brosimum rubescens Taub.,Brosimum,rubescens,0,0,0,0,0,,0,2011-05-26,2011,23.608333333333334,107.64999999999998,Brosimum,Caja Fuerte - Maderable
23193,5,Bosque de Tierra Firme,TF3,2b,746,NO,Euphorbiaceae,Hevea guianensis Aubl.,Hevea,guianensis,0,0,0,0,0,,0,2011-05-26,2011,23.608333333333334,107.64999999999998,Hevea,Estrella Comercial - Industrial
23195,5,Bosque de Tierra Firme,TF3,2b,749,NO,Fabaceae,Cedrelinga catenaeformis (Ducke) Ducke,Cedrelinga,catenaeformis,0,0,0,0,0,,0,2011-05-26,2011,23.608333333333334,107.64999999999998,Cedrelinga,Caja Fuerte - Maderable / Fijador N
23198,5,Bosque de Tierra Firme,TF3,3a,756,NO,Fabaceae,Inga alba (Sw.) Willd.,Inga,alba,0,0,0,0,0,,0,2011-05-26,2011,23.608333333333334,107.64999999999998,Inga,Ingeniero del Suelo - Fijador N
23205,5,Bosque de Tierra Firme,TF3,4a,765,NO,Apocynaceae,Aspidosperma vargasii A.DC.,Aspidosperma,vargasii,0,0,0,0,0,,0,2011-05-26,2011,23.608333333333334,107.64999999999998,Aspidosperma,Caja Fuerte - Maderable
23214,5,Bosque de Tierra Firme,TF3,4b,777,NO,Euphorbiaceae,Hevea guianensis Aubl.,Hevea,guianensis,0,0,0,0,0,,0,2011-05-26,2011,23.608333333333334,107.64999999999998,Hevea,Estrella Comercial - Industrial
23219,5,Bosque de Tierra Firme,TF3,5a,785,NO,Fabaceae,Copaifera reticulata Ducke,Copaifera,reticulata,0,0,0,0,0,,0,2011-05-26,2011,23.608333333333334,107.64999999999998,Copaifera,Estrella Comercial - Industrial
23223,5,Bosque de Tierra Firme,TF3,5a,790,NO,Euphorbiaceae,Hevea guianensis Aubl.,Hevea,guianensis,0,0,0,0,0,,0,2011-05-26,2011,23.608333333333334,107.64999999999998,Hevea,Estrella Comercial - Industrial
23228,5,Bosque de Tierra Firme,TF3,5b,796,NO,Fabaceae,Copaifera reticulata Ducke,Copaifera,reticulata,0,0,0,0,0,,0,2011-05-26,2011,23.608333333333334,107.64999999999998,Copaifera,Estrella Comercial - Industrial
23236,5,Bosque de Tierra Firme,TF4,1a,807,NO,Euphorbiaceae,Hevea guianensis Aubl.,Hevea,guianensis,0,0,0,0,0,,0,2011-05-26,2011,23.608333333333334,107.64999999999998,Hevea,Estrella Comercial - Industrial
23240,5,Bosque de Tierra Firme,TF4,1a,811,NO,Euphorbiaceae,Hevea guianensis Aubl.,Hevea,guianensis,0,0,0,0,0,,0,2011-05-26,2011,23.608333333333334,107.64999999999998,Hevea,Estrella Comercial - Industrial
23246,5,Bosque de Tierra Firme,TF4,1b,817,NO,Sapotaceae,Pouteria pariry (Ducke) Baehni,Pouteria,pariry,0,0,0,0,0,,0,2011-05-26,2011,23.608333333333334,107.64999999999998,Pouteria,Estrella Comercial - Frutal
23249,5,Bosque de Tierra Firme,TF4,1b,820,NO,Olacaceae,Aptandra tubicina (Poepp.) Benth. ex Miers,Aptandra,tubicina,5,0,0,0,0,,1,2011-05-26,2011,23.608333333333334,107.64999999999998,Aptandra,Ingeniero del Suelo - Pionera
23266,5,Bosque de Tierra Firme,TF4,2a,840,NO,Fabaceae,Inga stipularis DC.,Inga,stipularis,0,0,0,0,0,,0,2011-05-26,2011,23.608333333333334,107.64999999999998,Inga,Ingeniero del Suelo - Fijador N
23287,5,Bosque de Tierra Firme,TF4,3a,867,NO,Fabaceae,Inga punctata Willd.,Inga,punctata,0,0,0,0,0,,0,2011-05-26,2011,23.608333333333334,107.64999999999998,Inga,Ingeniero del Suelo - Fijador N
23295,5,Bosque de Tierra Firme,TF4,3a,876,NO,Bignonaceae,Jacaranda copaia (Aubl.) D.Don,Jacaranda,copaia,0,0,0,0,0,,0,2011-05-26,2011,23.608333333333334,107.64999999999998,Jacaranda,Ingeniero del Suelo - Pionera
23303,5,Bosque de Tierra Firme,TF4,3b,884,NO,Apocynaceae,Aspidosperma nitidum Benth. ex Müll.Arg.,Aspidosperma,nitidum,0,0,0,0,0,,0,2011-05-26,2011,23.608333333333334,107.64999999999998,Aspidosperma,Caja Fuerte - Maderable
23319,5,Bosque de Tierra Firme,TF5,1a,903,NO,Sapotaceae,Pouteria procera (Mart.) K.Hammer,Pouteria,procera,0,0,0,1,0,,1,2011-05-22,2011,23.608333333333334,107.64999999999998,Pouteria,Estrella Comercial - Frutal
23325,5,Bosque de Tierra Firme,TF5,1a,911,NO,Fabaceae,Inga auristellae Harms,Inga,auristellae,2,1,0,0,0,,1,2011-05-22,2011,23.608333333333334,107.64999999999998,Inga,Ingeniero del Suelo - Fijador N
23327,5,Bosque de Tierra Firme,TF5,1b,915,NO,Fabaceae,Inga sp. 2,Inga,sp,0,0,0,0,0,,0,2011-05-22,2011,23.608333333333334,107.64999999999998,Inga,Ingeniero del Suelo - Fijador N
23330,5,Bosque de Tierra Firme,TF5,1b,918,NO,Fabaceae,Inga cordistipula Mart.,Inga,cordistipula,0,0,0,0,0,,0,2011-05-22,2011,23.608333333333334,107.64999999999998,Inga,Ingeniero del Suelo - Fijador N
23334,5,Bosque de Tierra Firme,TF5,2a,923,NO,Malvaceae,Theobroma speciosum Willd. ex Spreng.,Theobroma,speciosum,0,0,0,0,0,,0,2011-05-22,2011,23.608333333333334,107.64999999999998,Theobroma,Estrella Comercial - Frutal
23339,5,Bosque de Tierra Firme,TF5,2a,930,NO,Apocynaceae,Aspidosperma rigidum Rusby,Aspidosperma,rigidum,0,0,0,0,0,,0,2011-05-22,2011,23.608333333333334,107.64999999999998,Aspidosperma,Caja Fuerte - Maderable
23341,5,Bosque de Tierra Firme,TF5,2b,934,NO,Fabaceae,Dipteryx micrantha Harms,Dipteryx,micrantha,0,0,2,0,0,,1,2011-05-22,2011,23.608333333333334,107.64999999999998,Dipteryx,Estrella Comercial - Industrial
23349,5,Bosque de Tierra Firme,TF5,3a,942,NO,Fabaceae,Inga edulis Mart.,Inga,edulis,2,4,0,0,0,,1,2011-05-22,2011,23.608333333333334,107.64999999999998,Inga,Ingeniero del Suelo - Fijador N
23353,5,Bosque de Tierra Firme,TF5,3a,946,NO,Fabaceae,Inga sp. 2,Inga,sp,3,4,0,0,0,,1,2011-05-22,2011,23.608333333333334,107.64999999999998,Inga,Ingeniero del Suelo - Fijador N
23361,5,Bosque de Tierra Firme,TF5,3b,959,NO,Fabaceae,Inga sp. 2,Inga,sp,3,4,0,0,0,,1,2011-05-22,2011,23.608333333333334,107.64999999999998,Inga,Ingeniero del Suelo - Fijador N
23368,5,Bosque de Tierra Firme,TF5,4a,970,NO,Sapotaceae,Pouteria procera (Mart.) K.Hammer,Pouteria,procera,0,0,0,0,0,,0,2011-05-22,2011,23.608333333333334,107.64999999999998,Pouteria,Estrella Comercial - Frutal
23376,5,Bosque de Tierra Firme,TF5,4b,983,NO,Bignonaceae,Jacaranda copaia subsp. spectabilis (Mart. ex DC.) A.H.Gentry,Jacaranda,copaia subsp. spectabilis,0,0,0,0,0,,0,2011-05-22,2011,23.608333333333334,107.64999999999998,Jacaranda,Ingeniero del Suelo - Pionera
23379,5,Bosque de Tierra Firme,TF5,4b,986,NO,Sapotaceae,Pouteria tarapotensis (Eichler ex Pierre) Baehni,Pouteria,tarapotensis,0,0,0,0,0,,0,2011-05-22,2011,23.608333333333334,107.64999999999998,Pouteria,Estrella Comercial - Frutal
23381,5,Bosque de Tierra Firme,TF5,4b,988,NO,Moraceae,Brosimum acutifolium subsp. obovatum (Ducke) C.C.Berg,Brosimum,acutifolium subsp. obovatum,0,0,0,0,0,,0,2011-05-22,2011,23.608333333333334,107.64999999999998,Brosimum,Caja Fuerte - Maderable
23383,5,Bosque de Tierra Firme,TF5,4b,990,NO,Sapotaceae,Pouteria tarapotensis (Eichler ex Pierre) Baehni,Pouteria,tarapotensis,2,3,0,0,0,,1,2011-05-22,2011,23.608333333333334,107.64999999999998,Pouteria,Estrella Comercial - Frutal
23390,5,Bosque de Tierra Firme,TF5,5a,994A,NO,Apocynaceae,Aspidosperma rigidum Rusby,Aspidosperma,rigidum,0,0,0,0,0,,0,2011-05-22,2011,23.608333333333334,107.64999999999998,Aspidosperma,Caja Fuerte - Maderable
23393,5,Bosque de Tierra Firme,TF5,5b,998,NO,Fabaceae,Swartzia myrtifolia Sm.,Swartzia,myrtifolia,0,0,0,0,0,,0,2011-05-22,2011,23.608333333333334,107.64999999999998,Swartzia,Ingeniero del Suelo - Fijador N
23397,5,Bosque de Tierra Firme,TF5,5b,958A,NO,Apocynaceae,Aspidosperma vargasii A.DC.,Aspidosperma,vargasii,0,0,0,0,0,,0,2011-05-22,2011,23.608333333333334,107.64999999999998,Aspidosperma,Caja Fuerte - Maderable
24339,6,Bosque de Tierra Firme,TF1,1a,501,NO,Fabaceae,Swartzia myrtifolia Sm.,Swartzia,myrtifolia,0,0,0,0,0,,0,2011-06-17,2011,22.813206896551726,113.20000000000002,Swartzia,Ingeniero del Suelo - Fijador N
24342,6,Bosque de Tierra Firme,TF1,1a,504,NO,Fabaceae,Swartzia tomentifera (Ducke) Ducke,Swartzia,tomentifera,0,0,0,0,0,,0,2011-06-17,2011,22.813206896551726,113.20000000000002,Swartzia,Ingeniero del Suelo - Fijador N
24344,6,Bosque de Tierra Firme,TF1,1a,506,NO,Apocynaceae,Aspidosperma nitidum Benth. ex Müll.Arg.,Aspidosperma,nitidum,0,0,0,0,0,,0,2011-06-17,2011,22.813206896551726,113.20000000000002,Aspidosperma,Caja Fuerte - Maderable
24350,6,Bosque de Tierra Firme,TF1,1b,512,NO,Sapotaceae,Pouteria procera (Mart.) K.Hammer,Pouteria,procera,0,0,0,0,0,,0,2011-06-17,2011,22.813206896551726,113.20000000000002,Pouteria,Estrella Comercial - Frutal
24362,6,Bosque de Tierra Firme,TF1,2b,528,NO,Fabaceae,Erythrina ulei Harms,Erythrina,ulei,0,0,0,0,0,,0,2011-06-17,2011,22.813206896551726,113.20000000000002,Erythrina,Ingeniero del Suelo - Fijador N
24363,6,Bosque de Tierra Firme,TF1,2b,529,NO,Fabaceae,Erythrina ulei Harms,Erythrina,ulei,0,0,0,0,0,,0,2011-06-17,2011,22.813206896551726,113.20000000000002,Erythrina,Ingeniero del Suelo - Fijador N
24376,6,Bosque de Tierra Firme,TF1,3b,547,NO,Fabaceae,Erythrina ulei Harms,Erythrina,ulei,0,0,0,0,0,,0,2011-06-17,2011,22.813206896551726,113.20000000000002,Erythrina,Ingeniero del Suelo - Fijador N
24383,6,Bosque de Tierra Firme,TF1,4b,559,NO,Sapotaceae,Pouteria pariry (Ducke) Baehni,Pouteria,pariry,0,0,0,0,0,,0,2011-06-17,2011,22.813206896551726,113.20000000000002,Pouteria,Estrella Comercial - Frutal
24387,6,Bosque de Tierra Firme,TF1,5a,564,NO,Fabaceae,Hymenaea courbaril L.,Hymenaea,courbaril,0,0,0,1,0,,1,2011-06-17,2011,22.813206896551726,113.20000000000002,Hymenaea,Estrella Comercial - Frutal
24399,6,Bosque de Tierra Firme,TF1,6a,580,NO,Sapotaceae,Pouteria sp. 3,Pouteria,sp,0,0,0,0,0,,0,2011-06-17,2011,22.813206896551726,113.20000000000002,Pouteria,Estrella Comercial - Frutal
24400,6,Bosque de Tierra Firme,TF1,6a,581,NO,Fabaceae,Swartzia myrtifolia Sm.,Swartzia,myrtifolia,0,0,3,0,0,,1,2011-06-17,2011,22.813206896551726,113.20000000000002,Swartzia,Ingeniero del Suelo - Fijador N
24403,6,Bosque de Tierra Firme,TF1,6b,589,NO,Fabaceae,Hymenaea courbaril L.,Hymenaea,courbaril,0,0,4,2,0,,1,2011-06-17,2011,22.813206896551726,113.20000000000002,Hymenaea,Estrella Comercial - Frutal
24422,6,Bosque de Tierra Firme,TF2,1b,614,NO,Fabaceae,Copaifera reticulata Ducke,Copaifera,reticulata,0,0,0,0,0,,0,2011-06-17,2011,22.813206896551726,113.20000000000002,Copaifera,Estrella Comercial - Industrial
24425,6,Bosque de Tierra Firme,TF2,1b,617,NO,Sapotaceae,Pouteria sp. 2,Pouteria,sp,0,0,0,0,0,,0,2011-06-17,2011,22.813206896551726,113.20000000000002,Pouteria,Estrella Comercial - Frutal
24429,6,Bosque de Tierra Firme,TF2,1b,624,NO,Euphorbiaceae,Hevea guianensis Aubl.,Hevea,guianensis,0,0,0,0,0,,0,2011-06-17,2011,22.813206896551726,113.20000000000002,Hevea,Estrella Comercial - Industrial
24433,6,Bosque de Tierra Firme,TF2,2a,629,NO,Euphorbiaceae,Hevea guianensis Aubl.,Hevea,guianensis,0,0,0,0,0,,0,2011-06-17,2011,22.813206896551726,113.20000000000002,Hevea,Estrella Comercial - Industrial
24440,6,Bosque de Tierra Firme,TF2,2b,638,NO,Moraceae,Brosimum rubescens Taub.,Brosimum,rubescens,0,0,0,0,0,,0,2011-06-17,2011,22.813206896551726,113.20000000000002,Brosimum,Caja Fuerte - Maderable
24445,6,Bosque de Tierra Firme,TF2,3a,648,NO,Sapotaceae,Pouteria torta (Mart.) Radlk.,Pouteria,torta,0,0,0,0,0,,0,2011-06-17,2011,22.813206896551726,113.20000000000002,Pouteria,Estrella Comercial - Frutal
24450,6,Bosque de Tierra Firme,TF2,3b,654,NO,Fabaceae,Inga sapindoides Willd.,Inga,sapindoides,1,0,0,0,0,,1,2011-06-17,2011,22.813206896551726,113.20000000000002,Inga,Ingeniero del Suelo - Fijador N
24455,6,Bosque de Tierra Firme,TF2,4a,661,NO,Euphorbiaceae,Hevea guianensis Aubl.,Hevea,guianensis,0,0,0,0,0,,0,2011-06-17,2011,22.813206896551726,113.20000000000002,Hevea,Estrella Comercial - Industrial
24461,6,Bosque de Tierra Firme,TF2,4a,669,NO,Fabaceae,Tachigali vasquezii Pipoly,Tachigali,vasquezii,0,0,0,0,0,,0,2011-06-17,2011,22.813206896551726,113.20000000000002,Tachigali,Ingeniero del Suelo - Fijador N
24470,6,Bosque de Tierra Firme,TF2,4b,681,NO,Malvaceae,Theobroma speciosum Willd. ex Spreng.,Theobroma,speciosum,0,0,0,0,0,,0,2011-06-17,2011,22.813206896551726,113.20000000000002,Theobroma,Estrella Comercial - Frutal
24476,6,Bosque de Tierra Firme,TF2,4b,687,NO,Urticaceae,Cecropia sciadophylla Mart.,Cecropia,sciadophylla,0,0,0,0,0,desfoliado,0,2011-06-17,2011,22.813206896551726,113.20000000000002,Cecropia,Ingeniero del Suelo - Pionera
24484,6,Bosque de Tierra Firme,TF2,5a,695,NO,Arecaceae,Bactris gasipaes Kunth,Bactris,gasipaes,0,0,0,0,0,,0,2011-06-17,2011,22.813206896551726,113.20000000000002,Bactris,Estrella Comercial - Frutal
24487,6,Bosque de Tierra Firme,TF2,5a,698,NO,Meliaceae,Cedrela fissilis Vell.,Cedrela,fissilis,0,0,0,0,0,,0,2011-06-17,2011,22.813206896551726,113.20000000000002,Cedrela,Caja Fuerte - Maderable
24507,6,Bosque de Tierra Firme,TF3,1b,721,NO,Moraceae,Brosimum rubescens Taub.,Brosimum,rubescens,0,0,0,0,0,,0,2011-06-15,2011,22.813206896551726,113.20000000000002,Brosimum,Caja Fuerte - Maderable
24527,6,Bosque de Tierra Firme,TF3,2b,746,NO,Euphorbiaceae,Hevea guianensis Aubl.,Hevea,guianensis,0,0,0,0,0,,0,2011-06-15,2011,22.813206896551726,113.20000000000002,Hevea,Estrella Comercial - Industrial
24529,6,Bosque de Tierra Firme,TF3,2b,749,NO,Fabaceae,Cedrelinga catenaeformis (Ducke) Ducke,Cedrelinga,catenaeformis,0,0,0,0,0,,0,2011-06-15,2011,22.813206896551726,113.20000000000002,Cedrelinga,Caja Fuerte - Maderable / Fijador N
24532,6,Bosque de Tierra Firme,TF3,3a,756,NO,Fabaceae,Inga alba (Sw.) Willd.,Inga,alba,0,0,0,0,0,,0,2011-06-15,2011,22.813206896551726,113.20000000000002,Inga,Ingeniero del Suelo - Fijador N
24539,6,Bosque de Tierra Firme,TF3,4a,765,NO,Apocynaceae,Aspidosperma vargasii A.DC.,Aspidosperma,vargasii,0,0,0,0,0,,0,2011-06-15,2011,22.813206896551726,113.20000000000002,Aspidosperma,Caja Fuerte - Maderable
24548,6,Bosque de Tierra Firme,TF3,4b,777,NO,Euphorbiaceae,Hevea guianensis Aubl.,Hevea,guianensis,0,0,0,0,0,,0,2011-06-15,2011,22.813206896551726,113.20000000000002,Hevea,Estrella Comercial - Industrial
24553,6,Bosque de Tierra Firme,TF3,5a,785,NO,Fabaceae,Copaifera reticulata Ducke,Copaifera,reticulata,0,0,0,0,0,,0,2011-06-15,2011,22.813206896551726,113.20000000000002,Copaifera,Estrella Comercial - Industrial
24557,6,Bosque de Tierra Firme,TF3,5a,790,NO,Euphorbiaceae,Hevea guianensis Aubl.,Hevea,guianensis,0,0,0,0,0,,0,2011-06-15,2011,22.813206896551726,113.20000000000002,Hevea,Estrella Comercial - Industrial
24562,6,Bosque de Tierra Firme,TF3,5b,796,NO,Fabaceae,Copaifera reticulata Ducke,Copaifera,reticulata,0,0,0,0,0,,0,2011-06-15,2011,22.813206896551726,113.20000000000002,Copaifera,Estrella Comercial - Industrial
24570,6,Bosque de Tierra Firme,TF4,1a,807,NO,Euphorbiaceae,Hevea guianensis Aubl.,Hevea,guianensis,0,0,0,0,0,,0,2011-06-15,2011,22.813206896551726,113.20000000000002,Hevea,Estrella Comercial - Industrial
24574,6,Bosque de Tierra Firme,TF4,1a,811,NO,Euphorbiaceae,Hevea guianensis Aubl.,Hevea,guianensis,0,0,0,0,0,,0,2011-06-15,2011,22.813206896551726,113.20000000000002,Hevea,Estrella Comercial - Industrial
24580,6,Bosque de Tierra Firme,TF4,1b,817,NO,Sapotaceae,Pouteria pariry (Ducke) Baehni,Pouteria,pariry,0,0,0,0,0,,0,2011-06-15,2011,22.813206896551726,113.20000000000002,Pouteria,Estrella Comercial - Frutal
24583,6,Bosque de Tierra Firme,TF4,1b,820,NO,Olacaceae,Aptandra tubicina (Poepp.) Benth. ex Miers,Aptandra,tubicina,2,5,0,0,0,,1,2011-06-15,2011,22.813206896551726,113.20000000000002,Aptandra,Ingeniero del Suelo - Pionera
24600,6,Bosque de Tierra Firme,TF4,2a,840,NO,Fabaceae,Inga stipularis DC.,Inga,stipularis,0,0,0,0,0,,0,2011-06-15,2011,22.813206896551726,113.20000000000002,Inga,Ingeniero del Suelo - Fijador N
24621,6,Bosque de Tierra Firme,TF4,3a,867,NO,Fabaceae,Inga punctata Willd.,Inga,punctata,0,0,0,0,0,,0,2011-06-15,2011,22.813206896551726,113.20000000000002,Inga,Ingeniero del Suelo - Fijador N
24629,6,Bosque de Tierra Firme,TF4,3a,876,NO,Bignonaceae,Jacaranda copaia (Aubl.) D.Don,Jacaranda,copaia,0,0,0,0,0,,0,2011-06-15,2011,22.813206896551726,113.20000000000002,Jacaranda,Ingeniero del Suelo - Pionera
24637,6,Bosque de Tierra Firme,TF4,3b,884,NO,Apocynaceae,Aspidosperma nitidum Benth. ex Müll.Arg.,Aspidosperma,nitidum,0,0,0,0,0,,0,2011-06-15,2011,22.813206896551726,113.20000000000002,Aspidosperma,Caja Fuerte - Maderable
24653,6,Bosque de Tierra Firme,TF5,1a,903,NO,Sapotaceae,Pouteria procera (Mart.) K.Hammer,Pouteria,procera,0,0,0,0,0,,0,2010-06-17,2010,24.629310344827587,376.04999999999995,Pouteria,Estrella Comercial - Frutal
24659,6,Bosque de Tierra Firme,TF5,1a,911,NO,Fabaceae,Inga auristellae Harms,Inga,auristellae,0,1,0,0,0,,1,2010-06-17,2010,24.629310344827587,376.04999999999995,Inga,Ingeniero del Suelo - Fijador N
24661,6,Bosque de Tierra Firme,TF5,1b,915,NO,Fabaceae,Inga sp. 2,Inga,sp,0,0,0,0,0,,0,2010-06-17,2010,24.629310344827587,376.04999999999995,Inga,Ingeniero del Suelo - Fijador N
24664,6,Bosque de Tierra Firme,TF5,1b,918,NO,Fabaceae,Inga cordistipula Mart.,Inga,cordistipula,0,0,0,0,0,,0,2010-06-17,2010,24.629310344827587,376.04999999999995,Inga,Ingeniero del Suelo - Fijador N
24668,6,Bosque de Tierra Firme,TF5,2a,923,NO,Malvaceae,Theobroma speciosum Willd. ex Spreng.,Theobroma,speciosum,2,0,0,0,0,,1,2010-06-17,2010,24.629310344827587,376.04999999999995,Theobroma,Estrella Comercial - Frutal
24673,6,Bosque de Tierra Firme,TF5,2a,930,NO,Apocynaceae,Aspidosperma rigidum Rusby,Aspidosperma,rigidum,0,0,0,0,0,,0,2010-06-17,2010,24.629310344827587,376.04999999999995,Aspidosperma,Caja Fuerte - Maderable
24675,6,Bosque de Tierra Firme,TF5,2b,934,NO,Fabaceae,Dipteryx micrantha Harms,Dipteryx,micrantha,0,0,1,0,0,,1,2010-06-17,2010,24.629310344827587,376.04999999999995,Dipteryx,Estrella Comercial - Industrial
24683,6,Bosque de Tierra Firme,TF5,3a,942,NO,Fabaceae,Inga edulis Mart.,Inga,edulis,2,2,0,0,0,,1,2010-06-17,2010,24.629310344827587,376.04999999999995,Inga,Ingeniero del Suelo - Fijador N
24687,6,Bosque de Tierra Firme,TF5,3a,946,NO,Fabaceae,Inga sp. 2,Inga,sp,3,3,0,0,0,,1,2010-06-17,2010,24.629310344827587,376.04999999999995,Inga,Ingeniero del Suelo - Fijador N
24695,6,Bosque de Tierra Firme,TF5,3b,959,NO,Fabaceae,Inga sp. 2,Inga,sp,3,3,0,0,0,,1,2010-06-17,2010,24.629310344827587,376.04999999999995,Inga,Ingeniero del Suelo - Fijador N
24702,6,Bosque de Tierra Firme,TF5,4a,970,NO,Sapotaceae,Pouteria procera (Mart.) K.Hammer,Pouteria,procera,0,0,4,0,0,,1,2010-06-17,2010,24.629310344827587,376.04999999999995,Pouteria,Estrella Comercial - Frutal
24710,6,Bosque de Tierra Firme,TF5,4b,983,NO,Bignonaceae,Jacaranda copaia subsp. spectabilis (Mart. ex DC.) A.H.Gentry,Jacaranda,copaia subsp. spectabilis,0,0,0,0,0,,0,2010-06-17,2010,24.629310344827587,376.04999999999995,Jacaranda,Ingeniero del Suelo - Pionera
24713,6,Bosque de Tierra Firme,TF5,4b,986,NO,Sapotaceae,Pouteria tarapotensis (Eichler ex Pierre) Baehni,Pouteria,tarapotensis,2,0,0,0,0,,1,2010-06-17,2010,24.629310344827587,376.04999999999995,Pouteria,Estrella Comercial - Frutal
24715,6,Bosque de Tierra Firme,TF5,4b,988,NO,Moraceae,Brosimum acutifolium subsp. obovatum (Ducke) C.C.Berg,Brosimum,acutifolium subsp. obovatum,0,0,0,0,0,,0,2010-06-17,2010,24.629310344827587,376.04999999999995,Brosimum,Caja Fuerte - Maderable
24717,6,Bosque de Tierra Firme,TF5,4b,990,NO,Sapotaceae,Pouteria tarapotensis (Eichler ex Pierre) Baehni,Pouteria,tarapotensis,0,1,0,0,0,,1,2010-06-17,2010,24.629310344827587,376.04999999999995,Pouteria,Estrella Comercial - Frutal
24724,6,Bosque de Tierra Firme,TF5,5a,994A,NO,Apocynaceae,Aspidosperma rigidum Rusby,Aspidosperma,rigidum,0,0,0,0,0,,0,2010-06-17,2010,24.629310344827587,376.04999999999995,Aspidosperma,Caja Fuerte - Maderable
24727,6,Bosque de Tierra Firme,TF5,5b,998,NO,Fabaceae,Swartzia myrtifolia Sm.,Swartzia,myrtifolia,0,0,0,0,0,,0,2010-06-17,2010,24.629310344827587,376.04999999999995,Swartzia,Ingeniero del Suelo - Fijador N
24731,6,Bosque de Tierra Firme,TF5,5b,958A,NO,Apocynaceae,Aspidosperma vargasii A.DC.,Aspidosperma,vargasii,0,0,0,0,0,,0,2010-06-17,2010,24.629310344827587,376.04999999999995,Aspidosperma,Caja Fuerte - Maderable
25673,7,Bosque de Tierra Firme,TF1,1a,501,NO,Fabaceae,Swartzia myrtifolia Sm.,Swartzia,myrtifolia,0,0,0,0,0,,0,2011-07-10,2011,23.49146774193548,161.93,Swartzia,Ingeniero del Suelo - Fijador N
25676,7,Bosque de Tierra Firme,TF1,1a,504,NO,Fabaceae,Swartzia tomentifera (Ducke) Ducke,Swartzia,tomentifera,0,0,0,0,0,,0,2011-07-10,2011,23.49146774193548,161.93,Swartzia,Ingeniero del Suelo - Fijador N
25678,7,Bosque de Tierra Firme,TF1,1a,506,NO,Apocynaceae,Aspidosperma nitidum Benth. ex Müll.Arg.,Aspidosperma,nitidum,0,0,0,0,0,,0,2011-07-10,2011,23.49146774193548,161.93,Aspidosperma,Caja Fuerte - Maderable
25684,7,Bosque de Tierra Firme,TF1,1b,512,NO,Sapotaceae,Pouteria procera (Mart.) K.Hammer,Pouteria,procera,0,0,0,0,0,,0,2011-07-10,2011,23.49146774193548,161.93,Pouteria,Estrella Comercial - Frutal
25696,7,Bosque de Tierra Firme,TF1,2b,528,NO,Fabaceae,Erythrina ulei Harms,Erythrina,ulei,0,0,0,0,0,desfoliando,0,2011-07-10,2011,23.49146774193548,161.93,Erythrina,Ingeniero del Suelo - Fijador N
25697,7,Bosque de Tierra Firme,TF1,2b,529,NO,Fabaceae,Erythrina ulei Harms,Erythrina,ulei,0,0,0,0,0,,0,2011-07-10,2011,23.49146774193548,161.93,Erythrina,Ingeniero del Suelo - Fijador N
25710,7,Bosque de Tierra Firme,TF1,3b,547,NO,Fabaceae,Erythrina ulei Harms,Erythrina,ulei,0,0,0,0,0,,0,2011-07-10,2011,23.49146774193548,161.93,Erythrina,Ingeniero del Suelo - Fijador N
25718,7,Bosque de Tierra Firme,TF1,4b,559,NO,Sapotaceae,Pouteria pariry (Ducke) Baehni,Pouteria,pariry,0,0,0,0,0,,0,2011-07-10,2011,23.49146774193548,161.93,Pouteria,Estrella Comercial - Frutal
25722,7,Bosque de Tierra Firme,TF1,5a,564,NO,Fabaceae,Hymenaea courbaril L.,Hymenaea,courbaril,0,0,0,1,0,,1,2011-07-10,2011,23.49146774193548,161.93,Hymenaea,Estrella Comercial - Frutal
25734,7,Bosque de Tierra Firme,TF1,6a,580,NO,Sapotaceae,Pouteria sp. 3,Pouteria,sp,0,0,0,0,0,,0,2011-07-10,2011,23.49146774193548,161.93,Pouteria,Estrella Comercial - Frutal
25735,7,Bosque de Tierra Firme,TF1,6a,581,NO,Fabaceae,Swartzia myrtifolia Sm.,Swartzia,myrtifolia,0,0,3,0,0,,1,2011-07-10,2011,23.49146774193548,161.93,Swartzia,Ingeniero del Suelo - Fijador N
25738,7,Bosque de Tierra Firme,TF1,6b,589,NO,Fabaceae,Hymenaea courbaril L.,Hymenaea,courbaril,0,0,3,3,0,,1,2011-07-10,2011,23.49146774193548,161.93,Hymenaea,Estrella Comercial - Frutal
25757,7,Bosque de Tierra Firme,TF2,1b,614,NO,Fabaceae,Copaifera reticulata Ducke,Copaifera,reticulata,0,0,0,0,0,,0,2011-07-10,2011,23.49146774193548,161.93,Copaifera,Estrella Comercial - Industrial
25760,7,Bosque de Tierra Firme,TF2,1b,617,NO,Sapotaceae,Pouteria sp. 2,Pouteria,sp,0,0,0,0,0,,0,2011-07-10,2011,23.49146774193548,161.93,Pouteria,Estrella Comercial - Frutal
25764,7,Bosque de Tierra Firme,TF2,1b,624,NO,Euphorbiaceae,Hevea guianensis Aubl.,Hevea,guianensis,0,0,0,0,0,,0,2011-07-10,2011,23.49146774193548,161.93,Hevea,Estrella Comercial - Industrial
25768,7,Bosque de Tierra Firme,TF2,2a,629,NO,Euphorbiaceae,Hevea guianensis Aubl.,Hevea,guianensis,0,0,0,0,0,,0,2011-07-10,2011,23.49146774193548,161.93,Hevea,Estrella Comercial - Industrial
25775,7,Bosque de Tierra Firme,TF2,2b,638,NO,Moraceae,Brosimum rubescens Taub.,Brosimum,rubescens,0,0,0,0,0,,0,2011-07-10,2011,23.49146774193548,161.93,Brosimum,Caja Fuerte - Maderable
25780,7,Bosque de Tierra Firme,TF2,3a,648,NO,Sapotaceae,Pouteria torta (Mart.) Radlk.,Pouteria,torta,0,0,0,0,0,,0,2011-07-10,2011,23.49146774193548,161.93,Pouteria,Estrella Comercial - Frutal
25785,7,Bosque de Tierra Firme,TF2,3b,654,NO,Fabaceae,Inga sapindoides Willd.,Inga,sapindoides,0,1,0,0,0,,1,2011-07-10,2011,23.49146774193548,161.93,Inga,Ingeniero del Suelo - Fijador N
25790,7,Bosque de Tierra Firme,TF2,4a,661,NO,Euphorbiaceae,Hevea guianensis Aubl.,Hevea,guianensis,0,0,0,0,0,,0,2011-07-10,2011,23.49146774193548,161.93,Hevea,Estrella Comercial - Industrial
25796,7,Bosque de Tierra Firme,TF2,4a,669,NO,Fabaceae,Tachigali vasquezii Pipoly,Tachigali,vasquezii,0,0,0,0,0,,0,2011-07-10,2011,23.49146774193548,161.93,Tachigali,Ingeniero del Suelo - Fijador N
25805,7,Bosque de Tierra Firme,TF2,4b,681,NO,Malvaceae,Theobroma speciosum Willd. ex Spreng.,Theobroma,speciosum,0,0,0,0,0,,0,2011-07-10,2011,23.49146774193548,161.93,Theobroma,Estrella Comercial - Frutal
25811,7,Bosque de Tierra Firme,TF2,4b,687,NO,Urticaceae,Cecropia sciadophylla Mart.,Cecropia,sciadophylla,0,0,0,0,0,desfoliado,0,2011-07-10,2011,23.49146774193548,161.93,Cecropia,Ingeniero del Suelo - Pionera
25819,7,Bosque de Tierra Firme,TF2,5a,695,NO,Arecaceae,Bactris gasipaes Kunth,Bactris,gasipaes,0,0,0,0,0,,0,2011-07-10,2011,23.49146774193548,161.93,Bactris,Estrella Comercial - Frutal
25822,7,Bosque de Tierra Firme,TF2,5a,698,NO,Meliaceae,Cedrela fissilis Vell.,Cedrela,fissilis,0,0,0,0,0,,0,2011-07-10,2011,23.49146774193548,161.93,Cedrela,Caja Fuerte - Maderable
25842,7,Bosque de Tierra Firme,TF3,1b,721,NO,Moraceae,Brosimum rubescens Taub.,Brosimum,rubescens,0,0,0,0,0,,0,2011-07-15,2011,23.49146774193548,161.93,Brosimum,Caja Fuerte - Maderable
25862,7,Bosque de Tierra Firme,TF3,2b,746,NO,Euphorbiaceae,Hevea guianensis Aubl.,Hevea,guianensis,0,0,0,0,0,,0,2011-07-15,2011,23.49146774193548,161.93,Hevea,Estrella Comercial - Industrial
25864,7,Bosque de Tierra Firme,TF3,2b,749,NO,Fabaceae,Cedrelinga catenaeformis (Ducke) Ducke,Cedrelinga,catenaeformis,0,0,0,0,0,desfoliando,0,2011-07-15,2011,23.49146774193548,161.93,Cedrelinga,Caja Fuerte - Maderable / Fijador N
25867,7,Bosque de Tierra Firme,TF3,3a,756,NO,Fabaceae,Inga alba (Sw.) Willd.,Inga,alba,0,1,0,0,0,,1,2011-07-15,2011,23.49146774193548,161.93,Inga,Ingeniero del Suelo - Fijador N
25874,7,Bosque de Tierra Firme,TF3,4a,765,NO,Apocynaceae,Aspidosperma vargasii A.DC.,Aspidosperma,vargasii,0,0,0,0,0,,0,2011-07-15,2011,23.49146774193548,161.93,Aspidosperma,Caja Fuerte - Maderable
25883,7,Bosque de Tierra Firme,TF3,4b,777,NO,Euphorbiaceae,Hevea guianensis Aubl.,Hevea,guianensis,0,0,0,0,0,,0,2011-07-15,2011,23.49146774193548,161.93,Hevea,Estrella Comercial - Industrial
25888,7,Bosque de Tierra Firme,TF3,5a,785,NO,Fabaceae,Copaifera reticulata Ducke,Copaifera,reticulata,0,0,0,0,0,,0,2011-07-15,2011,23.49146774193548,161.93,Copaifera,Estrella Comercial - Industrial
25892,7,Bosque de Tierra Firme,TF3,5a,790,NO,Euphorbiaceae,Hevea guianensis Aubl.,Hevea,guianensis,0,0,0,0,0,,0,2011-07-15,2011,23.49146774193548,161.93,Hevea,Estrella Comercial - Industrial
25897,7,Bosque de Tierra Firme,TF3,5b,796,NO,Fabaceae,Copaifera reticulata Ducke,Copaifera,reticulata,0,0,0,0,0,,0,2011-07-15,2011,23.49146774193548,161.93,Copaifera,Estrella Comercial - Industrial
25905,7,Bosque de Tierra Firme,TF4,1a,807,NO,Euphorbiaceae,Hevea guianensis Aubl.,Hevea,guianensis,0,0,0,0,0,,0,2011-07-15,2011,23.49146774193548,161.93,Hevea,Estrella Comercial - Industrial
25909,7,Bosque de Tierra Firme,TF4,1a,811,NO,Euphorbiaceae,Hevea guianensis Aubl.,Hevea,guianensis,0,0,0,0,0,,0,2011-07-15,2011,23.49146774193548,161.93,Hevea,Estrella Comercial - Industrial
25915,7,Bosque de Tierra Firme,TF4,1b,817,NO,Sapotaceae,Pouteria pariry (Ducke) Baehni,Pouteria,pariry,0,0,0,0,0,,0,2011-07-15,2011,23.49146774193548,161.93,Pouteria,Estrella Comercial - Frutal
25918,7,Bosque de Tierra Firme,TF4,1b,820,NO,Olacaceae,Aptandra tubicina (Poepp.) Benth. ex Miers,Aptandra,tubicina,0,4,0,0,0,,1,2011-07-15,2011,23.49146774193548,161.93,Aptandra,Ingeniero del Suelo - Pionera
25935,7,Bosque de Tierra Firme,TF4,2a,840,NO,Fabaceae,Inga stipularis DC.,Inga,stipularis,0,0,0,0,0,,0,2011-07-15,2011,23.49146774193548,161.93,Inga,Ingeniero del Suelo - Fijador N
25956,7,Bosque de Tierra Firme,TF4,3a,867,NO,Fabaceae,Inga punctata Willd.,Inga,punctata,0,0,0,0,0,,0,2011-07-15,2011,23.49146774193548,161.93,Inga,Ingeniero del Suelo - Fijador N
25964,7,Bosque de Tierra Firme,TF4,3a,876,NO,Bignonaceae,Jacaranda copaia (Aubl.) D.Don,Jacaranda,copaia,0,0,0,0,0,,0,2011-07-15,2011,23.49146774193548,161.93,Jacaranda,Ingeniero del Suelo - Pionera
25972,7,Bosque de Tierra Firme,TF4,3b,884,NO,Apocynaceae,Aspidosperma nitidum Benth. ex Müll.Arg.,Aspidosperma,nitidum,0,0,0,0,0,,0,2011-07-15,2011,23.49146774193548,161.93,Aspidosperma,Caja Fuerte - Maderable
25988,7,Bosque de Tierra Firme,TF5,1a,903,NO,Sapotaceae,Pouteria procera (Mart.) K.Hammer,Pouteria,procera,0,0,0,1,0,,1,2011-07-11,2011,23.49146774193548,161.93,Pouteria,Estrella Comercial - Frutal
25994,7,Bosque de Tierra Firme,TF5,1a,911,NO,Fabaceae,Inga auristellae Harms,Inga,auristellae,0,1,0,0,0,,1,2011-07-11,2011,23.49146774193548,161.93,Inga,Ingeniero del Suelo - Fijador N
25997,7,Bosque de Tierra Firme,TF5,1b,915,NO,Fabaceae,Inga sp. 2,Inga,sp,0,0,0,0,0,,0,2011-07-11,2011,23.49146774193548,161.93,Inga,Ingeniero del Suelo - Fijador N
26000,7,Bosque de Tierra Firme,TF5,1b,918,NO,Fabaceae,Inga cordistipula Mart.,Inga,cordistipula,0,0,0,0,0,,0,2011-07-11,2011,23.49146774193548,161.93,Inga,Ingeniero del Suelo - Fijador N
26004,7,Bosque de Tierra Firme,TF5,2a,923,NO,Malvaceae,Theobroma speciosum Willd. ex Spreng.,Theobroma,speciosum,0,0,0,0,0,,0,2011-07-11,2011,23.49146774193548,161.93,Theobroma,Estrella Comercial - Frutal
26009,7,Bosque de Tierra Firme,TF5,2a,930,NO,Apocynaceae,Aspidosperma rigidum Rusby,Aspidosperma,rigidum,0,0,0,0,0,,0,2011-07-11,2011,23.49146774193548,161.93,Aspidosperma,Caja Fuerte - Maderable
26011,7,Bosque de Tierra Firme,TF5,2b,934,NO,Fabaceae,Dipteryx micrantha Harms,Dipteryx,micrantha,0,0,0,0,0,,0,2011-07-11,2011,23.49146774193548,161.93,Dipteryx,Estrella Comercial - Industrial
26019,7,Bosque de Tierra Firme,TF5,3a,942,NO,Fabaceae,Inga edulis Mart.,Inga,edulis,3,2,0,0,0,,1,2011-07-11,2011,23.49146774193548,161.93,Inga,Ingeniero del Suelo - Fijador N
26023,7,Bosque de Tierra Firme,TF5,3a,946,NO,Fabaceae,Inga sp. 2,Inga,sp,3,4,0,0,0,,1,2011-07-11,2011,23.49146774193548,161.93,Inga,Ingeniero del Suelo - Fijador N
26031,7,Bosque de Tierra Firme,TF5,3b,959,NO,Fabaceae,Inga sp. 2,Inga,sp,3,3,0,0,0,,1,2011-07-11,2011,23.49146774193548,161.93,Inga,Ingeniero del Suelo - Fijador N
26038,7,Bosque de Tierra Firme,TF5,4a,970,NO,Sapotaceae,Pouteria procera (Mart.) K.Hammer,Pouteria,procera,0,0,4,0,0,,1,2011-07-11,2011,23.49146774193548,161.93,Pouteria,Estrella Comercial - Frutal
26046,7,Bosque de Tierra Firme,TF5,4b,983,NO,Bignonaceae,Jacaranda copaia subsp. spectabilis (Mart. ex DC.) A.H.Gentry,Jacaranda,copaia subsp. spectabilis,0,0,0,0,0,,0,2011-07-11,2011,23.49146774193548,161.93,Jacaranda,Ingeniero del Suelo - Pionera
26049,7,Bosque de Tierra Firme,TF5,4b,986,NO,Sapotaceae,Pouteria tarapotensis (Eichler ex Pierre) Baehni,Pouteria,tarapotensis,0,0,2,0,0,,1,2011-07-11,2011,23.49146774193548,161.93,Pouteria,Estrella Comercial - Frutal
26051,7,Bosque de Tierra Firme,TF5,4b,988,NO,Moraceae,Brosimum acutifolium subsp. obovatum (Ducke) C.C.Berg,Brosimum,acutifolium subsp. obovatum,0,0,0,0,0,,0,2011-07-11,2011,23.49146774193548,161.93,Brosimum,Caja Fuerte - Maderable
26053,7,Bosque de Tierra Firme,TF5,4b,990,NO,Sapotaceae,Pouteria tarapotensis (Eichler ex Pierre) Baehni,Pouteria,tarapotensis,0,0,3,0,0,,1,2011-07-11,2011,23.49146774193548,161.93,Pouteria,Estrella Comercial - Frutal
26061,7,Bosque de Tierra Firme,TF5,5a,994A,NO,Apocynaceae,Aspidosperma rigidum Rusby,Aspidosperma,rigidum,0,0,0,0,0,,0,2011-07-11,2011,23.49146774193548,161.93,Aspidosperma,Caja Fuerte - Maderable
26064,7,Bosque de Tierra Firme,TF5,5b,998,NO,Fabaceae,Swartzia myrtifolia Sm.,Swartzia,myrtifolia,0,0,0,0,0,,0,2011-07-11,2011,23.49146774193548,161.93,Swartzia,Ingeniero del Suelo - Fijador N
26068,7,Bosque de Tierra Firme,TF5,5b,958A,NO,Apocynaceae,Aspidosperma vargasii A.DC.,Aspidosperma,vargasii,0,0,0,0,0,desfoliando,0,2011-07-11,2011,23.49146774193548,161.93,Aspidosperma,Caja Fuerte - Maderable
27010,8,Bosque de Tierra Firme,TF1,1a,501,NO,Fabaceae,Swartzia myrtifolia Sm.,Swartzia,myrtifolia,0,0,0,0,0,,0,2011-08-06,2011,23.010290322580637,74.52000000000001,Swartzia,Ingeniero del Suelo - Fijador N
27013,8,Bosque de Tierra Firme,TF1,1a,504,NO,Fabaceae,Swartzia tomentifera (Ducke) Ducke,Swartzia,tomentifera,0,0,0,0,0,,0,2011-08-06,2011,23.010290322580637,74.52000000000001,Swartzia,Ingeniero del Suelo - Fijador N
27015,8,Bosque de Tierra Firme,TF1,1a,506,NO,Apocynaceae,Aspidosperma nitidum Benth. ex Müll.Arg.,Aspidosperma,nitidum,0,0,0,0,0,,0,2011-08-06,2011,23.010290322580637,74.52000000000001,Aspidosperma,Caja Fuerte - Maderable
27021,8,Bosque de Tierra Firme,TF1,1b,512,NO,Sapotaceae,Pouteria procera (Mart.) K.Hammer,Pouteria,procera,0,0,0,0,0,,0,2011-08-06,2011,23.010290322580637,74.52000000000001,Pouteria,Estrella Comercial - Frutal
27022,8,Bosque de Tierra Firme,TF1,1b,513,NO,Euphorbiaceae,Croton sp.,Croton,sp,0,0,0,0,0,,0,2011-08-06,2011,23.010290322580637,74.52000000000001,Croton,Estrella Comercial - Industrial
27034,8,Bosque de Tierra Firme,TF1,2b,528,NO,Fabaceae,Erythrina ulei Harms,Erythrina,ulei,3,0,0,0,0,,1,2011-08-06,2011,23.010290322580637,74.52000000000001,Erythrina,Ingeniero del Suelo - Fijador N
27035,8,Bosque de Tierra Firme,TF1,2b,529,NO,Fabaceae,Erythrina ulei Harms,Erythrina,ulei,4,0,0,0,0,,1,2011-08-06,2011,23.010290322580637,74.52000000000001,Erythrina,Ingeniero del Suelo - Fijador N
27047,8,Bosque de Tierra Firme,TF1,3b,547,NO,Fabaceae,Erythrina ulei Harms,Erythrina,ulei,0,0,0,0,0,,0,2011-08-06,2011,23.010290322580637,74.52000000000001,Erythrina,Ingeniero del Suelo - Fijador N
27055,8,Bosque de Tierra Firme,TF1,4b,559,NO,Sapotaceae,Pouteria pariry (Ducke) Baehni,Pouteria,pariry,0,0,0,0,0,,0,2011-08-06,2011,23.010290322580637,74.52000000000001,Pouteria,Estrella Comercial - Frutal
27056,8,Bosque de Tierra Firme,TF1,4b,560,NO,Fabaceae,Erythrina ulei Harms,Erythrina,ulei,0,0,0,0,0,,0,2011-08-06,2011,23.010290322580637,74.52000000000001,Erythrina,Ingeniero del Suelo - Fijador N
27060,8,Bosque de Tierra Firme,TF1,5a,564,NO,Fabaceae,Hymenaea courbaril L.,Hymenaea,courbaril,0,0,0,2,0,hojas nuevas,1,2011-08-06,2011,23.010290322580637,74.52000000000001,Hymenaea,Estrella Comercial - Frutal
27072,8,Bosque de Tierra Firme,TF1,6a,580,NO,Sapotaceae,Pouteria sp. 3,Pouteria,sp,0,0,0,0,0,,0,2011-08-06,2011,23.010290322580637,74.52000000000001,Pouteria,Estrella Comercial - Frutal
27073,8,Bosque de Tierra Firme,TF1,6a,581,NO,Fabaceae,Swartzia myrtifolia Sm.,Swartzia,myrtifolia,0,0,3,1,0,,1,2011-08-06,2011,23.010290322580637,74.52000000000001,Swartzia,Ingeniero del Suelo - Fijador N
27076,8,Bosque de Tierra Firme,TF1,6b,589,NO,Fabaceae,Hymenaea courbaril L.,Hymenaea,courbaril,0,0,0,4,0,,1,2011-08-06,2011,23.010290322580637,74.52000000000001,Hymenaea,Estrella Comercial - Frutal
27095,8,Bosque de Tierra Firme,TF2,1b,614,NO,Fabaceae,Copaifera reticulata Ducke,Copaifera,reticulata,0,0,0,0,0,,0,2011-08-06,2011,23.010290322580637,74.52000000000001,Copaifera,Estrella Comercial - Industrial
27098,8,Bosque de Tierra Firme,TF2,1b,617,NO,Sapotaceae,Pouteria sp. 2,Pouteria,sp,0,0,0,0,0,,0,2011-08-06,2011,23.010290322580637,74.52000000000001,Pouteria,Estrella Comercial - Frutal
27102,8,Bosque de Tierra Firme,TF2,1b,624,NO,Euphorbiaceae,Hevea guianensis Aubl.,Hevea,guianensis,0,0,0,0,0,,0,2011-08-06,2011,23.010290322580637,74.52000000000001,Hevea,Estrella Comercial - Industrial
27106,8,Bosque de Tierra Firme,TF2,2a,629,NO,Euphorbiaceae,Hevea guianensis Aubl.,Hevea,guianensis,0,0,0,0,0,,0,2011-08-06,2011,23.010290322580637,74.52000000000001,Hevea,Estrella Comercial - Industrial
27113,8,Bosque de Tierra Firme,TF2,2b,638,NO,Moraceae,Brosimum rubescens Taub.,Brosimum,rubescens,0,0,0,0,0,,0,2011-08-06,2011,23.010290322580637,74.52000000000001,Brosimum,Caja Fuerte - Maderable
27118,8,Bosque de Tierra Firme,TF2,3a,648,NO,Sapotaceae,Pouteria torta (Mart.) Radlk.,Pouteria,torta,0,0,0,0,0,,0,2011-08-06,2011,23.010290322580637,74.52000000000001,Pouteria,Estrella Comercial - Frutal
27123,8,Bosque de Tierra Firme,TF2,3b,654,NO,Fabaceae,Inga sapindoides Willd.,Inga,sapindoides,0,0,0,0,0,,0,2011-08-06,2011,23.010290322580637,74.52000000000001,Inga,Ingeniero del Suelo - Fijador N
27128,8,Bosque de Tierra Firme,TF2,4a,661,NO,Euphorbiaceae,Hevea guianensis Aubl.,Hevea,guianensis,0,0,0,0,0,,0,2011-08-06,2011,23.010290322580637,74.52000000000001,Hevea,Estrella Comercial - Industrial
27134,8,Bosque de Tierra Firme,TF2,4a,669,NO,Fabaceae,Tachigali vasquezii Pipoly,Tachigali,vasquezii,0,0,0,0,0,,0,2011-08-06,2011,23.010290322580637,74.52000000000001,Tachigali,Ingeniero del Suelo - Fijador N
27143,8,Bosque de Tierra Firme,TF2,4b,681,NO,Malvaceae,Theobroma speciosum Willd. ex Spreng.,Theobroma,speciosum,0,0,0,0,0,,0,2011-08-06,2011,23.010290322580637,74.52000000000001,Theobroma,Estrella Comercial - Frutal
27149,8,Bosque de Tierra Firme,TF2,4b,687,NO,Urticaceae,Cecropia sciadophylla Mart.,Cecropia,sciadophylla,0,0,0,0,0,desfoliado,0,2011-08-06,2011,23.010290322580637,74.52000000000001,Cecropia,Ingeniero del Suelo - Pionera
27157,8,Bosque de Tierra Firme,TF2,5a,695,NO,Arecaceae,Bactris gasipaes Kunth,Bactris,gasipaes,0,0,0,0,0,,0,2011-08-06,2011,23.010290322580637,74.52000000000001,Bactris,Estrella Comercial - Frutal
27160,8,Bosque de Tierra Firme,TF2,5a,698,NO,Meliaceae,Cedrela fissilis Vell.,Cedrela,fissilis,0,0,0,0,0,,0,2011-08-06,2011,23.010290322580637,74.52000000000001,Cedrela,Caja Fuerte - Maderable
27180,8,Bosque de Tierra Firme,TF3,1b,721,NO,Moraceae,Brosimum rubescens Taub.,Brosimum,rubescens,0,0,0,0,0,,0,2011-08-09,2011,23.010290322580637,74.52000000000001,Brosimum,Caja Fuerte - Maderable
27200,8,Bosque de Tierra Firme,TF3,2b,746,NO,Euphorbiaceae,Hevea guianensis Aubl.,Hevea,guianensis,0,0,0,0,0,hojas nuevas,0,2011-08-09,2011,23.010290322580637,74.52000000000001,Hevea,Estrella Comercial - Industrial
27202,8,Bosque de Tierra Firme,TF3,2b,749,NO,Fabaceae,Cedrelinga catenaeformis (Ducke) Ducke,Cedrelinga,catenaeformis,0,0,0,0,0,hojas nuevas,0,2011-08-09,2011,23.010290322580637,74.52000000000001,Cedrelinga,Caja Fuerte - Maderable / Fijador N
27205,8,Bosque de Tierra Firme,TF3,3a,756,NO,Fabaceae,Inga alba (Sw.) Willd.,Inga,alba,0,0,0,0,0,,0,2011-08-09,2011,23.010290322580637,74.52000000000001,Inga,Ingeniero del Suelo - Fijador N
27212,8,Bosque de Tierra Firme,TF3,4a,765,NO,Apocynaceae,Aspidosperma vargasii A.DC.,Aspidosperma,vargasii,0,0,0,0,0,,0,2011-08-09,2011,23.010290322580637,74.52000000000001,Aspidosperma,Caja Fuerte - Maderable
27221,8,Bosque de Tierra Firme,TF3,4b,777,NO,Euphorbiaceae,Hevea guianensis Aubl.,Hevea,guianensis,0,0,0,0,0,hojas nuevas,0,2011-08-09,2011,23.010290322580637,74.52000000000001,Hevea,Estrella Comercial - Industrial
27226,8,Bosque de Tierra Firme,TF3,5a,785,NO,Fabaceae,Copaifera reticulata Ducke,Copaifera,reticulata,0,0,0,0,0,,0,2011-08-09,2011,23.010290322580637,74.52000000000001,Copaifera,Estrella Comercial - Industrial
27230,8,Bosque de Tierra Firme,TF3,5a,790,NO,Euphorbiaceae,Hevea guianensis Aubl.,Hevea,guianensis,0,0,0,0,0,desfoliando,0,2011-08-09,2011,23.010290322580637,74.52000000000001,Hevea,Estrella Comercial - Industrial
27235,8,Bosque de Tierra Firme,TF3,5b,796,NO,Fabaceae,Copaifera reticulata Ducke,Copaifera,reticulata,0,0,0,0,0,,0,2011-08-09,2011,23.010290322580637,74.52000000000001,Copaifera,Estrella Comercial - Industrial
27243,8,Bosque de Tierra Firme,TF4,1a,807,NO,Euphorbiaceae,Hevea guianensis Aubl.,Hevea,guianensis,0,0,0,0,0,desfoliado,0,2011-08-09,2011,23.010290322580637,74.52000000000001,Hevea,Estrella Comercial - Industrial
27247,8,Bosque de Tierra Firme,TF4,1a,811,NO,Euphorbiaceae,Hevea guianensis Aubl.,Hevea,guianensis,0,0,0,0,0,,0,2011-08-09,2011,23.010290322580637,74.52000000000001,Hevea,Estrella Comercial - Industrial
27253,8,Bosque de Tierra Firme,TF4,1b,817,NO,Sapotaceae,Pouteria pariry (Ducke) Baehni,Pouteria,pariry,0,0,0,0,0,,0,2011-08-09,2011,23.010290322580637,74.52000000000001,Pouteria,Estrella Comercial - Frutal
27256,8,Bosque de Tierra Firme,TF4,1b,820,NO,Olacaceae,Aptandra tubicina (Poepp.) Benth. ex Miers,Aptandra,tubicina,0,2,0,0,0,,1,2011-08-09,2011,23.010290322580637,74.52000000000001,Aptandra,Ingeniero del Suelo - Pionera
27273,8,Bosque de Tierra Firme,TF4,2a,840,NO,Fabaceae,Inga stipularis DC.,Inga,stipularis,0,0,0,0,0,,0,2011-08-09,2011,23.010290322580637,74.52000000000001,Inga,Ingeniero del Suelo - Fijador N
27293,8,Bosque de Tierra Firme,TF4,3a,867,NO,Fabaceae,Inga punctata Willd.,Inga,punctata,0,0,0,0,0,,0,2011-08-09,2011,23.010290322580637,74.52000000000001,Inga,Ingeniero del Suelo - Fijador N
27301,8,Bosque de Tierra Firme,TF4,3a,876,NO,Bignonaceae,Jacaranda copaia (Aubl.) D.Don,Jacaranda,copaia,0,0,0,0,0,,0,2011-08-09,2011,23.010290322580637,74.52000000000001,Jacaranda,Ingeniero del Suelo - Pionera
27309,8,Bosque de Tierra Firme,TF4,3b,884,NO,Apocynaceae,Aspidosperma nitidum Benth. ex Müll.Arg.,Aspidosperma,nitidum,0,0,0,0,0,,0,2011-08-09,2011,23.010290322580637,74.52000000000001,Aspidosperma,Caja Fuerte - Maderable
27325,8,Bosque de Tierra Firme,TF5,1a,903,NO,Sapotaceae,Pouteria procera (Mart.) K.Hammer,Pouteria,procera,0,0,0,0,0,,0,2011-08-06,2011,23.010290322580637,74.52000000000001,Pouteria,Estrella Comercial - Frutal
27331,8,Bosque de Tierra Firme,TF5,1a,911,NO,Fabaceae,Inga auristellae Harms,Inga,auristellae,0,0,0,0,0,,0,2011-08-06,2011,23.010290322580637,74.52000000000001,Inga,Ingeniero del Suelo - Fijador N
27334,8,Bosque de Tierra Firme,TF5,1b,915,NO,Fabaceae,Inga sp. 2,Inga,sp,0,0,0,0,0,,0,2011-08-06,2011,23.010290322580637,74.52000000000001,Inga,Ingeniero del Suelo - Fijador N
27337,8,Bosque de Tierra Firme,TF5,1b,918,NO,Fabaceae,Inga cordistipula Mart.,Inga,cordistipula,0,0,0,0,0,,0,2011-08-06,2011,23.010290322580637,74.52000000000001,Inga,Ingeniero del Suelo - Fijador N
27341,8,Bosque de Tierra Firme,TF5,2a,923,NO,Malvaceae,Theobroma speciosum Willd. ex Spreng.,Theobroma,speciosum,0,0,0,0,0,,0,2011-08-06,2011,23.010290322580637,74.52000000000001,Theobroma,Estrella Comercial - Frutal
27346,8,Bosque de Tierra Firme,TF5,2a,930,NO,Apocynaceae,Aspidosperma rigidum Rusby,Aspidosperma,rigidum,0,0,0,0,0,,0,2011-08-06,2011,23.010290322580637,74.52000000000001,Aspidosperma,Caja Fuerte - Maderable
27348,8,Bosque de Tierra Firme,TF5,2b,934,NO,Fabaceae,Dipteryx micrantha Harms,Dipteryx,micrantha,0,0,0,0,0,,0,2011-08-06,2011,23.010290322580637,74.52000000000001,Dipteryx,Estrella Comercial - Industrial
27356,8,Bosque de Tierra Firme,TF5,3a,942,NO,Fabaceae,Inga edulis Mart.,Inga,edulis,2,0,2,0,0,,1,2011-08-06,2011,23.010290322580637,74.52000000000001,Inga,Ingeniero del Suelo - Fijador N
27360,8,Bosque de Tierra Firme,TF5,3a,946,NO,Fabaceae,Inga sp. 2,Inga,sp,3,2,2,0,0,,1,2011-08-06,2011,23.010290322580637,74.52000000000001,Inga,Ingeniero del Suelo - Fijador N
27368,8,Bosque de Tierra Firme,TF5,3b,959,NO,Fabaceae,Inga sp. 2,Inga,sp,3,0,2,0,0,,1,2011-08-06,2011,23.010290322580637,74.52000000000001,Inga,Ingeniero del Suelo - Fijador N
27375,8,Bosque de Tierra Firme,TF5,4a,970,NO,Sapotaceae,Pouteria procera (Mart.) K.Hammer,Pouteria,procera,0,0,0,2,0,,1,2011-08-06,2011,23.010290322580637,74.52000000000001,Pouteria,Estrella Comercial - Frutal
27383,8,Bosque de Tierra Firme,TF5,4b,983,NO,Bignonaceae,Jacaranda copaia subsp. spectabilis (Mart. ex DC.) A.H.Gentry,Jacaranda,copaia subsp. spectabilis,0,0,0,0,0,desfoliado,0,2011-08-06,2011,23.010290322580637,74.52000000000001,Jacaranda,Ingeniero del Suelo - Pionera
27386,8,Bosque de Tierra Firme,TF5,4b,986,NO,Sapotaceae,Pouteria tarapotensis (Eichler ex Pierre) Baehni,Pouteria,tarapotensis,0,0,3,0,0,,1,2011-08-06,2011,23.010290322580637,74.52000000000001,Pouteria,Estrella Comercial - Frutal
27388,8,Bosque de Tierra Firme,TF5,4b,988,NO,Moraceae,Brosimum acutifolium subsp. obovatum (Ducke) C.C.Berg,Brosimum,acutifolium subsp. obovatum,0,0,0,0,0,,0,2011-08-06,2011,23.010290322580637,74.52000000000001,Brosimum,Caja Fuerte - Maderable
27390,8,Bosque de Tierra Firme,TF5,4b,990,NO,Sapotaceae,Pouteria tarapotensis (Eichler ex Pierre) Baehni,Pouteria,tarapotensis,0,0,4,0,0,,1,2011-08-06,2011,23.010290322580637,74.52000000000001,Pouteria,Estrella Comercial - Frutal
27398,8,Bosque de Tierra Firme,TF5,5a,994A,NO,Apocynaceae,Aspidosperma rigidum Rusby,Aspidosperma,rigidum,0,0,0,0,0,desfoliado,0,2011-08-06,2011,23.010290322580637,74.52000000000001,Aspidosperma,Caja Fuerte - Maderable
27401,8,Bosque de Tierra Firme,TF5,5b,998,NO,Fabaceae,Swartzia myrtifolia Sm.,Swartzia,myrtifolia,0,0,0,0,0,,0,2011-08-06,2011,23.010290322580637,74.52000000000001,Swartzia,Ingeniero del Suelo - Fijador N
27405,8,Bosque de Tierra Firme,TF5,5b,958A,NO,Apocynaceae,Aspidosperma vargasii A.DC.,Aspidosperma,vargasii,0,0,0,0,0,desfoliado,0,2011-08-06,2011,23.010290322580637,74.52000000000001,Aspidosperma,Caja Fuerte - Maderable
28347,9,Bosque de Tierra Firme,TF1,1a,501,NO,Fabaceae,Swartzia myrtifolia Sm.,Swartzia,myrtifolia,0,0,0,0,0,,0,2011-09-18,2011,24.810916666666664,77.16,Swartzia,Ingeniero del Suelo - Fijador N
28350,9,Bosque de Tierra Firme,TF1,1a,504,NO,Fabaceae,Swartzia tomentifera (Ducke) Ducke,Swartzia,tomentifera,0,0,0,0,0,,0,2011-09-18,2011,24.810916666666664,77.16,Swartzia,Ingeniero del Suelo - Fijador N
28352,9,Bosque de Tierra Firme,TF1,1a,506,NO,Apocynaceae,Aspidosperma nitidum Benth. ex Müll.Arg.,Aspidosperma,nitidum,0,0,0,0,0,,0,2011-09-18,2011,24.810916666666664,77.16,Aspidosperma,Caja Fuerte - Maderable
28358,9,Bosque de Tierra Firme,TF1,1b,512,NO,Sapotaceae,Pouteria procera (Mart.) K.Hammer,Pouteria,procera,0,0,0,0,0,,0,2011-09-18,2011,24.810916666666664,77.16,Pouteria,Estrella Comercial - Frutal
28359,9,Bosque de Tierra Firme,TF1,1b,513,NO,Euphorbiaceae,Croton sp.,Croton,sp,0,0,0,0,0,,0,2011-09-18,2011,24.810916666666664,77.16,Croton,Estrella Comercial - Industrial
28371,9,Bosque de Tierra Firme,TF1,2b,528,NO,Fabaceae,Erythrina ulei Harms,Erythrina,ulei,0,0,1,0,1,,1,2011-09-18,2011,24.810916666666664,77.16,Erythrina,Ingeniero del Suelo - Fijador N
28372,9,Bosque de Tierra Firme,TF1,2b,529,NO,Fabaceae,Erythrina ulei Harms,Erythrina,ulei,0,0,4,0,0,,1,2011-09-18,2011,24.810916666666664,77.16,Erythrina,Ingeniero del Suelo - Fijador N
28384,9,Bosque de Tierra Firme,TF1,3b,547,NO,Fabaceae,Erythrina ulei Harms,Erythrina,ulei,0,0,0,0,0,desfoliado,0,2011-09-18,2011,24.810916666666664,77.16,Erythrina,Ingeniero del Suelo - Fijador N
28392,9,Bosque de Tierra Firme,TF1,4b,559,NO,Sapotaceae,Pouteria pariry (Ducke) Baehni,Pouteria,pariry,0,0,0,0,0,,0,2011-09-18,2011,24.810916666666664,77.16,Pouteria,Estrella Comercial - Frutal
28393,9,Bosque de Tierra Firme,TF1,4b,560,NO,Fabaceae,Erythrina ulei Harms,Erythrina,ulei,0,0,0,0,0,,0,2011-09-18,2011,24.810916666666664,77.16,Erythrina,Ingeniero del Suelo - Fijador N
28397,9,Bosque de Tierra Firme,TF1,5a,564,NO,Fabaceae,Hymenaea courbaril L.,Hymenaea,courbaril,0,0,0,1,0,hojas nuevas,1,2011-09-18,2011,24.810916666666664,77.16,Hymenaea,Estrella Comercial - Frutal
28409,9,Bosque de Tierra Firme,TF1,6a,580,NO,Sapotaceae,Pouteria sp. 3,Pouteria,sp,1,1,0,0,0,,1,2011-09-18,2011,24.810916666666664,77.16,Pouteria,Estrella Comercial - Frutal
28410,9,Bosque de Tierra Firme,TF1,6a,581,NO,Fabaceae,Swartzia myrtifolia Sm.,Swartzia,myrtifolia,0,0,0,0,0,,0,2011-09-18,2011,24.810916666666664,77.16,Swartzia,Ingeniero del Suelo - Fijador N
28413,9,Bosque de Tierra Firme,TF1,6b,589,NO,Fabaceae,Hymenaea courbaril L.,Hymenaea,courbaril,0,0,0,3,1,,1,2011-09-18,2011,24.810916666666664,77.16,Hymenaea,Estrella Comercial - Frutal
28432,9,Bosque de Tierra Firme,TF2,1b,614,NO,Fabaceae,Copaifera reticulata Ducke,Copaifera,reticulata,0,0,0,0,0,,0,2011-09-18,2011,24.810916666666664,77.16,Copaifera,Estrella Comercial - Industrial
28435,9,Bosque de Tierra Firme,TF2,1b,617,NO,Sapotaceae,Pouteria sp. 2,Pouteria,sp,0,0,0,0,0,,0,2011-09-18,2011,24.810916666666664,77.16,Pouteria,Estrella Comercial - Frutal
28439,9,Bosque de Tierra Firme,TF2,1b,624,NO,Euphorbiaceae,Hevea guianensis Aubl.,Hevea,guianensis,0,0,0,0,0,,0,2011-09-18,2011,24.810916666666664,77.16,Hevea,Estrella Comercial - Industrial
28443,9,Bosque de Tierra Firme,TF2,2a,629,NO,Euphorbiaceae,Hevea guianensis Aubl.,Hevea,guianensis,0,0,0,0,0,,0,2011-09-18,2011,24.810916666666664,77.16,Hevea,Estrella Comercial - Industrial
28450,9,Bosque de Tierra Firme,TF2,2b,638,NO,Moraceae,Brosimum rubescens Taub.,Brosimum,rubescens,0,0,0,0,0,,0,2011-09-18,2011,24.810916666666664,77.16,Brosimum,Caja Fuerte - Maderable
28455,9,Bosque de Tierra Firme,TF2,3a,648,NO,Sapotaceae,Pouteria torta (Mart.) Radlk.,Pouteria,torta,0,0,0,0,0,,0,2011-09-18,2011,24.810916666666664,77.16,Pouteria,Estrella Comercial - Frutal
28460,9,Bosque de Tierra Firme,TF2,3b,654,NO,Fabaceae,Inga sapindoides Willd.,Inga,sapindoides,0,0,0,0,0,,0,2011-09-18,2011,24.810916666666664,77.16,Inga,Ingeniero del Suelo - Fijador N
28465,9,Bosque de Tierra Firme,TF2,4a,661,NO,Euphorbiaceae,Hevea guianensis Aubl.,Hevea,guianensis,0,0,0,0,0,,0,2011-09-18,2011,24.810916666666664,77.16,Hevea,Estrella Comercial - Industrial
28471,9,Bosque de Tierra Firme,TF2,4a,669,NO,Fabaceae,Tachigali vasquezii Pipoly,Tachigali,vasquezii,0,0,0,0,0,,0,2011-09-18,2011,24.810916666666664,77.16,Tachigali,Ingeniero del Suelo - Fijador N
28480,9,Bosque de Tierra Firme,TF2,4b,681,NO,Malvaceae,Theobroma speciosum Willd. ex Spreng.,Theobroma,speciosum,0,0,0,0,0,,0,2011-09-18,2011,24.810916666666664,77.16,Theobroma,Estrella Comercial - Frutal
28486,9,Bosque de Tierra Firme,TF2,4b,687,NO,Urticaceae,Cecropia sciadophylla Mart.,Cecropia,sciadophylla,0,0,0,0,0,,0,2011-09-18,2011,24.810916666666664,77.16,Cecropia,Ingeniero del Suelo - Pionera
28494,9,Bosque de Tierra Firme,TF2,5a,695,NO,Arecaceae,Bactris gasipaes Kunth,Bactris,gasipaes,0,0,0,0,0,,0,2011-09-18,2011,24.810916666666664,77.16,Bactris,Estrella Comercial - Frutal
28497,9,Bosque de Tierra Firme,TF2,5a,698,NO,Meliaceae,Cedrela fissilis Vell.,Cedrela,fissilis,0,0,0,0,0,,0,2011-09-18,2011,24.810916666666664,77.16,Cedrela,Caja Fuerte - Maderable
28517,9,Bosque de Tierra Firme,TF3,1b,721,NO,Moraceae,Brosimum rubescens Taub.,Brosimum,rubescens,0,0,0,0,0,,0,2011-09-18,2011,24.810916666666664,77.16,Brosimum,Caja Fuerte - Maderable
28537,9,Bosque de Tierra Firme,TF3,2b,746,NO,Euphorbiaceae,Hevea guianensis Aubl.,Hevea,guianensis,0,0,0,0,0,hojas nuevas,0,2011-09-18,2011,24.810916666666664,77.16,Hevea,Estrella Comercial - Industrial
28539,9,Bosque de Tierra Firme,TF3,2b,749,NO,Fabaceae,Cedrelinga catenaeformis (Ducke) Ducke,Cedrelinga,catenaeformis,0,0,0,0,0,,0,2011-09-18,2011,24.810916666666664,77.16,Cedrelinga,Caja Fuerte - Maderable / Fijador N
28542,9,Bosque de Tierra Firme,TF3,3a,756,NO,Fabaceae,Inga alba (Sw.) Willd.,Inga,alba,0,0,0,0,0,,0,2011-09-18,2011,24.810916666666664,77.16,Inga,Ingeniero del Suelo - Fijador N
28549,9,Bosque de Tierra Firme,TF3,4a,765,NO,Apocynaceae,Aspidosperma vargasii A.DC.,Aspidosperma,vargasii,0,0,0,0,0,,0,2011-09-18,2011,24.810916666666664,77.16,Aspidosperma,Caja Fuerte - Maderable
28558,9,Bosque de Tierra Firme,TF3,4b,777,NO,Euphorbiaceae,Hevea guianensis Aubl.,Hevea,guianensis,3,0,0,0,0,hojas nuevas,1,2011-09-18,2011,24.810916666666664,77.16,Hevea,Estrella Comercial - Industrial
28563,9,Bosque de Tierra Firme,TF3,5a,785,NO,Fabaceae,Copaifera reticulata Ducke,Copaifera,reticulata,0,0,0,0,0,desfoliando,0,2011-09-18,2011,24.810916666666664,77.16,Copaifera,Estrella Comercial - Industrial
28567,9,Bosque de Tierra Firme,TF3,5a,790,NO,Euphorbiaceae,Hevea guianensis Aubl.,Hevea,guianensis,0,0,1,0,0,,1,2011-09-18,2011,24.810916666666664,77.16,Hevea,Estrella Comercial - Industrial
28572,9,Bosque de Tierra Firme,TF3,5b,796,NO,Fabaceae,Copaifera reticulata Ducke,Copaifera,reticulata,0,0,0,0,0,hojas nuevas,0,2011-09-18,2011,24.810916666666664,77.16,Copaifera,Estrella Comercial - Industrial
28580,9,Bosque de Tierra Firme,TF4,1a,807,NO,Euphorbiaceae,Hevea guianensis Aubl.,Hevea,guianensis,0,0,0,0,0,hojas nuevas,0,2011-09-18,2011,24.810916666666664,77.16,Hevea,Estrella Comercial - Industrial
28584,9,Bosque de Tierra Firme,TF4,1a,811,NO,Euphorbiaceae,Hevea guianensis Aubl.,Hevea,guianensis,0,3,0,0,0,,1,2011-09-18,2011,24.810916666666664,77.16,Hevea,Estrella Comercial - Industrial
28590,9,Bosque de Tierra Firme,TF4,1b,817,NO,Sapotaceae,Pouteria pariry (Ducke) Baehni,Pouteria,pariry,2,2,0,0,0,,1,2011-09-18,2011,24.810916666666664,77.16,Pouteria,Estrella Comercial - Frutal
28593,9,Bosque de Tierra Firme,TF4,1b,820,NO,Olacaceae,Aptandra tubicina (Poepp.) Benth. ex Miers,Aptandra,tubicina,0,0,0,0,0,,0,2011-09-18,2011,24.810916666666664,77.16,Aptandra,Ingeniero del Suelo - Pionera
28610,9,Bosque de Tierra Firme,TF4,2a,840,NO,Fabaceae,Inga stipularis DC.,Inga,stipularis,0,0,0,0,0,,0,2011-09-18,2011,24.810916666666664,77.16,Inga,Ingeniero del Suelo - Fijador N
28630,9,Bosque de Tierra Firme,TF4,3a,867,NO,Fabaceae,Inga punctata Willd.,Inga,punctata,0,0,0,0,0,,0,2011-09-18,2011,24.810916666666664,77.16,Inga,Ingeniero del Suelo - Fijador N
28638,9,Bosque de Tierra Firme,TF4,3a,876,NO,Bignonaceae,Jacaranda copaia (Aubl.) D.Don,Jacaranda,copaia,0,0,0,0,0,,0,2011-09-18,2011,24.810916666666664,77.16,Jacaranda,Ingeniero del Suelo - Pionera
28646,9,Bosque de Tierra Firme,TF4,3b,884,NO,Apocynaceae,Aspidosperma nitidum Benth. ex Müll.Arg.,Aspidosperma,nitidum,0,0,0,0,0,,0,2011-09-18,2011,24.810916666666664,77.16,Aspidosperma,Caja Fuerte - Maderable
28662,9,Bosque de Tierra Firme,TF5,1a,903,NO,Sapotaceae,Pouteria procera (Mart.) K.Hammer,Pouteria,procera,0,0,0,0,0,,0,2011-09-19,2011,24.810916666666664,77.16,Pouteria,Estrella Comercial - Frutal
28668,9,Bosque de Tierra Firme,TF5,1a,911,NO,Fabaceae,Inga auristellae Harms,Inga,auristellae,0,0,3,0,0,,1,2011-09-19,2011,24.810916666666664,77.16,Inga,Ingeniero del Suelo - Fijador N
28671,9,Bosque de Tierra Firme,TF5,1b,915,NO,Fabaceae,Inga sp. 2,Inga,sp,0,0,0,0,0,,0,2011-09-19,2011,24.810916666666664,77.16,Inga,Ingeniero del Suelo - Fijador N
28674,9,Bosque de Tierra Firme,TF5,1b,918,NO,Fabaceae,Inga cordistipula Mart.,Inga,cordistipula,0,0,0,0,0,,0,2011-09-19,2011,24.810916666666664,77.16,Inga,Ingeniero del Suelo - Fijador N
28678,9,Bosque de Tierra Firme,TF5,2a,923,NO,Malvaceae,Theobroma speciosum Willd. ex Spreng.,Theobroma,speciosum,0,0,0,0,0,,0,2011-09-19,2011,24.810916666666664,77.16,Theobroma,Estrella Comercial - Frutal
28683,9,Bosque de Tierra Firme,TF5,2a,930,NO,Apocynaceae,Aspidosperma rigidum Rusby,Aspidosperma,rigidum,0,0,0,0,0,hojas nuevas,0,2011-09-19,2011,24.810916666666664,77.16,Aspidosperma,Caja Fuerte - Maderable
28685,9,Bosque de Tierra Firme,TF5,2b,934,NO,Fabaceae,Dipteryx micrantha Harms,Dipteryx,micrantha,0,0,0,0,0,desfoliado,0,2011-09-19,2011,24.810916666666664,77.16,Dipteryx,Estrella Comercial - Industrial
28693,9,Bosque de Tierra Firme,TF5,3a,942,NO,Fabaceae,Inga edulis Mart.,Inga,edulis,0,0,3,0,0,,1,2011-09-19,2011,24.810916666666664,77.16,Inga,Ingeniero del Suelo - Fijador N
28697,9,Bosque de Tierra Firme,TF5,3a,946,NO,Fabaceae,Inga sp. 2,Inga,sp,0,0,3,0,0,,1,2011-09-19,2011,24.810916666666664,77.16,Inga,Ingeniero del Suelo - Fijador N
28705,9,Bosque de Tierra Firme,TF5,3b,959,NO,Fabaceae,Inga sp. 2,Inga,sp,0,2,0,0,0,,1,2011-09-19,2011,24.810916666666664,77.16,Inga,Ingeniero del Suelo - Fijador N
28712,9,Bosque de Tierra Firme,TF5,4a,970,NO,Sapotaceae,Pouteria procera (Mart.) K.Hammer,Pouteria,procera,0,0,0,0,0,,0,2011-09-19,2011,24.810916666666664,77.16,Pouteria,Estrella Comercial - Frutal
28720,9,Bosque de Tierra Firme,TF5,4b,983,NO,Bignonaceae,Jacaranda copaia subsp. spectabilis (Mart. ex DC.) A.H.Gentry,Jacaranda,copaia subsp. spectabilis,0,0,0,0,0,desfoliado,0,2011-09-19,2011,24.810916666666664,77.16,Jacaranda,Ingeniero del Suelo - Pionera
28723,9,Bosque de Tierra Firme,TF5,4b,986,NO,Sapotaceae,Pouteria tarapotensis (Eichler ex Pierre) Baehni,Pouteria,tarapotensis,3,0,1,0,0,,1,2011-09-19,2011,24.810916666666664,77.16,Pouteria,Estrella Comercial - Frutal
28725,9,Bosque de Tierra Firme,TF5,4b,988,NO,Moraceae,Brosimum acutifolium subsp. obovatum (Ducke) C.C.Berg,Brosimum,acutifolium subsp. obovatum,0,0,0,0,0,,0,2011-09-19,2011,24.810916666666664,77.16,Brosimum,Caja Fuerte - Maderable
28727,9,Bosque de Tierra Firme,TF5,4b,990,NO,Sapotaceae,Pouteria tarapotensis (Eichler ex Pierre) Baehni,Pouteria,tarapotensis,4,0,3,0,0,,1,2011-09-19,2011,24.810916666666664,77.16,Pouteria,Estrella Comercial - Frutal
28735,9,Bosque de Tierra Firme,TF5,5a,994A,NO,Apocynaceae,Aspidosperma rigidum Rusby,Aspidosperma,rigidum,0,0,0,0,0,desfoliado,0,2011-09-19,2011,24.810916666666664,77.16,Aspidosperma,Caja Fuerte - Maderable
28738,9,Bosque de Tierra Firme,TF5,5b,998,NO,Fabaceae,Swartzia myrtifolia Sm.,Swartzia,myrtifolia,0,0,0,0,0,,0,2011-09-19,2011,24.810916666666664,77.16,Swartzia,Ingeniero del Suelo - Fijador N
28742,9,Bosque de Tierra Firme,TF5,5b,958A,NO,Apocynaceae,Aspidosperma vargasii A.DC.,Aspidosperma,vargasii,0,0,0,0,0,desfoliado,0,2011-09-19,2011,24.810916666666664,77.16,Aspidosperma,Caja Fuerte - Maderable
29684,10,Bosque de Tierra Firme,TF1,1a,501,NO,Fabaceae,Swartzia myrtifolia Sm.,Swartzia,myrtifolia,0,0,0,0,0,,0,2011-10-19,2011,25.469338709677423,180.82999999999998,Swartzia,Ingeniero del Suelo - Fijador N
29687,10,Bosque de Tierra Firme,TF1,1a,504,NO,Fabaceae,Swartzia tomentifera (Ducke) Ducke,Swartzia,tomentifera,0,0,0,0,0,,0,2011-10-19,2011,25.469338709677423,180.82999999999998,Swartzia,Ingeniero del Suelo - Fijador N
29689,10,Bosque de Tierra Firme,TF1,1a,506,NO,Apocynaceae,Aspidosperma nitidum Benth. ex Müll.Arg.,Aspidosperma,nitidum,0,0,0,0,0,,0,2011-10-19,2011,25.469338709677423,180.82999999999998,Aspidosperma,Caja Fuerte - Maderable
29695,10,Bosque de Tierra Firme,TF1,1b,512,NO,Sapotaceae,Pouteria procera (Mart.) K.Hammer,Pouteria,procera,0,0,0,0,0,,0,2011-10-19,2011,25.469338709677423,180.82999999999998,Pouteria,Estrella Comercial - Frutal
29696,10,Bosque de Tierra Firme,TF1,1b,513,NO,Euphorbiaceae,Croton sp.,Croton,sp,2,0,0,0,0,,1,2011-10-19,2011,25.469338709677423,180.82999999999998,Croton,Estrella Comercial - Industrial
29708,10,Bosque de Tierra Firme,TF1,2b,528,NO,Fabaceae,Erythrina ulei Harms,Erythrina,ulei,0,0,0,0,0,,0,2011-10-19,2011,25.469338709677423,180.82999999999998,Erythrina,Ingeniero del Suelo - Fijador N
29709,10,Bosque de Tierra Firme,TF1,2b,529,NO,Fabaceae,Erythrina ulei Harms,Erythrina,ulei,0,0,0,0,3,,0,2011-10-19,2011,25.469338709677423,180.82999999999998,Erythrina,Ingeniero del Suelo - Fijador N
29721,10,Bosque de Tierra Firme,TF1,3b,547,NO,Fabaceae,Erythrina ulei Harms,Erythrina,ulei,0,0,0,0,0,desfoliado,0,2011-10-19,2011,25.469338709677423,180.82999999999998,Erythrina,Ingeniero del Suelo - Fijador N
29729,10,Bosque de Tierra Firme,TF1,4b,559,NO,Sapotaceae,Pouteria pariry (Ducke) Baehni,Pouteria,pariry,0,0,0,0,0,,0,2011-10-19,2011,25.469338709677423,180.82999999999998,Pouteria,Estrella Comercial - Frutal
29730,10,Bosque de Tierra Firme,TF1,4b,560,NO,Fabaceae,Erythrina ulei Harms,Erythrina,ulei,0,0,0,0,0,desfoliado,0,2011-10-19,2011,25.469338709677423,180.82999999999998,Erythrina,Ingeniero del Suelo - Fijador N
29734,10,Bosque de Tierra Firme,TF1,5a,564,NO,Fabaceae,Hymenaea courbaril L.,Hymenaea,courbaril,0,0,0,0,0,,0,2011-10-19,2011,25.469338709677423,180.82999999999998,Hymenaea,Estrella Comercial - Frutal
29746,10,Bosque de Tierra Firme,TF1,6a,580,NO,Sapotaceae,Pouteria sp. 3,Pouteria,sp,0,0,2,0,0,,1,2011-10-19,2011,25.469338709677423,180.82999999999998,Pouteria,Estrella Comercial - Frutal
29747,10,Bosque de Tierra Firme,TF1,6a,581,NO,Fabaceae,Swartzia myrtifolia Sm.,Swartzia,myrtifolia,0,0,0,0,0,,0,2011-10-19,2011,25.469338709677423,180.82999999999998,Swartzia,Ingeniero del Suelo - Fijador N
29750,10,Bosque de Tierra Firme,TF1,6b,589,NO,Fabaceae,Hymenaea courbaril L.,Hymenaea,courbaril,0,0,0,3,0,,1,2011-10-19,2011,25.469338709677423,180.82999999999998,Hymenaea,Estrella Comercial - Frutal
29769,10,Bosque de Tierra Firme,TF2,1b,614,NO,Fabaceae,Copaifera reticulata Ducke,Copaifera,reticulata,0,0,0,0,0,,0,2011-10-19,2011,25.469338709677423,180.82999999999998,Copaifera,Estrella Comercial - Industrial
29772,10,Bosque de Tierra Firme,TF2,1b,617,NO,Sapotaceae,Pouteria sp. 2,Pouteria,sp,0,0,0,0,0,,0,2011-10-19,2011,25.469338709677423,180.82999999999998,Pouteria,Estrella Comercial - Frutal
29776,10,Bosque de Tierra Firme,TF2,1b,624,NO,Euphorbiaceae,Hevea guianensis Aubl.,Hevea,guianensis,0,0,0,0,0,,0,2011-10-19,2011,25.469338709677423,180.82999999999998,Hevea,Estrella Comercial - Industrial
29780,10,Bosque de Tierra Firme,TF2,2a,629,NO,Euphorbiaceae,Hevea guianensis Aubl.,Hevea,guianensis,0,0,0,0,0,,0,2011-10-19,2011,25.469338709677423,180.82999999999998,Hevea,Estrella Comercial - Industrial
29787,10,Bosque de Tierra Firme,TF2,2b,638,NO,Moraceae,Brosimum rubescens Taub.,Brosimum,rubescens,0,0,0,0,0,,0,2011-10-19,2011,25.469338709677423,180.82999999999998,Brosimum,Caja Fuerte - Maderable
29792,10,Bosque de Tierra Firme,TF2,3a,648,NO,Sapotaceae,Pouteria torta (Mart.) Radlk.,Pouteria,torta,0,0,0,0,0,,0,2011-10-19,2011,25.469338709677423,180.82999999999998,Pouteria,Estrella Comercial - Frutal
29797,10,Bosque de Tierra Firme,TF2,3b,654,NO,Fabaceae,Inga sapindoides Willd.,Inga,sapindoides,0,0,0,0,0,,0,2011-10-19,2011,25.469338709677423,180.82999999999998,Inga,Ingeniero del Suelo - Fijador N
29802,10,Bosque de Tierra Firme,TF2,4a,661,NO,Euphorbiaceae,Hevea guianensis Aubl.,Hevea,guianensis,0,0,1,0,0,,1,2011-10-19,2011,25.469338709677423,180.82999999999998,Hevea,Estrella Comercial - Industrial
29808,10,Bosque de Tierra Firme,TF2,4a,669,NO,Fabaceae,Tachigali vasquezii Pipoly,Tachigali,vasquezii,0,0,0,0,0,,0,2011-10-19,2011,25.469338709677423,180.82999999999998,Tachigali,Ingeniero del Suelo - Fijador N
29817,10,Bosque de Tierra Firme,TF2,4b,681,NO,Malvaceae,Theobroma speciosum Willd. ex Spreng.,Theobroma,speciosum,0,0,0,0,0,,0,2011-10-19,2011,25.469338709677423,180.82999999999998,Theobroma,Estrella Comercial - Frutal
29823,10,Bosque de Tierra Firme,TF2,4b,687,NO,Urticaceae,Cecropia sciadophylla Mart.,Cecropia,sciadophylla,0,0,0,0,0,,0,2011-10-19,2011,25.469338709677423,180.82999999999998,Cecropia,Ingeniero del Suelo - Pionera
29831,10,Bosque de Tierra Firme,TF2,5a,695,NO,Arecaceae,Bactris gasipaes Kunth,Bactris,gasipaes,0,0,0,0,0,,0,2011-10-19,2011,25.469338709677423,180.82999999999998,Bactris,Estrella Comercial - Frutal
29834,10,Bosque de Tierra Firme,TF2,5a,698,NO,Meliaceae,Cedrela fissilis Vell.,Cedrela,fissilis,0,0,0,0,0,desfoliado,0,2011-10-19,2011,25.469338709677423,180.82999999999998,Cedrela,Caja Fuerte - Maderable
29854,10,Bosque de Tierra Firme,TF3,1b,721,NO,Moraceae,Brosimum rubescens Taub.,Brosimum,rubescens,0,0,0,0,0,,0,2011-10-22,2011,25.469338709677423,180.82999999999998,Brosimum,Caja Fuerte - Maderable
29874,10,Bosque de Tierra Firme,TF3,2b,746,NO,Euphorbiaceae,Hevea guianensis Aubl.,Hevea,guianensis,0,0,0,0,0,hojas nuevas,0,2011-10-22,2011,25.469338709677423,180.82999999999998,Hevea,Estrella Comercial - Industrial
29876,10,Bosque de Tierra Firme,TF3,2b,749,NO,Fabaceae,Cedrelinga catenaeformis (Ducke) Ducke,Cedrelinga,catenaeformis,0,0,0,0,0,,0,2011-10-22,2011,25.469338709677423,180.82999999999998,Cedrelinga,Caja Fuerte - Maderable / Fijador N
29879,10,Bosque de Tierra Firme,TF3,3a,756,NO,Fabaceae,Inga alba (Sw.) Willd.,Inga,alba,0,0,0,0,0,,0,2011-10-22,2011,25.469338709677423,180.82999999999998,Inga,Ingeniero del Suelo - Fijador N
29886,10,Bosque de Tierra Firme,TF3,4a,765,NO,Apocynaceae,Aspidosperma vargasii A.DC.,Aspidosperma,vargasii,0,0,0,0,0,,0,2011-10-22,2011,25.469338709677423,180.82999999999998,Aspidosperma,Caja Fuerte - Maderable
29895,10,Bosque de Tierra Firme,TF3,4b,777,NO,Euphorbiaceae,Hevea guianensis Aubl.,Hevea,guianensis,0,0,1,0,0,hojas nuevas,1,2011-10-22,2011,25.469338709677423,180.82999999999998,Hevea,Estrella Comercial - Industrial
29900,10,Bosque de Tierra Firme,TF3,5a,785,NO,Fabaceae,Copaifera reticulata Ducke,Copaifera,reticulata,0,0,0,0,0,desfoliando,0,2011-10-22,2011,25.469338709677423,180.82999999999998,Copaifera,Estrella Comercial - Industrial
29904,10,Bosque de Tierra Firme,TF3,5a,790,NO,Euphorbiaceae,Hevea guianensis Aubl.,Hevea,guianensis,0,0,1,0,0,,1,2011-10-22,2011,25.469338709677423,180.82999999999998,Hevea,Estrella Comercial - Industrial
29909,10,Bosque de Tierra Firme,TF3,5b,796,NO,Fabaceae,Copaifera reticulata Ducke,Copaifera,reticulata,0,0,0,0,0,hojas nuevas,0,2011-10-22,2011,25.469338709677423,180.82999999999998,Copaifera,Estrella Comercial - Industrial
29917,10,Bosque de Tierra Firme,TF4,1a,807,NO,Euphorbiaceae,Hevea guianensis Aubl.,Hevea,guianensis,0,0,0,0,0,hojas nuevas,0,2011-10-22,2011,25.469338709677423,180.82999999999998,Hevea,Estrella Comercial - Industrial
29921,10,Bosque de Tierra Firme,TF4,1a,811,NO,Euphorbiaceae,Hevea guianensis Aubl.,Hevea,guianensis,0,0,0,0,0,,0,2011-10-22,2011,25.469338709677423,180.82999999999998,Hevea,Estrella Comercial - Industrial
29927,10,Bosque de Tierra Firme,TF4,1b,817,NO,Sapotaceae,Pouteria pariry (Ducke) Baehni,Pouteria,pariry,0,0,3,0,0,,1,2011-10-22,2011,25.469338709677423,180.82999999999998,Pouteria,Estrella Comercial - Frutal
29930,10,Bosque de Tierra Firme,TF4,1b,820,NO,Olacaceae,Aptandra tubicina (Poepp.) Benth. ex Miers,Aptandra,tubicina,0,0,0,0,0,,0,2011-10-22,2011,25.469338709677423,180.82999999999998,Aptandra,Ingeniero del Suelo - Pionera
29947,10,Bosque de Tierra Firme,TF4,2a,840,NO,Fabaceae,Inga stipularis DC.,Inga,stipularis,0,0,0,0,0,,0,2011-10-22,2011,25.469338709677423,180.82999999999998,Inga,Ingeniero del Suelo - Fijador N
29967,10,Bosque de Tierra Firme,TF4,3a,867,NO,Fabaceae,Inga punctata Willd.,Inga,punctata,0,0,0,0,0,,0,2011-10-22,2011,25.469338709677423,180.82999999999998,Inga,Ingeniero del Suelo - Fijador N
29975,10,Bosque de Tierra Firme,TF4,3a,876,NO,Bignonaceae,Jacaranda copaia (Aubl.) D.Don,Jacaranda,copaia,0,0,0,0,0,,0,2011-10-22,2011,25.469338709677423,180.82999999999998,Jacaranda,Ingeniero del Suelo - Pionera
29983,10,Bosque de Tierra Firme,TF4,3b,884,NO,Apocynaceae,Aspidosperma nitidum Benth. ex Müll.Arg.,Aspidosperma,nitidum,0,0,0,0,0,,0,2011-10-22,2011,25.469338709677423,180.82999999999998,Aspidosperma,Caja Fuerte - Maderable
29999,10,Bosque de Tierra Firme,TF5,1a,903,NO,Sapotaceae,Pouteria procera (Mart.) K.Hammer,Pouteria,procera,0,0,0,0,0,,0,2011-10-17,2011,25.469338709677423,180.82999999999998,Pouteria,Estrella Comercial - Frutal
30005,10,Bosque de Tierra Firme,TF5,1a,911,NO,Fabaceae,Inga auristellae Harms,Inga,auristellae,0,0,2,1,0,,1,2011-10-17,2011,25.469338709677423,180.82999999999998,Inga,Ingeniero del Suelo - Fijador N
30008,10,Bosque de Tierra Firme,TF5,1b,915,NO,Fabaceae,Inga sp. 2,Inga,sp,0,0,0,0,0,,0,2011-10-17,2011,25.469338709677423,180.82999999999998,Inga,Ingeniero del Suelo - Fijador N
30011,10,Bosque de Tierra Firme,TF5,1b,918,NO,Fabaceae,Inga cordistipula Mart.,Inga,cordistipula,0,0,0,0,0,,0,2011-10-17,2011,25.469338709677423,180.82999999999998,Inga,Ingeniero del Suelo - Fijador N
30015,10,Bosque de Tierra Firme,TF5,2a,923,NO,Malvaceae,Theobroma speciosum Willd. ex Spreng.,Theobroma,speciosum,0,0,0,0,0,,0,2011-10-17,2011,25.469338709677423,180.82999999999998,Theobroma,Estrella Comercial - Frutal
30020,10,Bosque de Tierra Firme,TF5,2a,930,NO,Apocynaceae,Aspidosperma rigidum Rusby,Aspidosperma,rigidum,3,4,0,0,0,hojas nuevas,1,2011-10-17,2011,25.469338709677423,180.82999999999998,Aspidosperma,Caja Fuerte - Maderable
30022,10,Bosque de Tierra Firme,TF5,2b,934,NO,Fabaceae,Dipteryx micrantha Harms,Dipteryx,micrantha,0,0,0,0,0,hojas nuevas,0,2011-10-17,2011,25.469338709677423,180.82999999999998,Dipteryx,Estrella Comercial - Industrial
30030,10,Bosque de Tierra Firme,TF5,3a,942,NO,Fabaceae,Inga edulis Mart.,Inga,edulis,0,0,2,0,0,,1,2011-10-17,2011,25.469338709677423,180.82999999999998,Inga,Ingeniero del Suelo - Fijador N
30034,10,Bosque de Tierra Firme,TF5,3a,946,NO,Fabaceae,Inga sp. 2,Inga,sp,0,0,0,2,1,,1,2011-10-17,2011,25.469338709677423,180.82999999999998,Inga,Ingeniero del Suelo - Fijador N
30042,10,Bosque de Tierra Firme,TF5,3b,959,NO,Fabaceae,Inga sp. 2,Inga,sp,0,0,2,0,0,,1,2011-10-17,2011,25.469338709677423,180.82999999999998,Inga,Ingeniero del Suelo - Fijador N
30049,10,Bosque de Tierra Firme,TF5,4a,970,NO,Sapotaceae,Pouteria procera (Mart.) K.Hammer,Pouteria,procera,0,0,4,0,0,,1,2011-10-17,2011,25.469338709677423,180.82999999999998,Pouteria,Estrella Comercial - Frutal
30057,10,Bosque de Tierra Firme,TF5,4b,983,NO,Bignonaceae,Jacaranda copaia subsp. spectabilis (Mart. ex DC.) A.H.Gentry,Jacaranda,copaia subsp. spectabilis,0,0,0,0,0,desfoliado,0,2011-10-17,2011,25.469338709677423,180.82999999999998,Jacaranda,Ingeniero del Suelo - Pionera
30060,10,Bosque de Tierra Firme,TF5,4b,986,NO,Sapotaceae,Pouteria tarapotensis (Eichler ex Pierre) Baehni,Pouteria,tarapotensis,0,0,2,0,0,,1,2011-10-17,2011,25.469338709677423,180.82999999999998,Pouteria,Estrella Comercial - Frutal
30062,10,Bosque de Tierra Firme,TF5,4b,988,NO,Moraceae,Brosimum acutifolium subsp. obovatum (Ducke) C.C.Berg,Brosimum,acutifolium subsp. obovatum,0,0,0,0,0,,0,2011-10-17,2011,25.469338709677423,180.82999999999998,Brosimum,Caja Fuerte - Maderable
30064,10,Bosque de Tierra Firme,TF5,4b,990,NO,Sapotaceae,Pouteria tarapotensis (Eichler ex Pierre) Baehni,Pouteria,tarapotensis,0,0,3,0,0,,1,2011-10-17,2011,25.469338709677423,180.82999999999998,Pouteria,Estrella Comercial - Frutal
30072,10,Bosque de Tierra Firme,TF5,5a,994A,NO,Apocynaceae,Aspidosperma rigidum Rusby,Aspidosperma,rigidum,0,0,0,0,0,desfoliado,0,2011-10-17,2011,25.469338709677423,180.82999999999998,Aspidosperma,Caja Fuerte - Maderable
30075,10,Bosque de Tierra Firme,TF5,5b,998,NO,Fabaceae,Swartzia myrtifolia Sm.,Swartzia,myrtifolia,0,0,0,0,0,,0,2011-10-17,2011,25.469338709677423,180.82999999999998,Swartzia,Ingeniero del Suelo - Fijador N
30079,10,Bosque de Tierra Firme,TF5,5b,958A,NO,Apocynaceae,Aspidosperma vargasii A.DC.,Aspidosperma,vargasii,0,0,0,0,0,desfoliado,0,2011-10-17,2011,25.469338709677423,180.82999999999998,Aspidosperma,Caja Fuerte - Maderable
31021,11,Bosque de Tierra Firme,TF1,1a,501,NO,Fabaceae,Swartzia myrtifolia Sm.,Swartzia,myrtifolia,0,0,0,0,0,,0,2011-11-21,2011,25.55575,288.42,Swartzia,Ingeniero del Suelo - Fijador N
31024,11,Bosque de Tierra Firme,TF1,1a,504,NO,Fabaceae,Swartzia tomentifera (Ducke) Ducke,Swartzia,tomentifera,0,0,2,0,2,hojas nuevas,1,2011-11-21,2011,25.55575,288.42,Swartzia,Ingeniero del Suelo - Fijador N
31026,11,Bosque de Tierra Firme,TF1,1a,506,NO,Apocynaceae,Aspidosperma nitidum Benth. ex Müll.Arg.,Aspidosperma,nitidum,0,0,0,0,0,,0,2011-11-21,2011,25.55575,288.42,Aspidosperma,Caja Fuerte - Maderable
31032,11,Bosque de Tierra Firme,TF1,1b,512,NO,Sapotaceae,Pouteria procera (Mart.) K.Hammer,Pouteria,procera,0,0,0,0,0,,0,2011-11-21,2011,25.55575,288.42,Pouteria,Estrella Comercial - Frutal
31033,11,Bosque de Tierra Firme,TF1,1b,513,NO,Euphorbiaceae,Croton sp.,Croton,sp,0,4,0,0,0,,1,2011-11-21,2011,25.55575,288.42,Croton,Estrella Comercial - Industrial
31045,11,Bosque de Tierra Firme,TF1,2b,528,NO,Fabaceae,Erythrina ulei Harms,Erythrina,ulei,0,0,0,0,0,desfoliado,0,2011-11-21,2011,25.55575,288.42,Erythrina,Ingeniero del Suelo - Fijador N
31046,11,Bosque de Tierra Firme,TF1,2b,529,NO,Fabaceae,Erythrina ulei Harms,Erythrina,ulei,0,0,0,0,0,desfoliado,0,2011-11-21,2011,25.55575,288.42,Erythrina,Ingeniero del Suelo - Fijador N
31058,11,Bosque de Tierra Firme,TF1,3b,547,NO,Fabaceae,Erythrina ulei Harms,Erythrina,ulei,0,0,0,0,0,,0,2011-11-21,2011,25.55575,288.42,Erythrina,Ingeniero del Suelo - Fijador N
31066,11,Bosque de Tierra Firme,TF1,4b,559,NO,Sapotaceae,Pouteria pariry (Ducke) Baehni,Pouteria,pariry,0,0,0,0,0,,0,2011-11-21,2011,25.55575,288.42,Pouteria,Estrella Comercial - Frutal
31067,11,Bosque de Tierra Firme,TF1,4b,560,NO,Fabaceae,Erythrina ulei Harms,Erythrina,ulei,0,0,0,0,0,desfoliado,0,2011-11-21,2011,25.55575,288.42,Erythrina,Ingeniero del Suelo - Fijador N
31071,11,Bosque de Tierra Firme,TF1,5a,564,NO,Fabaceae,Hymenaea courbaril L.,Hymenaea,courbaril,0,0,1,0,0,,1,2011-11-21,2011,25.55575,288.42,Hymenaea,Estrella Comercial - Frutal
31083,11,Bosque de Tierra Firme,TF1,6a,580,NO,Sapotaceae,Pouteria sp. 3,Pouteria,sp,0,0,0,1,0,,1,2011-11-21,2011,25.55575,288.42,Pouteria,Estrella Comercial - Frutal
31084,11,Bosque de Tierra Firme,TF1,6a,581,NO,Fabaceae,Swartzia myrtifolia Sm.,Swartzia,myrtifolia,0,0,0,0,0,,0,2011-11-21,2011,25.55575,288.42,Swartzia,Ingeniero del Suelo - Fijador N
31087,11,Bosque de Tierra Firme,TF1,6b,589,NO,Fabaceae,Hymenaea courbaril L.,Hymenaea,courbaril,3,0,0,0,0,,1,2011-11-21,2011,25.55575,288.42,Hymenaea,Estrella Comercial - Frutal
31106,11,Bosque de Tierra Firme,TF2,1b,614,NO,Fabaceae,Copaifera reticulata Ducke,Copaifera,reticulata,0,0,0,0,0,,0,2011-11-21,2011,25.55575,288.42,Copaifera,Estrella Comercial - Industrial
31109,11,Bosque de Tierra Firme,TF2,1b,617,NO,Sapotaceae,Pouteria sp. 2,Pouteria,sp,0,0,0,0,0,,0,2011-11-21,2011,25.55575,288.42,Pouteria,Estrella Comercial - Frutal
31113,11,Bosque de Tierra Firme,TF2,1b,624,NO,Euphorbiaceae,Hevea guianensis Aubl.,Hevea,guianensis,0,0,0,0,0,,0,2011-11-21,2011,25.55575,288.42,Hevea,Estrella Comercial - Industrial
31117,11,Bosque de Tierra Firme,TF2,2a,629,NO,Euphorbiaceae,Hevea guianensis Aubl.,Hevea,guianensis,0,0,0,0,0,,0,2011-11-21,2011,25.55575,288.42,Hevea,Estrella Comercial - Industrial
31124,11,Bosque de Tierra Firme,TF2,2b,638,NO,Moraceae,Brosimum rubescens Taub.,Brosimum,rubescens,0,0,0,0,0,,0,2011-11-21,2011,25.55575,288.42,Brosimum,Caja Fuerte - Maderable
31129,11,Bosque de Tierra Firme,TF2,3a,648,NO,Sapotaceae,Pouteria torta (Mart.) Radlk.,Pouteria,torta,0,0,0,0,0,,0,2011-11-21,2011,25.55575,288.42,Pouteria,Estrella Comercial - Frutal
31134,11,Bosque de Tierra Firme,TF2,3b,654,NO,Fabaceae,Inga sapindoides Willd.,Inga,sapindoides,0,0,0,0,0,,0,2011-11-21,2011,25.55575,288.42,Inga,Ingeniero del Suelo - Fijador N
31139,11,Bosque de Tierra Firme,TF2,4a,661,NO,Euphorbiaceae,Hevea guianensis Aubl.,Hevea,guianensis,0,0,0,0,0,,0,2011-11-21,2011,25.55575,288.42,Hevea,Estrella Comercial - Industrial
31145,11,Bosque de Tierra Firme,TF2,4a,669,NO,Fabaceae,Tachigali vasquezii Pipoly,Tachigali,vasquezii,0,0,0,0,0,,0,2011-11-21,2011,25.55575,288.42,Tachigali,Ingeniero del Suelo - Fijador N
31154,11,Bosque de Tierra Firme,TF2,4b,681,NO,Malvaceae,Theobroma speciosum Willd. ex Spreng.,Theobroma,speciosum,0,0,0,0,0,,0,2011-11-21,2011,25.55575,288.42,Theobroma,Estrella Comercial - Frutal
31160,11,Bosque de Tierra Firme,TF2,4b,687,NO,Urticaceae,Cecropia sciadophylla Mart.,Cecropia,sciadophylla,0,0,0,0,0,desfoliado,0,2011-11-21,2011,25.55575,288.42,Cecropia,Ingeniero del Suelo - Pionera
31168,11,Bosque de Tierra Firme,TF2,5a,695,NO,Arecaceae,Bactris gasipaes Kunth,Bactris,gasipaes,0,0,0,0,0,,0,2011-11-21,2011,25.55575,288.42,Bactris,Estrella Comercial - Frutal
31171,11,Bosque de Tierra Firme,TF2,5a,698,NO,Meliaceae,Cedrela fissilis Vell.,Cedrela,fissilis,0,0,0,0,0,desfoliado,0,2011-11-21,2011,25.55575,288.42,Cedrela,Caja Fuerte - Maderable
31191,11,Bosque de Tierra Firme,TF3,1b,721,NO,Moraceae,Brosimum rubescens Taub.,Brosimum,rubescens,0,0,0,0,0,,0,2011-11-23,2011,25.55575,288.42,Brosimum,Caja Fuerte - Maderable
31211,11,Bosque de Tierra Firme,TF3,2b,746,NO,Euphorbiaceae,Hevea guianensis Aubl.,Hevea,guianensis,0,0,0,0,0,,0,2011-11-23,2011,25.55575,288.42,Hevea,Estrella Comercial - Industrial
31213,11,Bosque de Tierra Firme,TF3,2b,749,NO,Fabaceae,Cedrelinga catenaeformis (Ducke) Ducke,Cedrelinga,catenaeformis,0,0,0,0,0,,0,2011-11-23,2011,25.55575,288.42,Cedrelinga,Caja Fuerte - Maderable / Fijador N
31216,11,Bosque de Tierra Firme,TF3,3a,756,NO,Fabaceae,Inga alba (Sw.) Willd.,Inga,alba,0,0,0,0,0,,0,2011-11-23,2011,25.55575,288.42,Inga,Ingeniero del Suelo - Fijador N
31223,11,Bosque de Tierra Firme,TF3,4a,765,NO,Apocynaceae,Aspidosperma vargasii A.DC.,Aspidosperma,vargasii,0,0,0,0,0,,0,2011-11-23,2011,25.55575,288.42,Aspidosperma,Caja Fuerte - Maderable
31232,11,Bosque de Tierra Firme,TF3,4b,777,NO,Euphorbiaceae,Hevea guianensis Aubl.,Hevea,guianensis,0,0,1,0,0,,1,2011-11-23,2011,25.55575,288.42,Hevea,Estrella Comercial - Industrial
31237,11,Bosque de Tierra Firme,TF3,5a,785,NO,Fabaceae,Copaifera reticulata Ducke,Copaifera,reticulata,0,0,0,0,0,,0,2011-11-23,2011,25.55575,288.42,Copaifera,Estrella Comercial - Industrial
31241,11,Bosque de Tierra Firme,TF3,5a,790,NO,Euphorbiaceae,Hevea guianensis Aubl.,Hevea,guianensis,0,0,1,0,0,,1,2011-11-23,2011,25.55575,288.42,Hevea,Estrella Comercial - Industrial
31246,11,Bosque de Tierra Firme,TF3,5b,796,NO,Fabaceae,Copaifera reticulata Ducke,Copaifera,reticulata,0,0,0,0,0,,0,2011-11-23,2011,25.55575,288.42,Copaifera,Estrella Comercial - Industrial
31254,11,Bosque de Tierra Firme,TF4,1a,807,NO,Euphorbiaceae,Hevea guianensis Aubl.,Hevea,guianensis,0,0,0,0,0,,0,2011-11-23,2011,25.55575,288.42,Hevea,Estrella Comercial - Industrial
31258,11,Bosque de Tierra Firme,TF4,1a,811,NO,Euphorbiaceae,Hevea guianensis Aubl.,Hevea,guianensis,0,0,0,0,0,,0,2011-11-23,2011,25.55575,288.42,Hevea,Estrella Comercial - Industrial
31264,11,Bosque de Tierra Firme,TF4,1b,817,NO,Sapotaceae,Pouteria pariry (Ducke) Baehni,Pouteria,pariry,0,0,2,1,1,,1,2011-11-23,2011,25.55575,288.42,Pouteria,Estrella Comercial - Frutal
31267,11,Bosque de Tierra Firme,TF4,1b,820,NO,Olacaceae,Aptandra tubicina (Poepp.) Benth. ex Miers,Aptandra,tubicina,0,0,0,0,0,,0,2011-11-23,2011,25.55575,288.42,Aptandra,Ingeniero del Suelo - Pionera
31284,11,Bosque de Tierra Firme,TF4,2a,840,NO,Fabaceae,Inga stipularis DC.,Inga,stipularis,0,0,0,0,0,,0,2011-11-23,2011,25.55575,288.42,Inga,Ingeniero del Suelo - Fijador N
31304,11,Bosque de Tierra Firme,TF4,3a,867,NO,Fabaceae,Inga punctata Willd.,Inga,punctata,0,0,0,0,0,,0,2011-11-23,2011,25.55575,288.42,Inga,Ingeniero del Suelo - Fijador N
31312,11,Bosque de Tierra Firme,TF4,3a,876,NO,Bignonaceae,Jacaranda copaia (Aubl.) D.Don,Jacaranda,copaia,0,0,0,0,0,,0,2011-11-23,2011,25.55575,288.42,Jacaranda,Ingeniero del Suelo - Pionera
31320,11,Bosque de Tierra Firme,TF4,3b,884,NO,Apocynaceae,Aspidosperma nitidum Benth. ex Müll.Arg.,Aspidosperma,nitidum,0,0,0,0,0,,0,2011-11-23,2011,25.55575,288.42,Aspidosperma,Caja Fuerte - Maderable
31336,11,Bosque de Tierra Firme,TF5,1a,903,NO,Sapotaceae,Pouteria procera (Mart.) K.Hammer,Pouteria,procera,0,0,0,0,0,,0,2011-11-20,2011,25.55575,288.42,Pouteria,Estrella Comercial - Frutal
31342,11,Bosque de Tierra Firme,TF5,1a,911,NO,Fabaceae,Inga auristellae Harms,Inga,auristellae,0,0,1,1,0,,1,2011-11-20,2011,25.55575,288.42,Inga,Ingeniero del Suelo - Fijador N
31345,11,Bosque de Tierra Firme,TF5,1b,915,NO,Fabaceae,Inga sp. 2,Inga,sp,0,0,0,0,0,,0,2011-11-20,2011,25.55575,288.42,Inga,Ingeniero del Suelo - Fijador N
31348,11,Bosque de Tierra Firme,TF5,1b,918,NO,Fabaceae,Inga cordistipula Mart.,Inga,cordistipula,0,0,0,0,0,,0,2011-11-20,2011,25.55575,288.42,Inga,Ingeniero del Suelo - Fijador N
31352,11,Bosque de Tierra Firme,TF5,2a,923,NO,Malvaceae,Theobroma speciosum Willd. ex Spreng.,Theobroma,speciosum,0,0,0,0,0,,0,2011-11-20,2011,25.55575,288.42,Theobroma,Estrella Comercial - Frutal
31357,11,Bosque de Tierra Firme,TF5,2a,930,NO,Apocynaceae,Aspidosperma rigidum Rusby,Aspidosperma,rigidum,0,0,0,0,0,,0,2011-11-20,2011,25.55575,288.42,Aspidosperma,Caja Fuerte - Maderable
31359,11,Bosque de Tierra Firme,TF5,2b,934,NO,Fabaceae,Dipteryx micrantha Harms,Dipteryx,micrantha,0,0,0,0,0,hojas nuevas,0,2011-11-20,2011,25.55575,288.42,Dipteryx,Estrella Comercial - Industrial
31367,11,Bosque de Tierra Firme,TF5,3a,942,NO,Fabaceae,Inga edulis Mart.,Inga,edulis,0,0,1,1,0,,1,2011-11-20,2011,25.55575,288.42,Inga,Ingeniero del Suelo - Fijador N
31371,11,Bosque de Tierra Firme,TF5,3a,946,NO,Fabaceae,Inga sp. 2,Inga,sp,0,0,1,1,0,,1,2011-11-20,2011,25.55575,288.42,Inga,Ingeniero del Suelo - Fijador N
31379,11,Bosque de Tierra Firme,TF5,3b,959,NO,Fabaceae,Inga sp. 2,Inga,sp,0,0,1,1,0,,1,2011-11-20,2011,25.55575,288.42,Inga,Ingeniero del Suelo - Fijador N
31386,11,Bosque de Tierra Firme,TF5,4a,970,NO,Sapotaceae,Pouteria procera (Mart.) K.Hammer,Pouteria,procera,0,0,4,0,0,,1,2011-11-20,2011,25.55575,288.42,Pouteria,Estrella Comercial - Frutal
31394,11,Bosque de Tierra Firme,TF5,4b,983,NO,Bignonaceae,Jacaranda copaia subsp. spectabilis (Mart. ex DC.) A.H.Gentry,Jacaranda,copaia subsp. spectabilis,0,0,0,0,0,desfoliado,0,2011-11-20,2011,25.55575,288.42,Jacaranda,Ingeniero del Suelo - Pionera
31397,11,Bosque de Tierra Firme,TF5,4b,986,NO,Sapotaceae,Pouteria tarapotensis (Eichler ex Pierre) Baehni,Pouteria,tarapotensis,0,0,3,0,0,,1,2011-11-20,2011,25.55575,288.42,Pouteria,Estrella Comercial - Frutal
31399,11,Bosque de Tierra Firme,TF5,4b,988,NO,Moraceae,Brosimum acutifolium subsp. obovatum (Ducke) C.C.Berg,Brosimum,acutifolium subsp. obovatum,0,0,0,0,0,,0,2011-11-20,2011,25.55575,288.42,Brosimum,Caja Fuerte - Maderable
31401,11,Bosque de Tierra Firme,TF5,4b,990,NO,Sapotaceae,Pouteria tarapotensis (Eichler ex Pierre) Baehni,Pouteria,tarapotensis,0,0,4,0,0,,1,2011-11-20,2011,25.55575,288.42,Pouteria,Estrella Comercial - Frutal
31409,11,Bosque de Tierra Firme,TF5,5a,994A,NO,Apocynaceae,Aspidosperma rigidum Rusby,Aspidosperma,rigidum,0,0,0,0,0,,0,2011-11-20,2011,25.55575,288.42,Aspidosperma,Caja Fuerte - Maderable
31412,11,Bosque de Tierra Firme,TF5,5b,998,NO,Fabaceae,Swartzia myrtifolia Sm.,Swartzia,myrtifolia,0,0,0,0,0,,0,2011-11-20,2011,25.55575,288.42,Swartzia,Ingeniero del Suelo - Fijador N
31416,11,Bosque de Tierra Firme,TF5,5b,958A,NO,Apocynaceae,Aspidosperma vargasii A.DC.,Aspidosperma,vargasii,0,0,0,0,0,,0,2011-11-20,2011,25.55575,288.42,Aspidosperma,Caja Fuerte - Maderable
32358,12,Bosque de Tierra Firme,TF1,1a,501,NO,Fabaceae,Swartzia myrtifolia Sm.,Swartzia,myrtifolia,0,0,0,0,0,,0,2011-12-19,2011,25.455354838709678,318.56999999999994,Swartzia,Ingeniero del Suelo - Fijador N
32361,12,Bosque de Tierra Firme,TF1,1a,504,NO,Fabaceae,Swartzia tomentifera (Ducke) Ducke,Swartzia,tomentifera,0,0,0,0,0,,0,2011-12-19,2011,25.455354838709678,318.56999999999994,Swartzia,Ingeniero del Suelo - Fijador N
32363,12,Bosque de Tierra Firme,TF1,1a,506,NO,Apocynaceae,Aspidosperma nitidum Benth. ex Müll.Arg.,Aspidosperma,nitidum,0,0,0,0,0,,0,2011-12-19,2011,25.455354838709678,318.56999999999994,Aspidosperma,Caja Fuerte - Maderable
32369,12,Bosque de Tierra Firme,TF1,1b,512,NO,Sapotaceae,Pouteria procera (Mart.) K.Hammer,Pouteria,procera,0,0,0,0,0,,0,2011-12-19,2011,25.455354838709678,318.56999999999994,Pouteria,Estrella Comercial - Frutal
32370,12,Bosque de Tierra Firme,TF1,1b,513,NO,Euphorbiaceae,Croton sp.,Croton,sp,2,1,2,0,0,,1,2011-12-19,2011,25.455354838709678,318.56999999999994,Croton,Estrella Comercial - Industrial
32382,12,Bosque de Tierra Firme,TF1,2b,528,NO,Fabaceae,Erythrina ulei Harms,Erythrina,ulei,0,0,0,0,0,desfoliado,0,2011-12-19,2011,25.455354838709678,318.56999999999994,Erythrina,Ingeniero del Suelo - Fijador N
32383,12,Bosque de Tierra Firme,TF1,2b,529,NO,Fabaceae,Erythrina ulei Harms,Erythrina,ulei,0,0,0,0,0,desfoliado,0,2011-12-19,2011,25.455354838709678,318.56999999999994,Erythrina,Ingeniero del Suelo - Fijador N
32395,12,Bosque de Tierra Firme,TF1,3b,547,NO,Fabaceae,Erythrina ulei Harms,Erythrina,ulei,0,0,0,0,0,desfoliado,0,2011-12-19,2011,25.455354838709678,318.56999999999994,Erythrina,Ingeniero del Suelo - Fijador N
32403,12,Bosque de Tierra Firme,TF1,4b,559,NO,Sapotaceae,Pouteria pariry (Ducke) Baehni,Pouteria,pariry,0,0,0,0,0,,0,2011-12-19,2011,25.455354838709678,318.56999999999994,Pouteria,Estrella Comercial - Frutal
32404,12,Bosque de Tierra Firme,TF1,4b,560,NO,Fabaceae,Erythrina ulei Harms,Erythrina,ulei,0,0,0,0,0,hojas nuevas,0,2011-12-19,2011,25.455354838709678,318.56999999999994,Erythrina,Ingeniero del Suelo - Fijador N
32408,12,Bosque de Tierra Firme,TF1,5a,564,NO,Fabaceae,Hymenaea courbaril L.,Hymenaea,courbaril,0,0,1,0,0,,1,2011-12-19,2011,25.455354838709678,318.56999999999994,Hymenaea,Estrella Comercial - Frutal
32420,12,Bosque de Tierra Firme,TF1,6a,580,NO,Sapotaceae,Pouteria sp. 3,Pouteria,sp,0,0,0,0,0,,0,2011-12-19,2011,25.455354838709678,318.56999999999994,Pouteria,Estrella Comercial - Frutal
32421,12,Bosque de Tierra Firme,TF1,6a,581,NO,Fabaceae,Swartzia myrtifolia Sm.,Swartzia,myrtifolia,0,0,0,0,0,,0,2011-12-19,2011,25.455354838709678,318.56999999999994,Swartzia,Ingeniero del Suelo - Fijador N
32424,12,Bosque de Tierra Firme,TF1,6b,589,NO,Fabaceae,Hymenaea courbaril L.,Hymenaea,courbaril,0,0,2,3,0,,1,2011-12-19,2011,25.455354838709678,318.56999999999994,Hymenaea,Estrella Comercial - Frutal
32443,12,Bosque de Tierra Firme,TF2,1b,614,NO,Fabaceae,Copaifera reticulata Ducke,Copaifera,reticulata,0,0,0,0,0,,0,2011-12-19,2011,25.455354838709678,318.56999999999994,Copaifera,Estrella Comercial - Industrial
32446,12,Bosque de Tierra Firme,TF2,1b,617,NO,Sapotaceae,Pouteria sp. 2,Pouteria,sp,0,0,0,0,0,,0,2011-12-19,2011,25.455354838709678,318.56999999999994,Pouteria,Estrella Comercial - Frutal
32450,12,Bosque de Tierra Firme,TF2,1b,624,NO,Euphorbiaceae,Hevea guianensis Aubl.,Hevea,guianensis,0,0,0,0,0,,0,2011-12-19,2011,25.455354838709678,318.56999999999994,Hevea,Estrella Comercial - Industrial
32454,12,Bosque de Tierra Firme,TF2,2a,629,NO,Euphorbiaceae,Hevea guianensis Aubl.,Hevea,guianensis,0,0,0,0,0,,0,2011-12-19,2011,25.455354838709678,318.56999999999994,Hevea,Estrella Comercial - Industrial
32461,12,Bosque de Tierra Firme,TF2,2b,638,NO,Moraceae,Brosimum rubescens Taub.,Brosimum,rubescens,0,0,0,0,0,,0,2011-12-19,2011,25.455354838709678,318.56999999999994,Brosimum,Caja Fuerte - Maderable
32466,12,Bosque de Tierra Firme,TF2,3a,648,NO,Sapotaceae,Pouteria torta (Mart.) Radlk.,Pouteria,torta,0,0,0,0,0,,0,2011-12-19,2011,25.455354838709678,318.56999999999994,Pouteria,Estrella Comercial - Frutal
32471,12,Bosque de Tierra Firme,TF2,3b,654,NO,Fabaceae,Inga sapindoides Willd.,Inga,sapindoides,0,0,0,0,0,,0,2011-12-19,2011,25.455354838709678,318.56999999999994,Inga,Ingeniero del Suelo - Fijador N
32476,12,Bosque de Tierra Firme,TF2,4a,661,NO,Euphorbiaceae,Hevea guianensis Aubl.,Hevea,guianensis,0,0,0,0,0,,0,2011-12-19,2011,25.455354838709678,318.56999999999994,Hevea,Estrella Comercial - Industrial
32482,12,Bosque de Tierra Firme,TF2,4a,669,NO,Fabaceae,Tachigali vasquezii Pipoly,Tachigali,vasquezii,0,0,0,0,0,,0,2011-12-19,2011,25.455354838709678,318.56999999999994,Tachigali,Ingeniero del Suelo - Fijador N
32491,12,Bosque de Tierra Firme,TF2,4b,681,NO,Malvaceae,Theobroma speciosum Willd. ex Spreng.,Theobroma,speciosum,0,0,0,0,0,,0,2011-12-19,2011,25.455354838709678,318.56999999999994,Theobroma,Estrella Comercial - Frutal
32497,12,Bosque de Tierra Firme,TF2,4b,687,NO,Urticaceae,Cecropia sciadophylla Mart.,Cecropia,sciadophylla,0,0,0,0,0,,0,2011-12-19,2011,25.455354838709678,318.56999999999994,Cecropia,Ingeniero del Suelo - Pionera
32505,12,Bosque de Tierra Firme,TF2,5a,695,NO,Arecaceae,Bactris gasipaes Kunth,Bactris,gasipaes,0,0,0,0,0,,0,2011-12-19,2011,25.455354838709678,318.56999999999994,Bactris,Estrella Comercial - Frutal
32508,12,Bosque de Tierra Firme,TF2,5a,698,NO,Meliaceae,Cedrela fissilis Vell.,Cedrela,fissilis,0,0,0,0,0,,0,2011-12-19,2011,25.455354838709678,318.56999999999994,Cedrela,Caja Fuerte - Maderable
32528,12,Bosque de Tierra Firme,TF3,1b,721,NO,Moraceae,Brosimum rubescens Taub.,Brosimum,rubescens,0,0,0,0,0,,0,2011-12-23,2011,25.455354838709678,318.56999999999994,Brosimum,Caja Fuerte - Maderable
32548,12,Bosque de Tierra Firme,TF3,2b,746,NO,Euphorbiaceae,Hevea guianensis Aubl.,Hevea,guianensis,0,0,0,0,0,,0,2011-12-23,2011,25.455354838709678,318.56999999999994,Hevea,Estrella Comercial - Industrial
32550,12,Bosque de Tierra Firme,TF3,2b,749,NO,Fabaceae,Cedrelinga catenaeformis (Ducke) Ducke,Cedrelinga,catenaeformis,0,0,0,0,0,,0,2011-12-23,2011,25.455354838709678,318.56999999999994,Cedrelinga,Caja Fuerte - Maderable / Fijador N
32553,12,Bosque de Tierra Firme,TF3,3a,756,NO,Fabaceae,Inga alba (Sw.) Willd.,Inga,alba,0,0,0,0,0,,0,2011-12-23,2011,25.455354838709678,318.56999999999994,Inga,Ingeniero del Suelo - Fijador N
32560,12,Bosque de Tierra Firme,TF3,4a,765,NO,Apocynaceae,Aspidosperma vargasii A.DC.,Aspidosperma,vargasii,0,0,0,0,0,,0,2011-12-23,2011,25.455354838709678,318.56999999999994,Aspidosperma,Caja Fuerte - Maderable
32569,12,Bosque de Tierra Firme,TF3,4b,777,NO,Euphorbiaceae,Hevea guianensis Aubl.,Hevea,guianensis,0,0,1,0,0,,1,2011-12-23,2011,25.455354838709678,318.56999999999994,Hevea,Estrella Comercial - Industrial
32574,12,Bosque de Tierra Firme,TF3,5a,785,NO,Fabaceae,Copaifera reticulata Ducke,Copaifera,reticulata,0,0,0,0,0,,0,2011-12-23,2011,25.455354838709678,318.56999999999994,Copaifera,Estrella Comercial - Industrial
32578,12,Bosque de Tierra Firme,TF3,5a,790,NO,Euphorbiaceae,Hevea guianensis Aubl.,Hevea,guianensis,0,0,2,0,0,,1,2011-12-23,2011,25.455354838709678,318.56999999999994,Hevea,Estrella Comercial - Industrial
32583,12,Bosque de Tierra Firme,TF3,5b,796,NO,Fabaceae,Copaifera reticulata Ducke,Copaifera,reticulata,0,0,0,0,0,,0,2011-12-23,2011,25.455354838709678,318.56999999999994,Copaifera,Estrella Comercial - Industrial
32591,12,Bosque de Tierra Firme,TF4,1a,807,NO,Euphorbiaceae,Hevea guianensis Aubl.,Hevea,guianensis,0,0,0,0,0,,0,2011-12-23,2011,25.455354838709678,318.56999999999994,Hevea,Estrella Comercial - Industrial
32595,12,Bosque de Tierra Firme,TF4,1a,811,NO,Euphorbiaceae,Hevea guianensis Aubl.,Hevea,guianensis,0,0,0,0,0,,0,2011-12-23,2011,25.455354838709678,318.56999999999994,Hevea,Estrella Comercial - Industrial
32601,12,Bosque de Tierra Firme,TF4,1b,817,NO,Sapotaceae,Pouteria pariry (Ducke) Baehni,Pouteria,pariry,0,0,0,0,0,,0,2011-12-23,2011,25.455354838709678,318.56999999999994,Pouteria,Estrella Comercial - Frutal
32604,12,Bosque de Tierra Firme,TF4,1b,820,NO,Olacaceae,Aptandra tubicina (Poepp.) Benth. ex Miers,Aptandra,tubicina,0,0,0,0,0,,0,2011-12-23,2011,25.455354838709678,318.56999999999994,Aptandra,Ingeniero del Suelo - Pionera
32621,12,Bosque de Tierra Firme,TF4,2a,840,NO,Fabaceae,Inga stipularis DC.,Inga,stipularis,0,0,0,0,0,,0,2011-12-23,2011,25.455354838709678,318.56999999999994,Inga,Ingeniero del Suelo - Fijador N
32641,12,Bosque de Tierra Firme,TF4,3a,867,NO,Fabaceae,Inga punctata Willd.,Inga,punctata,0,0,0,0,0,,0,2011-12-23,2011,25.455354838709678,318.56999999999994,Inga,Ingeniero del Suelo - Fijador N
32649,12,Bosque de Tierra Firme,TF4,3a,876,NO,Bignonaceae,Jacaranda copaia (Aubl.) D.Don,Jacaranda,copaia,0,0,0,0,0,,0,2011-12-23,2011,25.455354838709678,318.56999999999994,Jacaranda,Ingeniero del Suelo - Pionera
32657,12,Bosque de Tierra Firme,TF4,3b,884,NO,Apocynaceae,Aspidosperma nitidum Benth. ex Müll.Arg.,Aspidosperma,nitidum,0,0,0,0,0,,0,2011-12-23,2011,25.455354838709678,318.56999999999994,Aspidosperma,Caja Fuerte - Maderable
32673,12,Bosque de Tierra Firme,TF5,1a,903,NO,Sapotaceae,Pouteria procera (Mart.) K.Hammer,Pouteria,procera,0,0,1,0,0,,1,2011-12-20,2011,25.455354838709678,318.56999999999994,Pouteria,Estrella Comercial - Frutal
32679,12,Bosque de Tierra Firme,TF5,1a,911,NO,Fabaceae,Inga auristellae Harms,Inga,auristellae,0,0,0,0,1,,0,2011-12-20,2011,25.455354838709678,318.56999999999994,Inga,Ingeniero del Suelo - Fijador N
32682,12,Bosque de Tierra Firme,TF5,1b,915,NO,Fabaceae,Inga sp. 2,Inga,sp,0,0,0,0,0,,0,2011-12-20,2011,25.455354838709678,318.56999999999994,Inga,Ingeniero del Suelo - Fijador N
32685,12,Bosque de Tierra Firme,TF5,1b,918,NO,Fabaceae,Inga cordistipula Mart.,Inga,cordistipula,0,0,0,0,0,,0,2011-12-20,2011,25.455354838709678,318.56999999999994,Inga,Ingeniero del Suelo - Fijador N
32689,12,Bosque de Tierra Firme,TF5,2a,923,NO,Malvaceae,Theobroma speciosum Willd. ex Spreng.,Theobroma,speciosum,0,0,0,0,0,,0,2011-12-20,2011,25.455354838709678,318.56999999999994,Theobroma,Estrella Comercial - Frutal
32694,12,Bosque de Tierra Firme,TF5,2a,930,NO,Apocynaceae,Aspidosperma rigidum Rusby,Aspidosperma,rigidum,0,0,0,0,0,,0,2011-12-20,2011,25.455354838709678,318.56999999999994,Aspidosperma,Caja Fuerte - Maderable
32696,12,Bosque de Tierra Firme,TF5,2b,934,NO,Fabaceae,Dipteryx micrantha Harms,Dipteryx,micrantha,0,0,0,0,0,,0,2011-12-20,2011,25.455354838709678,318.56999999999994,Dipteryx,Estrella Comercial - Industrial
32704,12,Bosque de Tierra Firme,TF5,3a,942,NO,Fabaceae,Inga edulis Mart.,Inga,edulis,0,0,1,1,0,,1,2011-12-20,2011,25.455354838709678,318.56999999999994,Inga,Ingeniero del Suelo - Fijador N
32708,12,Bosque de Tierra Firme,TF5,3a,946,NO,Fabaceae,Inga sp. 2,Inga,sp,0,0,1,1,0,,1,2011-12-20,2011,25.455354838709678,318.56999999999994,Inga,Ingeniero del Suelo - Fijador N
32716,12,Bosque de Tierra Firme,TF5,3b,959,NO,Fabaceae,Inga sp. 2,Inga,sp,2,0,0,1,0,,1,2011-12-20,2011,25.455354838709678,318.56999999999994,Inga,Ingeniero del Suelo - Fijador N
32723,12,Bosque de Tierra Firme,TF5,4a,970,NO,Sapotaceae,Pouteria procera (Mart.) K.Hammer,Pouteria,procera,0,0,3,0,0,,1,2011-12-20,2011,25.455354838709678,318.56999999999994,Pouteria,Estrella Comercial - Frutal
32731,12,Bosque de Tierra Firme,TF5,4b,983,NO,Bignonaceae,Jacaranda copaia subsp. spectabilis (Mart. ex DC.) A.H.Gentry,Jacaranda,copaia subsp. spectabilis,0,0,0,0,0,hojas nuevas,0,2011-12-20,2011,25.455354838709678,318.56999999999994,Jacaranda,Ingeniero del Suelo - Pionera
32734,12,Bosque de Tierra Firme,TF5,4b,986,NO,Sapotaceae,Pouteria tarapotensis (Eichler ex Pierre) Baehni,Pouteria,tarapotensis,0,0,3,1,0,,1,2011-12-20,2011,25.455354838709678,318.56999999999994,Pouteria,Estrella Comercial - Frutal
32736,12,Bosque de Tierra Firme,TF5,4b,988,NO,Moraceae,Brosimum acutifolium subsp. obovatum (Ducke) C.C.Berg,Brosimum,acutifolium subsp. obovatum,0,0,0,0,0,,0,2011-12-20,2011,25.455354838709678,318.56999999999994,Brosimum,Caja Fuerte - Maderable
32738,12,Bosque de Tierra Firme,TF5,4b,990,NO,Sapotaceae,Pouteria tarapotensis (Eichler ex Pierre) Baehni,Pouteria,tarapotensis,0,0,3,1,0,,1,2011-12-20,2011,25.455354838709678,318.56999999999994,Pouteria,Estrella Comercial - Frutal
32746,12,Bosque de Tierra Firme,TF5,5a,994A,NO,Apocynaceae,Aspidosperma rigidum Rusby,Aspidosperma,rigidum,0,0,0,0,0,,0,2011-12-20,2011,25.455354838709678,318.56999999999994,Aspidosperma,Caja Fuerte - Maderable
32749,12,Bosque de Tierra Firme,TF5,5b,998,NO,Fabaceae,Swartzia myrtifolia Sm.,Swartzia,myrtifolia,0,0,0,0,0,,0,2011-12-20,2011,25.455354838709678,318.56999999999994,Swartzia,Ingeniero del Suelo - Fijador N
32753,12,Bosque de Tierra Firme,TF5,5b,958A,NO,Apocynaceae,Aspidosperma vargasii A.DC.,Aspidosperma,vargasii,0,0,0,0,0,,0,2011-12-20,2011,25.455354838709678,318.56999999999994,Aspidosperma,Caja Fuerte - Maderable
33680,1,Bosque de Tierra Firme,TF1,1a,501,NO,Fabaceae,Swartzia myrtifolia Sm.,Swartzia,myrtifolia,0,0,0,0,0,,0,2012-01-22,2012,25.57777419354839,305.4200000000001,Swartzia,Ingeniero del Suelo - Fijador N
33683,1,Bosque de Tierra Firme,TF1,1a,504,NO,Fabaceae,Swartzia tomentifera (Ducke) Ducke,Swartzia,tomentifera,0,0,0,0,0,,0,2012-01-22,2012,25.57777419354839,305.4200000000001,Swartzia,Ingeniero del Suelo - Fijador N
33685,1,Bosque de Tierra Firme,TF1,1a,506,NO,Apocynaceae,Aspidosperma nitidum Benth. ex Müll.Arg.,Aspidosperma,nitidum,0,0,0,0,0,,0,2012-01-22,2012,25.57777419354839,305.4200000000001,Aspidosperma,Caja Fuerte - Maderable
33691,1,Bosque de Tierra Firme,TF1,1b,512,NO,Sapotaceae,Pouteria procera (Mart.) K.Hammer,Pouteria,procera,0,0,0,0,0,,0,2012-01-22,2012,25.57777419354839,305.4200000000001,Pouteria,Estrella Comercial - Frutal
33692,1,Bosque de Tierra Firme,TF1,1b,513,NO,Euphorbiaceae,Croton sp.,Croton,sp,0,0,1,0,0,,1,2012-01-22,2012,25.57777419354839,305.4200000000001,Croton,Estrella Comercial - Industrial
33703,1,Bosque de Tierra Firme,TF1,2b,528,NO,Fabaceae,Erythrina ulei Harms,Erythrina,ulei,0,0,0,0,0,hojas nuevas,0,2012-01-22,2012,25.57777419354839,305.4200000000001,Erythrina,Ingeniero del Suelo - Fijador N
33704,1,Bosque de Tierra Firme,TF1,2b,529,NO,Fabaceae,Erythrina ulei Harms,Erythrina,ulei,0,0,0,0,0,hojas nuevas,0,2012-01-22,2012,25.57777419354839,305.4200000000001,Erythrina,Ingeniero del Suelo - Fijador N
33716,1,Bosque de Tierra Firme,TF1,3b,547,NO,Fabaceae,Erythrina ulei Harms,Erythrina,ulei,0,0,0,0,0,,0,2012-01-22,2012,25.57777419354839,305.4200000000001,Erythrina,Ingeniero del Suelo - Fijador N
33724,1,Bosque de Tierra Firme,TF1,4b,559,NO,Sapotaceae,Pouteria pariry (Ducke) Baehni,Pouteria,pariry,0,0,0,0,0,,0,2012-01-22,2012,25.57777419354839,305.4200000000001,Pouteria,Estrella Comercial - Frutal
33725,1,Bosque de Tierra Firme,TF1,4b,560,NO,Fabaceae,Erythrina ulei Harms,Erythrina,ulei,0,0,0,0,0,,0,2012-01-22,2012,25.57777419354839,305.4200000000001,Erythrina,Ingeniero del Suelo - Fijador N
33728,1,Bosque de Tierra Firme,TF1,5a,564,NO,Fabaceae,Hymenaea courbaril L.,Hymenaea,courbaril,0,0,2,0,0,,1,2012-01-22,2012,25.57777419354839,305.4200000000001,Hymenaea,Estrella Comercial - Frutal
33740,1,Bosque de Tierra Firme,TF1,6a,580,NO,Sapotaceae,Pouteria sp. 3,Pouteria,sp,0,0,0,0,0,,0,2012-01-22,2012,25.57777419354839,305.4200000000001,Pouteria,Estrella Comercial - Frutal
33741,1,Bosque de Tierra Firme,TF1,6a,581,NO,Fabaceae,Swartzia myrtifolia Sm.,Swartzia,myrtifolia,0,0,0,0,0,,0,2012-01-22,2012,25.57777419354839,305.4200000000001,Swartzia,Ingeniero del Suelo - Fijador N
33744,1,Bosque de Tierra Firme,TF1,6b,589,NO,Fabaceae,Hymenaea courbaril L.,Hymenaea,courbaril,0,0,3,2,0,,1,2012-01-22,2012,25.57777419354839,305.4200000000001,Hymenaea,Estrella Comercial - Frutal
33763,1,Bosque de Tierra Firme,TF2,1b,614,NO,Fabaceae,Copaifera reticulata Ducke,Copaifera,reticulata,0,0,0,0,0,,0,2012-01-22,2012,25.57777419354839,305.4200000000001,Copaifera,Estrella Comercial - Industrial
33766,1,Bosque de Tierra Firme,TF2,1b,617,NO,Sapotaceae,Pouteria sp. 2,Pouteria,sp,0,0,0,0,0,,0,2012-01-22,2012,25.57777419354839,305.4200000000001,Pouteria,Estrella Comercial - Frutal
33770,1,Bosque de Tierra Firme,TF2,1b,624,NO,Euphorbiaceae,Hevea guianensis Aubl.,Hevea,guianensis,0,0,0,0,0,,0,2012-01-22,2012,25.57777419354839,305.4200000000001,Hevea,Estrella Comercial - Industrial
33774,1,Bosque de Tierra Firme,TF2,2a,629,NO,Euphorbiaceae,Hevea guianensis Aubl.,Hevea,guianensis,0,0,0,0,0,,0,2012-01-22,2012,25.57777419354839,305.4200000000001,Hevea,Estrella Comercial - Industrial
33781,1,Bosque de Tierra Firme,TF2,2b,638,NO,Moraceae,Brosimum rubescens Taub.,Brosimum,rubescens,0,0,0,0,0,,0,2012-01-22,2012,25.57777419354839,305.4200000000001,Brosimum,Caja Fuerte - Maderable
33786,1,Bosque de Tierra Firme,TF2,3a,648,NO,Sapotaceae,Pouteria torta (Mart.) Radlk.,Pouteria,torta,0,0,0,0,0,,0,2012-01-22,2012,25.57777419354839,305.4200000000001,Pouteria,Estrella Comercial - Frutal
33791,1,Bosque de Tierra Firme,TF2,3b,654,NO,Fabaceae,Inga sapindoides Willd.,Inga,sapindoides,0,0,0,0,0,,0,2012-01-22,2012,25.57777419354839,305.4200000000001,Inga,Ingeniero del Suelo - Fijador N
33796,1,Bosque de Tierra Firme,TF2,4a,661,NO,Euphorbiaceae,Hevea guianensis Aubl.,Hevea,guianensis,0,0,0,0,0,,0,2012-01-22,2012,25.57777419354839,305.4200000000001,Hevea,Estrella Comercial - Industrial
33802,1,Bosque de Tierra Firme,TF2,4a,669,NO,Fabaceae,Tachigali vasquezii Pipoly,Tachigali,vasquezii,0,0,0,0,0,,0,2012-01-22,2012,25.57777419354839,305.4200000000001,Tachigali,Ingeniero del Suelo - Fijador N
33811,1,Bosque de Tierra Firme,TF2,4b,681,NO,Malvaceae,Theobroma speciosum Willd. ex Spreng.,Theobroma,speciosum,0,0,0,0,0,,0,2012-01-22,2012,25.57777419354839,305.4200000000001,Theobroma,Estrella Comercial - Frutal
33817,1,Bosque de Tierra Firme,TF2,4b,687,NO,Urticaceae,Cecropia sciadophylla Mart.,Cecropia,sciadophylla,0,0,0,0,0,,0,2012-01-22,2012,25.57777419354839,305.4200000000001,Cecropia,Ingeniero del Suelo - Pionera
33825,1,Bosque de Tierra Firme,TF2,5a,695,NO,Arecaceae,Bactris gasipaes Kunth,Bactris,gasipaes,0,0,0,0,0,,0,2012-01-22,2012,25.57777419354839,305.4200000000001,Bactris,Estrella Comercial - Frutal
33828,1,Bosque de Tierra Firme,TF2,5a,698,NO,Meliaceae,Cedrela fissilis Vell.,Cedrela,fissilis,0,0,0,0,0,,0,2012-01-22,2012,25.57777419354839,305.4200000000001,Cedrela,Caja Fuerte - Maderable
33848,1,Bosque de Tierra Firme,TF3,1b,721,NO,Moraceae,Brosimum rubescens Taub.,Brosimum,rubescens,0,0,0,0,0,,0,2012-01-27,2012,25.57777419354839,305.4200000000001,Brosimum,Caja Fuerte - Maderable
33868,1,Bosque de Tierra Firme,TF3,2b,746,NO,Euphorbiaceae,Hevea guianensis Aubl.,Hevea,guianensis,0,0,0,0,0,,0,2012-01-27,2012,25.57777419354839,305.4200000000001,Hevea,Estrella Comercial - Industrial
33871,1,Bosque de Tierra Firme,TF3,2b,749,NO,Fabaceae,Cedrelinga catenaeformis (Ducke) Ducke,Cedrelinga,catenaeformis,0,0,0,0,0,,0,2012-01-27,2012,25.57777419354839,305.4200000000001,Cedrelinga,Caja Fuerte - Maderable / Fijador N
33874,1,Bosque de Tierra Firme,TF3,3a,756,NO,Fabaceae,Inga alba (Sw.) Willd.,Inga,alba,0,0,0,0,0,,0,2012-01-27,2012,25.57777419354839,305.4200000000001,Inga,Ingeniero del Suelo - Fijador N
33881,1,Bosque de Tierra Firme,TF3,4a,765,NO,Apocynaceae,Aspidosperma vargasii A.DC.,Aspidosperma,vargasii,0,0,0,0,0,,0,2012-01-27,2012,25.57777419354839,305.4200000000001,Aspidosperma,Caja Fuerte - Maderable
33890,1,Bosque de Tierra Firme,TF3,4b,777,NO,Euphorbiaceae,Hevea guianensis Aubl.,Hevea,guianensis,0,0,0,1,0,,1,2012-01-27,2012,25.57777419354839,305.4200000000001,Hevea,Estrella Comercial - Industrial
33896,1,Bosque de Tierra Firme,TF3,5a,785,NO,Fabaceae,Copaifera reticulata Ducke,Copaifera,reticulata,0,0,0,0,0,,0,2012-01-27,2012,25.57777419354839,305.4200000000001,Copaifera,Estrella Comercial - Industrial
33900,1,Bosque de Tierra Firme,TF3,5a,790,NO,Euphorbiaceae,Hevea guianensis Aubl.,Hevea,guianensis,0,0,1,2,0,,1,2012-01-27,2012,25.57777419354839,305.4200000000001,Hevea,Estrella Comercial - Industrial
33905,1,Bosque de Tierra Firme,TF3,5b,796,NO,Fabaceae,Copaifera reticulata Ducke,Copaifera,reticulata,4,0,0,0,0,,1,2012-01-27,2012,25.57777419354839,305.4200000000001,Copaifera,Estrella Comercial - Industrial
33913,1,Bosque de Tierra Firme,TF4,1a,807,NO,Euphorbiaceae,Hevea guianensis Aubl.,Hevea,guianensis,0,0,0,0,0,,0,2012-01-27,2012,25.57777419354839,305.4200000000001,Hevea,Estrella Comercial - Industrial
33917,1,Bosque de Tierra Firme,TF4,1a,811,NO,Euphorbiaceae,Hevea guianensis Aubl.,Hevea,guianensis,0,0,0,0,0,,0,2012-01-27,2012,25.57777419354839,305.4200000000001,Hevea,Estrella Comercial - Industrial
33923,1,Bosque de Tierra Firme,TF4,1b,817,NO,Sapotaceae,Pouteria pariry (Ducke) Baehni,Pouteria,pariry,0,0,0,1,0,,1,2012-01-27,2012,25.57777419354839,305.4200000000001,Pouteria,Estrella Comercial - Frutal
33926,1,Bosque de Tierra Firme,TF4,1b,820,NO,Olacaceae,Aptandra tubicina (Poepp.) Benth. ex Miers,Aptandra,tubicina,0,0,0,0,0,,0,2012-01-27,2012,25.57777419354839,305.4200000000001,Aptandra,Ingeniero del Suelo - Pionera
33943,1,Bosque de Tierra Firme,TF4,2a,840,NO,Fabaceae,Inga stipularis DC.,Inga,stipularis,0,0,0,0,0,,0,2012-01-27,2012,25.57777419354839,305.4200000000001,Inga,Ingeniero del Suelo - Fijador N
33964,1,Bosque de Tierra Firme,TF4,3a,867,NO,Fabaceae,Inga punctata Willd.,Inga,punctata,0,0,0,0,0,,0,2012-01-27,2012,25.57777419354839,305.4200000000001,Inga,Ingeniero del Suelo - Fijador N
33972,1,Bosque de Tierra Firme,TF4,3a,876,NO,Bignonaceae,Jacaranda copaia (Aubl.) D.Don,Jacaranda,copaia,0,0,0,0,0,,0,2012-01-27,2012,25.57777419354839,305.4200000000001,Jacaranda,Ingeniero del Suelo - Pionera
33980,1,Bosque de Tierra Firme,TF4,3b,884,NO,Apocynaceae,Aspidosperma nitidum Benth. ex Müll.Arg.,Aspidosperma,nitidum,0,0,0,0,0,,0,2012-01-27,2012,25.57777419354839,305.4200000000001,Aspidosperma,Caja Fuerte - Maderable
33987,1,Bosque de Tierra Firme,TF4,3b,891,NO,Sapotaceae,Pouteria tarapotensis (Eichler ex Pierre) Baehni,Pouteria,tarapotensis,0,0,0,0,0,,0,2012-01-27,2012,25.57777419354839,305.4200000000001,Pouteria,Estrella Comercial - Frutal
33997,1,Bosque de Tierra Firme,TF5,1a,903,NO,Sapotaceae,Pouteria procera (Mart.) K.Hammer,Pouteria,procera,0,0,0,0,0,,0,2012-01-20,2012,25.57777419354839,305.4200000000001,Pouteria,Estrella Comercial - Frutal
34002,1,Bosque de Tierra Firme,TF5,1a,911,NO,Fabaceae,Inga auristellae Harms,Inga,auristellae,0,0,0,0,0,frutos secos,0,2012-01-20,2012,25.57777419354839,305.4200000000001,Inga,Ingeniero del Suelo - Fijador N
34005,1,Bosque de Tierra Firme,TF5,1b,915,NO,Fabaceae,Inga sp. 2,Inga,sp,0,0,0,0,0,,0,2012-01-20,2012,25.57777419354839,305.4200000000001,Inga,Ingeniero del Suelo - Fijador N
34008,1,Bosque de Tierra Firme,TF5,1b,918,NO,Fabaceae,Inga cordistipula Mart.,Inga,cordistipula,0,0,0,0,0,,0,2012-01-20,2012,25.57777419354839,305.4200000000001,Inga,Ingeniero del Suelo - Fijador N
34012,1,Bosque de Tierra Firme,TF5,2a,923,NO,Malvaceae,Theobroma speciosum Willd. ex Spreng.,Theobroma,speciosum,0,0,0,0,0,,0,2012-01-20,2012,25.57777419354839,305.4200000000001,Theobroma,Estrella Comercial - Frutal
34017,1,Bosque de Tierra Firme,TF5,2a,930,NO,Apocynaceae,Aspidosperma rigidum Rusby,Aspidosperma,rigidum,0,0,0,0,0,,0,2012-01-20,2012,25.57777419354839,305.4200000000001,Aspidosperma,Caja Fuerte - Maderable
34019,1,Bosque de Tierra Firme,TF5,2b,934,NO,Fabaceae,Dipteryx micrantha Harms,Dipteryx,micrantha,0,0,0,0,0,,0,2012-01-20,2012,25.57777419354839,305.4200000000001,Dipteryx,Estrella Comercial - Industrial
34027,1,Bosque de Tierra Firme,TF5,3a,942,NO,Fabaceae,Inga edulis Mart.,Inga,edulis,0,0,1,0,0,,1,2012-01-20,2012,25.57777419354839,305.4200000000001,Inga,Ingeniero del Suelo - Fijador N
34031,1,Bosque de Tierra Firme,TF5,3a,946,NO,Fabaceae,Inga sp. 2,Inga,sp,0,0,1,0,0,,1,2012-01-20,2012,25.57777419354839,305.4200000000001,Inga,Ingeniero del Suelo - Fijador N
34039,1,Bosque de Tierra Firme,TF5,3b,959,NO,Fabaceae,Inga sp. 2,Inga,sp,0,0,1,0,0,,1,2012-01-20,2012,25.57777419354839,305.4200000000001,Inga,Ingeniero del Suelo - Fijador N
34046,1,Bosque de Tierra Firme,TF5,4a,970,NO,Sapotaceae,Pouteria procera (Mart.) K.Hammer,Pouteria,procera,0,0,2,1,0,,1,2012-01-20,2012,25.57777419354839,305.4200000000001,Pouteria,Estrella Comercial - Frutal
34054,1,Bosque de Tierra Firme,TF5,4b,983,NO,Bignonaceae,Jacaranda copaia subsp. spectabilis (Mart. ex DC.) A.H.Gentry,Jacaranda,copaia subsp. spectabilis,0,0,0,0,0,,0,2012-01-20,2012,25.57777419354839,305.4200000000001,Jacaranda,Ingeniero del Suelo - Pionera
34057,1,Bosque de Tierra Firme,TF5,4b,986,NO,Sapotaceae,Pouteria tarapotensis (Eichler ex Pierre) Baehni,Pouteria,tarapotensis,0,0,0,0,0,,0,2012-01-20,2012,25.57777419354839,305.4200000000001,Pouteria,Estrella Comercial - Frutal
34059,1,Bosque de Tierra Firme,TF5,4b,988,NO,Moraceae,Brosimum acutifolium subsp. obovatum (Ducke) C.C.Berg,Brosimum,acutifolium subsp. obovatum,0,0,0,0,0,,0,2012-01-20,2012,25.57777419354839,305.4200000000001,Brosimum,Caja Fuerte - Maderable
34061,1,Bosque de Tierra Firme,TF5,4b,990,NO,Sapotaceae,Pouteria tarapotensis (Eichler ex Pierre) Baehni,Pouteria,tarapotensis,0,0,1,1,0,,1,2012-01-20,2012,25.57777419354839,305.4200000000001,Pouteria,Estrella Comercial - Frutal
34069,1,Bosque de Tierra Firme,TF5,5a,994A,NO,Apocynaceae,Aspidosperma rigidum Rusby,Aspidosperma,rigidum,0,0,0,0,0,,0,2012-01-20,2012,25.57777419354839,305.4200000000001,Aspidosperma,Caja Fuerte - Maderable
34072,1,Bosque de Tierra Firme,TF5,5b,998,NO,Fabaceae,Swartzia myrtifolia Sm.,Swartzia,myrtifolia,0,0,0,0,0,,0,2012-01-20,2012,25.57777419354839,305.4200000000001,Swartzia,Ingeniero del Suelo - Fijador N
34076,1,Bosque de Tierra Firme,TF5,5b,958A,NO,Apocynaceae,Aspidosperma vargasii A.DC.,Aspidosperma,vargasii,0,0,0,0,0,,0,2012-01-20,2012,25.57777419354839,305.4200000000001,Aspidosperma,Caja Fuerte - Maderable
35003,2,Bosque de Tierra Firme,TF1,1a,501,NO,Fabaceae,Swartzia myrtifolia Sm.,Swartzia,myrtifolia,0,0,0,0,0,,0,2012-02-26,2012,25.09,506.63000000000005,Swartzia,Ingeniero del Suelo - Fijador N
35006,2,Bosque de Tierra Firme,TF1,1a,504,NO,Fabaceae,Swartzia tomentifera (Ducke) Ducke,Swartzia,tomentifera,0,0,0,0,0,,0,2012-02-26,2012,25.09,506.63000000000005,Swartzia,Ingeniero del Suelo - Fijador N
35008,2,Bosque de Tierra Firme,TF1,1a,506,NO,Apocynaceae,Aspidosperma nitidum Benth. ex Müll.Arg.,Aspidosperma,nitidum,0,0,0,0,0,,0,2012-02-26,2012,25.09,506.63000000000005,Aspidosperma,Caja Fuerte - Maderable
35014,2,Bosque de Tierra Firme,TF1,1b,512,NO,Sapotaceae,Pouteria procera (Mart.) K.Hammer,Pouteria,procera,0,0,0,0,0,,0,2012-02-26,2012,25.09,506.63000000000005,Pouteria,Estrella Comercial - Frutal
35015,2,Bosque de Tierra Firme,TF1,1b,513,NO,Euphorbiaceae,Croton sp.,Croton,sp,0,0,0,0,0,,0,2012-02-26,2012,25.09,506.63000000000005,Croton,Estrella Comercial - Industrial
35026,2,Bosque de Tierra Firme,TF1,2b,528,NO,Fabaceae,Erythrina ulei Harms,Erythrina,ulei,0,0,0,0,0,,0,2012-02-26,2012,25.09,506.63000000000005,Erythrina,Ingeniero del Suelo - Fijador N
35027,2,Bosque de Tierra Firme,TF1,2b,529,NO,Fabaceae,Erythrina ulei Harms,Erythrina,ulei,0,0,0,0,0,,0,2012-02-26,2012,25.09,506.63000000000005,Erythrina,Ingeniero del Suelo - Fijador N
35039,2,Bosque de Tierra Firme,TF1,3b,547,NO,Fabaceae,Erythrina ulei Harms,Erythrina,ulei,0,0,0,0,0,,0,2012-02-26,2012,25.09,506.63000000000005,Erythrina,Ingeniero del Suelo - Fijador N
35047,2,Bosque de Tierra Firme,TF1,4b,559,NO,Sapotaceae,Pouteria pariry (Ducke) Baehni,Pouteria,pariry,0,0,0,0,0,,0,2012-02-26,2012,25.09,506.63000000000005,Pouteria,Estrella Comercial - Frutal
35048,2,Bosque de Tierra Firme,TF1,4b,560,NO,Fabaceae,Erythrina ulei Harms,Erythrina,ulei,0,0,0,0,0,,0,2012-02-26,2012,25.09,506.63000000000005,Erythrina,Ingeniero del Suelo - Fijador N
35051,2,Bosque de Tierra Firme,TF1,5a,564,NO,Fabaceae,Hymenaea courbaril L.,Hymenaea,courbaril,0,0,2,0,0,,1,2012-02-26,2012,25.09,506.63000000000005,Hymenaea,Estrella Comercial - Frutal
35063,2,Bosque de Tierra Firme,TF1,6a,580,NO,Sapotaceae,Pouteria sp. 3,Pouteria,sp,0,0,0,0,0,,0,2012-02-26,2012,25.09,506.63000000000005,Pouteria,Estrella Comercial - Frutal
35064,2,Bosque de Tierra Firme,TF1,6a,581,NO,Fabaceae,Swartzia myrtifolia Sm.,Swartzia,myrtifolia,0,0,0,0,0,,0,2012-02-26,2012,25.09,506.63000000000005,Swartzia,Ingeniero del Suelo - Fijador N
35067,2,Bosque de Tierra Firme,TF1,6b,589,NO,Fabaceae,Hymenaea courbaril L.,Hymenaea,courbaril,0,0,2,3,0,,1,2012-02-26,2012,25.09,506.63000000000005,Hymenaea,Estrella Comercial - Frutal
35086,2,Bosque de Tierra Firme,TF2,1b,614,NO,Fabaceae,Copaifera reticulata Ducke,Copaifera,reticulata,0,0,0,0,0,,0,2012-02-27,2012,25.09,506.63000000000005,Copaifera,Estrella Comercial - Industrial
35089,2,Bosque de Tierra Firme,TF2,1b,617,NO,Sapotaceae,Pouteria sp. 2,Pouteria,sp,0,0,0,0,0,,0,2012-02-27,2012,25.09,506.63000000000005,Pouteria,Estrella Comercial - Frutal
35093,2,Bosque de Tierra Firme,TF2,1b,624,NO,Euphorbiaceae,Hevea guianensis Aubl.,Hevea,guianensis,0,0,0,0,0,,0,2012-02-27,2012,25.09,506.63000000000005,Hevea,Estrella Comercial - Industrial
35097,2,Bosque de Tierra Firme,TF2,2a,629,NO,Euphorbiaceae,Hevea guianensis Aubl.,Hevea,guianensis,0,0,0,0,0,,0,2012-02-27,2012,25.09,506.63000000000005,Hevea,Estrella Comercial - Industrial
35104,2,Bosque de Tierra Firme,TF2,2b,638,NO,Moraceae,Brosimum rubescens Taub.,Brosimum,rubescens,0,0,0,0,0,,0,2012-02-27,2012,25.09,506.63000000000005,Brosimum,Caja Fuerte - Maderable
35109,2,Bosque de Tierra Firme,TF2,3a,648,NO,Sapotaceae,Pouteria torta (Mart.) Radlk.,Pouteria,torta,0,0,0,0,0,,0,2012-02-27,2012,25.09,506.63000000000005,Pouteria,Estrella Comercial - Frutal
35114,2,Bosque de Tierra Firme,TF2,3b,654,NO,Fabaceae,Inga sapindoides Willd.,Inga,sapindoides,0,0,0,0,0,,0,2012-02-27,2012,25.09,506.63000000000005,Inga,Ingeniero del Suelo - Fijador N
35119,2,Bosque de Tierra Firme,TF2,4a,661,NO,Euphorbiaceae,Hevea guianensis Aubl.,Hevea,guianensis,0,0,0,0,0,,0,2012-02-27,2012,25.09,506.63000000000005,Hevea,Estrella Comercial - Industrial
35125,2,Bosque de Tierra Firme,TF2,4a,669,NO,Fabaceae,Tachigali vasquezii Pipoly,Tachigali,vasquezii,0,0,0,0,0,,0,2012-02-27,2012,25.09,506.63000000000005,Tachigali,Ingeniero del Suelo - Fijador N
35134,2,Bosque de Tierra Firme,TF2,4b,681,NO,Malvaceae,Theobroma speciosum Willd. ex Spreng.,Theobroma,speciosum,0,0,0,0,0,,0,2012-02-27,2012,25.09,506.63000000000005,Theobroma,Estrella Comercial - Frutal
35140,2,Bosque de Tierra Firme,TF2,4b,687,NO,Urticaceae,Cecropia sciadophylla Mart.,Cecropia,sciadophylla,0,0,0,0,0,muerto,0,2012-02-27,2012,25.09,506.63000000000005,Cecropia,Ingeniero del Suelo - Pionera
35148,2,Bosque de Tierra Firme,TF2,5a,695,NO,Arecaceae,Bactris gasipaes Kunth,Bactris,gasipaes,0,0,0,0,0,,0,2012-02-27,2012,25.09,506.63000000000005,Bactris,Estrella Comercial - Frutal
35151,2,Bosque de Tierra Firme,TF2,5a,698,NO,Meliaceae,Cedrela fissilis Vell.,Cedrela,fissilis,0,0,0,0,0,,0,2012-02-27,2012,25.09,506.63000000000005,Cedrela,Caja Fuerte - Maderable
35171,2,Bosque de Tierra Firme,TF3,1b,721,NO,Moraceae,Brosimum rubescens Taub.,Brosimum,rubescens,0,0,0,0,0,,0,2012-02-23,2012,25.09,506.63000000000005,Brosimum,Caja Fuerte - Maderable
35191,2,Bosque de Tierra Firme,TF3,2b,746,NO,Euphorbiaceae,Hevea guianensis Aubl.,Hevea,guianensis,0,0,0,0,0,,0,2012-02-23,2012,25.09,506.63000000000005,Hevea,Estrella Comercial - Industrial
35194,2,Bosque de Tierra Firme,TF3,2b,749,NO,Fabaceae,Cedrelinga catenaeformis (Ducke) Ducke,Cedrelinga,catenaeformis,0,0,0,0,0,,0,2012-02-23,2012,25.09,506.63000000000005,Cedrelinga,Caja Fuerte - Maderable / Fijador N
35197,2,Bosque de Tierra Firme,TF3,3a,756,NO,Fabaceae,Inga alba (Sw.) Willd.,Inga,alba,0,0,0,0,0,,0,2012-02-23,2012,25.09,506.63000000000005,Inga,Ingeniero del Suelo - Fijador N
35204,2,Bosque de Tierra Firme,TF3,4a,765,NO,Apocynaceae,Aspidosperma vargasii A.DC.,Aspidosperma,vargasii,0,0,0,0,0,,0,2012-02-23,2012,25.09,506.63000000000005,Aspidosperma,Caja Fuerte - Maderable
35213,2,Bosque de Tierra Firme,TF3,4b,777,NO,Euphorbiaceae,Hevea guianensis Aubl.,Hevea,guianensis,0,0,0,0,0,,0,2012-02-23,2012,25.09,506.63000000000005,Hevea,Estrella Comercial - Industrial
35219,2,Bosque de Tierra Firme,TF3,5a,785,NO,Fabaceae,Copaifera reticulata Ducke,Copaifera,reticulata,0,0,0,0,0,,0,2012-02-23,2012,25.09,506.63000000000005,Copaifera,Estrella Comercial - Industrial
35223,2,Bosque de Tierra Firme,TF3,5a,790,NO,Euphorbiaceae,Hevea guianensis Aubl.,Hevea,guianensis,0,0,0,1,0,,1,2012-02-23,2012,25.09,506.63000000000005,Hevea,Estrella Comercial - Industrial
35228,2,Bosque de Tierra Firme,TF3,5b,796,NO,Fabaceae,Copaifera reticulata Ducke,Copaifera,reticulata,0,0,2,0,0,,1,2012-02-23,2012,25.09,506.63000000000005,Copaifera,Estrella Comercial - Industrial
35236,2,Bosque de Tierra Firme,TF4,1a,807,NO,Euphorbiaceae,Hevea guianensis Aubl.,Hevea,guianensis,0,0,0,0,0,,0,2012-02-23,2012,25.09,506.63000000000005,Hevea,Estrella Comercial - Industrial
35240,2,Bosque de Tierra Firme,TF4,1a,811,NO,Euphorbiaceae,Hevea guianensis Aubl.,Hevea,guianensis,0,0,0,0,0,,0,2012-02-23,2012,25.09,506.63000000000005,Hevea,Estrella Comercial - Industrial
35246,2,Bosque de Tierra Firme,TF4,1b,817,NO,Sapotaceae,Pouteria pariry (Ducke) Baehni,Pouteria,pariry,0,0,0,1,0,,1,2012-02-23,2012,25.09,506.63000000000005,Pouteria,Estrella Comercial - Frutal
35249,2,Bosque de Tierra Firme,TF4,1b,820,NO,Olacaceae,Aptandra tubicina (Poepp.) Benth. ex Miers,Aptandra,tubicina,0,0,0,0,0,,0,2012-02-23,2012,25.09,506.63000000000005,Aptandra,Ingeniero del Suelo - Pionera
35266,2,Bosque de Tierra Firme,TF4,2a,840,NO,Fabaceae,Inga stipularis DC.,Inga,stipularis,0,0,0,0,0,,0,2012-02-23,2012,25.09,506.63000000000005,Inga,Ingeniero del Suelo - Fijador N
35287,2,Bosque de Tierra Firme,TF4,3a,867,NO,Fabaceae,Inga punctata Willd.,Inga,punctata,0,0,0,0,0,,0,2012-02-23,2012,25.09,506.63000000000005,Inga,Ingeniero del Suelo - Fijador N
35295,2,Bosque de Tierra Firme,TF4,3a,876,NO,Bignonaceae,Jacaranda copaia (Aubl.) D.Don,Jacaranda,copaia,0,0,0,0,0,,0,2012-02-23,2012,25.09,506.63000000000005,Jacaranda,Ingeniero del Suelo - Pionera
35303,2,Bosque de Tierra Firme,TF4,3b,884,NO,Apocynaceae,Aspidosperma nitidum Benth. ex Müll.Arg.,Aspidosperma,nitidum,0,0,0,0,0,,0,2012-02-23,2012,25.09,506.63000000000005,Aspidosperma,Caja Fuerte - Maderable
35310,2,Bosque de Tierra Firme,TF4,3b,891,NO,Sapotaceae,Pouteria tarapotensis (Eichler ex Pierre) Baehni,Pouteria,tarapotensis,0,0,0,0,0,,0,2012-02-23,2012,25.09,506.63000000000005,Pouteria,Estrella Comercial - Frutal
35320,2,Bosque de Tierra Firme,TF5,1a,903,NO,Sapotaceae,Pouteria procera (Mart.) K.Hammer,Pouteria,procera,0,0,0,0,0,,0,2012-02-19,2012,25.09,506.63000000000005,Pouteria,Estrella Comercial - Frutal
35325,2,Bosque de Tierra Firme,TF5,1a,911,NO,Fabaceae,Inga auristellae Harms,Inga,auristellae,0,0,0,0,0,frutos secos,0,2012-02-19,2012,25.09,506.63000000000005,Inga,Ingeniero del Suelo - Fijador N
35328,2,Bosque de Tierra Firme,TF5,1b,915,NO,Fabaceae,Inga sp. 2,Inga,sp,0,0,0,0,0,,0,2012-02-19,2012,25.09,506.63000000000005,Inga,Ingeniero del Suelo - Fijador N
35331,2,Bosque de Tierra Firme,TF5,1b,918,NO,Fabaceae,Inga cordistipula Mart.,Inga,cordistipula,0,0,0,0,0,,0,2012-02-19,2012,25.09,506.63000000000005,Inga,Ingeniero del Suelo - Fijador N
35335,2,Bosque de Tierra Firme,TF5,2a,923,NO,Malvaceae,Theobroma speciosum Willd. ex Spreng.,Theobroma,speciosum,0,0,0,0,0,,0,2012-02-19,2012,25.09,506.63000000000005,Theobroma,Estrella Comercial - Frutal
35340,2,Bosque de Tierra Firme,TF5,2a,930,NO,Apocynaceae,Aspidosperma rigidum Rusby,Aspidosperma,rigidum,0,0,0,0,0,,0,2012-02-19,2012,25.09,506.63000000000005,Aspidosperma,Caja Fuerte - Maderable
35342,2,Bosque de Tierra Firme,TF5,2b,934,NO,Fabaceae,Dipteryx micrantha Harms,Dipteryx,micrantha,0,0,0,0,0,,0,2012-02-19,2012,25.09,506.63000000000005,Dipteryx,Estrella Comercial - Industrial
35350,2,Bosque de Tierra Firme,TF5,3a,942,NO,Fabaceae,Inga edulis Mart.,Inga,edulis,0,0,1,2,0,,1,2012-02-19,2012,25.09,506.63000000000005,Inga,Ingeniero del Suelo - Fijador N
35354,2,Bosque de Tierra Firme,TF5,3a,946,NO,Fabaceae,Inga sp. 2,Inga,sp,0,0,0,1,0,,1,2012-02-19,2012,25.09,506.63000000000005,Inga,Ingeniero del Suelo - Fijador N
35362,2,Bosque de Tierra Firme,TF5,3b,959,NO,Fabaceae,Inga sp. 2,Inga,sp,0,0,2,1,0,,1,2012-02-19,2012,25.09,506.63000000000005,Inga,Ingeniero del Suelo - Fijador N
35369,2,Bosque de Tierra Firme,TF5,4a,970,NO,Sapotaceae,Pouteria procera (Mart.) K.Hammer,Pouteria,procera,0,0,2,0,0,,1,2012-02-19,2012,25.09,506.63000000000005,Pouteria,Estrella Comercial - Frutal
35377,2,Bosque de Tierra Firme,TF5,4b,983,NO,Bignonaceae,Jacaranda copaia subsp. spectabilis (Mart. ex DC.) A.H.Gentry,Jacaranda,copaia subsp. spectabilis,0,0,0,0,0,,0,2012-02-19,2012,25.09,506.63000000000005,Jacaranda,Ingeniero del Suelo - Pionera
35380,2,Bosque de Tierra Firme,TF5,4b,986,NO,Sapotaceae,Pouteria tarapotensis (Eichler ex Pierre) Baehni,Pouteria,tarapotensis,0,0,0,0,0,,0,2012-02-19,2012,25.09,506.63000000000005,Pouteria,Estrella Comercial - Frutal
35382,2,Bosque de Tierra Firme,TF5,4b,988,NO,Moraceae,Brosimum acutifolium subsp. obovatum (Ducke) C.C.Berg,Brosimum,acutifolium subsp. obovatum,0,0,0,0,0,,0,2012-02-19,2012,25.09,506.63000000000005,Brosimum,Caja Fuerte - Maderable
35384,2,Bosque de Tierra Firme,TF5,4b,990,NO,Sapotaceae,Pouteria tarapotensis (Eichler ex Pierre) Baehni,Pouteria,tarapotensis,0,0,1,1,0,,1,2012-02-19,2012,25.09,506.63000000000005,Pouteria,Estrella Comercial - Frutal
35392,2,Bosque de Tierra Firme,TF5,5a,994A,NO,Apocynaceae,Aspidosperma rigidum Rusby,Aspidosperma,rigidum,0,0,0,0,0,,0,2012-02-19,2012,25.09,506.63000000000005,Aspidosperma,Caja Fuerte - Maderable
35395,2,Bosque de Tierra Firme,TF5,5b,998,NO,Fabaceae,Swartzia myrtifolia Sm.,Swartzia,myrtifolia,0,0,0,0,0,,0,2012-02-19,2012,25.09,506.63000000000005,Swartzia,Ingeniero del Suelo - Fijador N
35399,2,Bosque de Tierra Firme,TF5,5b,958A,NO,Apocynaceae,Aspidosperma vargasii A.DC.,Aspidosperma,vargasii,0,0,0,0,0,,0,2012-02-19,2012,25.09,506.63000000000005,Aspidosperma,Caja Fuerte - Maderable
36326,3,Bosque de Tierra Firme,TF1,1a,501,NO,Fabaceae,Swartzia myrtifolia Sm.,Swartzia,myrtifolia,0,0,0,0,0,,0,2012-03-13,2012,25.56954838709677,203.26,Swartzia,Ingeniero del Suelo - Fijador N
36329,3,Bosque de Tierra Firme,TF1,1a,504,NO,Fabaceae,Swartzia tomentifera (Ducke) Ducke,Swartzia,tomentifera,0,0,0,0,0,,0,2012-03-13,2012,25.56954838709677,203.26,Swartzia,Ingeniero del Suelo - Fijador N
36331,3,Bosque de Tierra Firme,TF1,1a,506,NO,Apocynaceae,Aspidosperma nitidum Benth. ex Müll.Arg.,Aspidosperma,nitidum,0,0,0,0,0,,0,2012-03-13,2012,25.56954838709677,203.26,Aspidosperma,Caja Fuerte - Maderable
36337,3,Bosque de Tierra Firme,TF1,1b,512,NO,Sapotaceae,Pouteria procera (Mart.) K.Hammer,Pouteria,procera,0,0,0,0,0,,0,2012-03-13,2012,25.56954838709677,203.26,Pouteria,Estrella Comercial - Frutal
36338,3,Bosque de Tierra Firme,TF1,1b,513,NO,Euphorbiaceae,Croton sp.,Croton,sp,0,0,0,0,0,,0,2012-03-13,2012,25.56954838709677,203.26,Croton,Estrella Comercial - Industrial
36349,3,Bosque de Tierra Firme,TF1,2b,528,NO,Fabaceae,Erythrina ulei Harms,Erythrina,ulei,0,0,0,0,0,,0,2012-03-13,2012,25.56954838709677,203.26,Erythrina,Ingeniero del Suelo - Fijador N
36350,3,Bosque de Tierra Firme,TF1,2b,529,NO,Fabaceae,Erythrina ulei Harms,Erythrina,ulei,0,0,0,0,0,,0,2012-03-13,2012,25.56954838709677,203.26,Erythrina,Ingeniero del Suelo - Fijador N
36362,3,Bosque de Tierra Firme,TF1,3b,547,NO,Fabaceae,Erythrina ulei Harms,Erythrina,ulei,0,0,0,0,0,,0,2012-03-13,2012,25.56954838709677,203.26,Erythrina,Ingeniero del Suelo - Fijador N
36370,3,Bosque de Tierra Firme,TF1,4b,559,NO,Sapotaceae,Pouteria pariry (Ducke) Baehni,Pouteria,pariry,0,0,0,0,0,,0,2012-03-13,2012,25.56954838709677,203.26,Pouteria,Estrella Comercial - Frutal
36371,3,Bosque de Tierra Firme,TF1,4b,560,NO,Fabaceae,Erythrina ulei Harms,Erythrina,ulei,0,0,0,0,0,,0,2012-03-13,2012,25.56954838709677,203.26,Erythrina,Ingeniero del Suelo - Fijador N
36374,3,Bosque de Tierra Firme,TF1,5a,564,NO,Fabaceae,Hymenaea courbaril L.,Hymenaea,courbaril,0,0,2,0,0,,1,2012-03-13,2012,25.56954838709677,203.26,Hymenaea,Estrella Comercial - Frutal
36386,3,Bosque de Tierra Firme,TF1,6a,580,NO,Sapotaceae,Pouteria sp. 3,Pouteria,sp,0,0,0,0,0,,0,2012-03-13,2012,25.56954838709677,203.26,Pouteria,Estrella Comercial - Frutal
36387,3,Bosque de Tierra Firme,TF1,6a,581,NO,Fabaceae,Swartzia myrtifolia Sm.,Swartzia,myrtifolia,4,0,0,0,0,,1,2012-03-13,2012,25.56954838709677,203.26,Swartzia,Ingeniero del Suelo - Fijador N
36390,3,Bosque de Tierra Firme,TF1,6b,589,NO,Fabaceae,Hymenaea courbaril L.,Hymenaea,courbaril,0,0,0,3,0,,1,2012-03-13,2012,25.56954838709677,203.26,Hymenaea,Estrella Comercial - Frutal
36409,3,Bosque de Tierra Firme,TF2,1b,614,NO,Fabaceae,Copaifera reticulata Ducke,Copaifera,reticulata,0,0,0,0,0,,0,2012-03-13,2012,25.56954838709677,203.26,Copaifera,Estrella Comercial - Industrial
36412,3,Bosque de Tierra Firme,TF2,1b,617,NO,Sapotaceae,Pouteria sp. 2,Pouteria,sp,0,0,0,0,0,,0,2012-03-13,2012,25.56954838709677,203.26,Pouteria,Estrella Comercial - Frutal
36416,3,Bosque de Tierra Firme,TF2,1b,624,NO,Euphorbiaceae,Hevea guianensis Aubl.,Hevea,guianensis,0,0,0,0,0,,0,2012-03-13,2012,25.56954838709677,203.26,Hevea,Estrella Comercial - Industrial
36420,3,Bosque de Tierra Firme,TF2,2a,629,NO,Euphorbiaceae,Hevea guianensis Aubl.,Hevea,guianensis,0,0,0,0,0,,0,2012-03-13,2012,25.56954838709677,203.26,Hevea,Estrella Comercial - Industrial
36427,3,Bosque de Tierra Firme,TF2,2b,638,NO,Moraceae,Brosimum rubescens Taub.,Brosimum,rubescens,0,0,0,0,0,,0,2012-03-13,2012,25.56954838709677,203.26,Brosimum,Caja Fuerte - Maderable
36432,3,Bosque de Tierra Firme,TF2,3a,648,NO,Sapotaceae,Pouteria torta (Mart.) Radlk.,Pouteria,torta,0,0,0,0,0,,0,2012-03-13,2012,25.56954838709677,203.26,Pouteria,Estrella Comercial - Frutal
36437,3,Bosque de Tierra Firme,TF2,3b,654,NO,Fabaceae,Inga sapindoides Willd.,Inga,sapindoides,0,0,0,0,0,,0,2012-03-13,2012,25.56954838709677,203.26,Inga,Ingeniero del Suelo - Fijador N
36442,3,Bosque de Tierra Firme,TF2,4a,661,NO,Euphorbiaceae,Hevea guianensis Aubl.,Hevea,guianensis,0,0,0,0,0,,0,2012-03-13,2012,25.56954838709677,203.26,Hevea,Estrella Comercial - Industrial
36448,3,Bosque de Tierra Firme,TF2,4a,669,NO,Fabaceae,Tachigali vasquezii Pipoly,Tachigali,vasquezii,0,0,0,0,0,,0,2012-03-13,2012,25.56954838709677,203.26,Tachigali,Ingeniero del Suelo - Fijador N
36457,3,Bosque de Tierra Firme,TF2,4b,681,NO,Malvaceae,Theobroma speciosum Willd. ex Spreng.,Theobroma,speciosum,0,0,0,0,0,,0,2012-03-13,2012,25.56954838709677,203.26,Theobroma,Estrella Comercial - Frutal
36463,3,Bosque de Tierra Firme,TF2,4b,687,NO,Urticaceae,Cecropia sciadophylla Mart.,Cecropia,sciadophylla,0,0,0,0,0,muerto,0,2012-03-13,2012,25.56954838709677,203.26,Cecropia,Ingeniero del Suelo - Pionera
36471,3,Bosque de Tierra Firme,TF2,5a,695,NO,Arecaceae,Bactris gasipaes Kunth,Bactris,gasipaes,0,0,0,0,0,,0,2012-03-13,2012,25.56954838709677,203.26,Bactris,Estrella Comercial - Frutal
36474,3,Bosque de Tierra Firme,TF2,5a,698,NO,Meliaceae,Cedrela fissilis Vell.,Cedrela,fissilis,0,0,0,0,0,,0,2012-03-13,2012,25.56954838709677,203.26,Cedrela,Caja Fuerte - Maderable
36494,3,Bosque de Tierra Firme,TF3,1b,721,NO,Moraceae,Brosimum rubescens Taub.,Brosimum,rubescens,0,0,0,0,0,,0,2012-03-09,2012,25.56954838709677,203.26,Brosimum,Caja Fuerte - Maderable
36514,3,Bosque de Tierra Firme,TF3,2b,746,NO,Euphorbiaceae,Hevea guianensis Aubl.,Hevea,guianensis,0,0,0,0,0,,0,2012-03-09,2012,25.56954838709677,203.26,Hevea,Estrella Comercial - Industrial
36517,3,Bosque de Tierra Firme,TF3,2b,749,NO,Fabaceae,Cedrelinga catenaeformis (Ducke) Ducke,Cedrelinga,catenaeformis,0,0,0,0,0,,0,2012-03-09,2012,25.56954838709677,203.26,Cedrelinga,Caja Fuerte - Maderable / Fijador N
36520,3,Bosque de Tierra Firme,TF3,3a,756,NO,Fabaceae,Inga alba (Sw.) Willd.,Inga,alba,0,0,0,0,0,,0,2012-03-09,2012,25.56954838709677,203.26,Inga,Ingeniero del Suelo - Fijador N
36527,3,Bosque de Tierra Firme,TF3,4a,765,NO,Apocynaceae,Aspidosperma vargasii A.DC.,Aspidosperma,vargasii,0,0,0,0,0,,0,2012-03-09,2012,25.56954838709677,203.26,Aspidosperma,Caja Fuerte - Maderable
36536,3,Bosque de Tierra Firme,TF3,4b,777,NO,Euphorbiaceae,Hevea guianensis Aubl.,Hevea,guianensis,0,0,0,0,0,,0,2012-03-09,2012,25.56954838709677,203.26,Hevea,Estrella Comercial - Industrial
36542,3,Bosque de Tierra Firme,TF3,5a,785,NO,Fabaceae,Copaifera reticulata Ducke,Copaifera,reticulata,3,2,0,0,0,,1,2012-03-09,2012,25.56954838709677,203.26,Copaifera,Estrella Comercial - Industrial
36546,3,Bosque de Tierra Firme,TF3,5a,790,NO,Euphorbiaceae,Hevea guianensis Aubl.,Hevea,guianensis,0,0,0,0,0,,0,2012-03-09,2012,25.56954838709677,203.26,Hevea,Estrella Comercial - Industrial
36551,3,Bosque de Tierra Firme,TF3,5b,796,NO,Fabaceae,Copaifera reticulata Ducke,Copaifera,reticulata,0,0,3,0,0,,1,2012-03-09,2012,25.56954838709677,203.26,Copaifera,Estrella Comercial - Industrial
36559,3,Bosque de Tierra Firme,TF4,1a,807,NO,Euphorbiaceae,Hevea guianensis Aubl.,Hevea,guianensis,0,0,0,0,0,,0,2012-03-09,2012,25.56954838709677,203.26,Hevea,Estrella Comercial - Industrial
36563,3,Bosque de Tierra Firme,TF4,1a,811,NO,Euphorbiaceae,Hevea guianensis Aubl.,Hevea,guianensis,0,0,0,0,0,,0,2012-03-09,2012,25.56954838709677,203.26,Hevea,Estrella Comercial - Industrial
36569,3,Bosque de Tierra Firme,TF4,1b,817,NO,Sapotaceae,Pouteria pariry (Ducke) Baehni,Pouteria,pariry,0,0,0,1,0,,1,2012-03-09,2012,25.56954838709677,203.26,Pouteria,Estrella Comercial - Frutal
36572,3,Bosque de Tierra Firme,TF4,1b,820,NO,Olacaceae,Aptandra tubicina (Poepp.) Benth. ex Miers,Aptandra,tubicina,0,0,0,0,0,,0,2012-03-09,2012,25.56954838709677,203.26,Aptandra,Ingeniero del Suelo - Pionera
36589,3,Bosque de Tierra Firme,TF4,2a,840,NO,Fabaceae,Inga stipularis DC.,Inga,stipularis,0,0,0,0,0,,0,2012-03-09,2012,25.56954838709677,203.26,Inga,Ingeniero del Suelo - Fijador N
36610,3,Bosque de Tierra Firme,TF4,3a,867,NO,Fabaceae,Inga punctata Willd.,Inga,punctata,0,0,0,0,0,,0,2012-03-09,2012,25.56954838709677,203.26,Inga,Ingeniero del Suelo - Fijador N
36618,3,Bosque de Tierra Firme,TF4,3a,876,NO,Bignonaceae,Jacaranda copaia (Aubl.) D.Don,Jacaranda,copaia,0,0,0,0,0,,0,2012-03-09,2012,25.56954838709677,203.26,Jacaranda,Ingeniero del Suelo - Pionera
36626,3,Bosque de Tierra Firme,TF4,3b,884,NO,Apocynaceae,Aspidosperma nitidum Benth. ex Müll.Arg.,Aspidosperma,nitidum,0,0,0,0,0,,0,2012-03-09,2012,25.56954838709677,203.26,Aspidosperma,Caja Fuerte - Maderable
36633,3,Bosque de Tierra Firme,TF4,3b,891,NO,Sapotaceae,Pouteria tarapotensis (Eichler ex Pierre) Baehni,Pouteria,tarapotensis,0,0,0,0,0,,0,2012-03-09,2012,25.56954838709677,203.26,Pouteria,Estrella Comercial - Frutal
36643,3,Bosque de Tierra Firme,TF5,1a,903,NO,Sapotaceae,Pouteria procera (Mart.) K.Hammer,Pouteria,procera,0,0,0,0,0,,0,2012-03-08,2012,25.56954838709677,203.26,Pouteria,Estrella Comercial - Frutal
36648,3,Bosque de Tierra Firme,TF5,1a,911,NO,Fabaceae,Inga auristellae Harms,Inga,auristellae,0,0,0,0,0,,0,2012-03-08,2012,25.56954838709677,203.26,Inga,Ingeniero del Suelo - Fijador N
36651,3,Bosque de Tierra Firme,TF5,1b,915,NO,Fabaceae,Inga sp. 2,Inga,sp,0,0,0,0,0,,0,2012-03-08,2012,25.56954838709677,203.26,Inga,Ingeniero del Suelo - Fijador N
36654,3,Bosque de Tierra Firme,TF5,1b,918,NO,Fabaceae,Inga cordistipula Mart.,Inga,cordistipula,0,0,0,0,0,,0,2012-03-08,2012,25.56954838709677,203.26,Inga,Ingeniero del Suelo - Fijador N
36658,3,Bosque de Tierra Firme,TF5,2a,923,NO,Malvaceae,Theobroma speciosum Willd. ex Spreng.,Theobroma,speciosum,0,0,0,0,0,,0,2012-03-08,2012,25.56954838709677,203.26,Theobroma,Estrella Comercial - Frutal
36663,3,Bosque de Tierra Firme,TF5,2a,930,NO,Apocynaceae,Aspidosperma rigidum Rusby,Aspidosperma,rigidum,0,0,0,0,0,,0,2012-03-08,2012,25.56954838709677,203.26,Aspidosperma,Caja Fuerte - Maderable
36665,3,Bosque de Tierra Firme,TF5,2b,934,NO,Fabaceae,Dipteryx micrantha Harms,Dipteryx,micrantha,0,0,0,0,0,,0,2012-03-08,2012,25.56954838709677,203.26,Dipteryx,Estrella Comercial - Industrial
36673,3,Bosque de Tierra Firme,TF5,3a,942,NO,Fabaceae,Inga edulis Mart.,Inga,edulis,0,0,1,1,1,,1,2012-03-08,2012,25.56954838709677,203.26,Inga,Ingeniero del Suelo - Fijador N
36677,3,Bosque de Tierra Firme,TF5,3a,946,NO,Fabaceae,Inga sp. 2,Inga,sp,2,0,1,2,0,,1,2012-03-08,2012,25.56954838709677,203.26,Inga,Ingeniero del Suelo - Fijador N
36685,3,Bosque de Tierra Firme,TF5,3b,959,NO,Fabaceae,Inga sp. 2,Inga,sp,2,0,1,1,0,,1,2012-03-08,2012,25.56954838709677,203.26,Inga,Ingeniero del Suelo - Fijador N
36692,3,Bosque de Tierra Firme,TF5,4a,970,NO,Sapotaceae,Pouteria procera (Mart.) K.Hammer,Pouteria,procera,0,0,0,2,0,,1,2012-03-08,2012,25.56954838709677,203.26,Pouteria,Estrella Comercial - Frutal
36700,3,Bosque de Tierra Firme,TF5,4b,983,NO,Bignonaceae,Jacaranda copaia subsp. spectabilis (Mart. ex DC.) A.H.Gentry,Jacaranda,copaia subsp. spectabilis,0,0,0,0,0,,0,2012-03-08,2012,25.56954838709677,203.26,Jacaranda,Ingeniero del Suelo - Pionera
36703,3,Bosque de Tierra Firme,TF5,4b,986,NO,Sapotaceae,Pouteria tarapotensis (Eichler ex Pierre) Baehni,Pouteria,tarapotensis,0,0,0,0,0,,0,2012-03-08,2012,25.56954838709677,203.26,Pouteria,Estrella Comercial - Frutal
36705,3,Bosque de Tierra Firme,TF5,4b,988,NO,Moraceae,Brosimum acutifolium subsp. obovatum (Ducke) C.C.Berg,Brosimum,acutifolium subsp. obovatum,0,0,0,0,0,,0,2012-03-08,2012,25.56954838709677,203.26,Brosimum,Caja Fuerte - Maderable
36707,3,Bosque de Tierra Firme,TF5,4b,990,NO,Sapotaceae,Pouteria tarapotensis (Eichler ex Pierre) Baehni,Pouteria,tarapotensis,0,0,0,2,0,,1,2012-03-08,2012,25.56954838709677,203.26,Pouteria,Estrella Comercial - Frutal
36715,3,Bosque de Tierra Firme,TF5,5a,994A,NO,Apocynaceae,Aspidosperma rigidum Rusby,Aspidosperma,rigidum,0,0,0,0,0,,0,2012-03-08,2012,25.56954838709677,203.26,Aspidosperma,Caja Fuerte - Maderable
36718,3,Bosque de Tierra Firme,TF5,5b,998,NO,Fabaceae,Swartzia myrtifolia Sm.,Swartzia,myrtifolia,0,0,0,0,0,,0,2012-03-08,2012,25.56954838709677,203.26,Swartzia,Ingeniero del Suelo - Fijador N
36722,3,Bosque de Tierra Firme,TF5,5b,958A,NO,Apocynaceae,Aspidosperma vargasii A.DC.,Aspidosperma,vargasii,0,0,0,0,0,,0,2012-03-08,2012,25.56954838709677,203.26,Aspidosperma,Caja Fuerte - Maderable
37661,7,Bosque de Tierra Firme,TF1,1a,501,NO,Fabaceae,Swartzia myrtifolia Sm.,Swartzia,myrtifolia,0,0,3,2,0,,1,2012-07-17,2012,22.989177419354835,55.3,Swartzia,Ingeniero del Suelo - Fijador N
37664,7,Bosque de Tierra Firme,TF1,1a,504,NO,Fabaceae,Swartzia tomentifera (Ducke) Ducke,Swartzia,tomentifera,0,0,0,0,0,,0,2012-07-17,2012,22.989177419354835,55.3,Swartzia,Ingeniero del Suelo - Fijador N
37666,7,Bosque de Tierra Firme,TF1,1a,506,NO,Apocynaceae,Aspidosperma nitidum Benth. ex Müll.Arg.,Aspidosperma,nitidum,0,0,0,0,0,,0,2012-07-17,2012,22.989177419354835,55.3,Aspidosperma,Caja Fuerte - Maderable
37672,7,Bosque de Tierra Firme,TF1,1b,512,NO,Sapotaceae,Pouteria procera (Mart.) K.Hammer,Pouteria,procera,0,0,0,0,0,,0,2012-07-17,2012,22.989177419354835,55.3,Pouteria,Estrella Comercial - Frutal
37673,7,Bosque de Tierra Firme,TF1,1b,513,NO,Euphorbiaceae,Croton sp.,Croton,sp,0,0,0,0,0,,0,2012-07-17,2012,22.989177419354835,55.3,Croton,Estrella Comercial - Industrial
37684,7,Bosque de Tierra Firme,TF1,2b,528,NO,Fabaceae,Erythrina ulei Harms,Erythrina,ulei,0,0,0,0,0,,0,2012-07-17,2012,22.989177419354835,55.3,Erythrina,Ingeniero del Suelo - Fijador N
37685,7,Bosque de Tierra Firme,TF1,2b,529,NO,Fabaceae,Erythrina ulei Harms,Erythrina,ulei,0,0,0,0,0,,0,2012-07-17,2012,22.989177419354835,55.3,Erythrina,Ingeniero del Suelo - Fijador N
37697,7,Bosque de Tierra Firme,TF1,3b,547,NO,Fabaceae,Erythrina ulei Harms,Erythrina,ulei,0,0,0,0,0,desfoliando,0,2012-07-17,2012,22.989177419354835,55.3,Erythrina,Ingeniero del Suelo - Fijador N
37705,7,Bosque de Tierra Firme,TF1,4b,559,NO,Sapotaceae,Pouteria pariry (Ducke) Baehni,Pouteria,pariry,0,0,0,0,0,,0,2012-07-17,2012,22.989177419354835,55.3,Pouteria,Estrella Comercial - Frutal
37706,7,Bosque de Tierra Firme,TF1,4b,560,NO,Fabaceae,Erythrina ulei Harms,Erythrina,ulei,0,0,0,0,0,,0,2012-07-17,2012,22.989177419354835,55.3,Erythrina,Ingeniero del Suelo - Fijador N
37709,7,Bosque de Tierra Firme,TF1,5a,564,NO,Fabaceae,Hymenaea courbaril L.,Hymenaea,courbaril,0,0,0,1,0,,1,2012-07-17,2012,22.989177419354835,55.3,Hymenaea,Estrella Comercial - Frutal
37721,7,Bosque de Tierra Firme,TF1,6a,580,NO,Sapotaceae,Pouteria sp. 3,Pouteria,sp,0,0,0,0,0,,0,2012-07-17,2012,22.989177419354835,55.3,Pouteria,Estrella Comercial - Frutal
37722,7,Bosque de Tierra Firme,TF1,6a,581,NO,Fabaceae,Swartzia myrtifolia Sm.,Swartzia,myrtifolia,0,0,4,0,0,,1,2012-07-17,2012,22.989177419354835,55.3,Swartzia,Ingeniero del Suelo - Fijador N
37725,7,Bosque de Tierra Firme,TF1,6b,589,NO,Fabaceae,Hymenaea courbaril L.,Hymenaea,courbaril,0,0,0,2,0,,1,2012-07-17,2012,22.989177419354835,55.3,Hymenaea,Estrella Comercial - Frutal
37744,7,Bosque de Tierra Firme,TF2,1b,614,NO,Fabaceae,Copaifera reticulata Ducke,Copaifera,reticulata,0,0,0,0,0,,0,2012-07-17,2012,22.989177419354835,55.3,Copaifera,Estrella Comercial - Industrial
37747,7,Bosque de Tierra Firme,TF2,1b,617,NO,Sapotaceae,Pouteria sp. 2,Pouteria,sp,0,0,0,0,0,,0,2012-07-17,2012,22.989177419354835,55.3,Pouteria,Estrella Comercial - Frutal
37751,7,Bosque de Tierra Firme,TF2,1b,624,NO,Euphorbiaceae,Hevea guianensis Aubl.,Hevea,guianensis,0,0,0,0,0,desfoliado,0,2012-07-17,2012,22.989177419354835,55.3,Hevea,Estrella Comercial - Industrial
37755,7,Bosque de Tierra Firme,TF2,2a,629,NO,Euphorbiaceae,Hevea guianensis Aubl.,Hevea,guianensis,0,0,0,0,0,,0,2012-07-17,2012,22.989177419354835,55.3,Hevea,Estrella Comercial - Industrial
37762,7,Bosque de Tierra Firme,TF2,2b,638,NO,Moraceae,Brosimum rubescens Taub.,Brosimum,rubescens,0,0,0,0,0,,0,2012-07-17,2012,22.989177419354835,55.3,Brosimum,Caja Fuerte - Maderable
37768,7,Bosque de Tierra Firme,TF2,3a,648,NO,Sapotaceae,Pouteria torta (Mart.) Radlk.,Pouteria,torta,0,0,0,0,0,,0,2012-07-17,2012,22.989177419354835,55.3,Pouteria,Estrella Comercial - Frutal
37773,7,Bosque de Tierra Firme,TF2,3b,654,NO,Fabaceae,Inga sapindoides Willd.,Inga,sapindoides,0,0,0,0,0,,0,2012-07-17,2012,22.989177419354835,55.3,Inga,Ingeniero del Suelo - Fijador N
37778,7,Bosque de Tierra Firme,TF2,4a,661,NO,Euphorbiaceae,Hevea guianensis Aubl.,Hevea,guianensis,0,0,0,0,0,,0,2012-07-17,2012,22.989177419354835,55.3,Hevea,Estrella Comercial - Industrial
37784,7,Bosque de Tierra Firme,TF2,4a,669,NO,Fabaceae,Tachigali vasquezii Pipoly,Tachigali,vasquezii,0,0,0,0,0,,0,2012-07-17,2012,22.989177419354835,55.3,Tachigali,Ingeniero del Suelo - Fijador N
37793,7,Bosque de Tierra Firme,TF2,4b,681,NO,Malvaceae,Theobroma speciosum Willd. ex Spreng.,Theobroma,speciosum,0,0,0,0,0,,0,2012-07-17,2012,22.989177419354835,55.3,Theobroma,Estrella Comercial - Frutal
37799,7,Bosque de Tierra Firme,TF2,4b,687,NO,Urticaceae,Cecropia sciadophylla Mart.,Cecropia,sciadophylla,0,0,0,0,0,muerto,0,2012-07-17,2012,22.989177419354835,55.3,Cecropia,Ingeniero del Suelo - Pionera
37807,7,Bosque de Tierra Firme,TF2,5a,695,NO,Arecaceae,Bactris gasipaes Kunth,Bactris,gasipaes,0,0,0,0,0,,0,2012-07-17,2012,22.989177419354835,55.3,Bactris,Estrella Comercial - Frutal
37810,7,Bosque de Tierra Firme,TF2,5a,698,NO,Meliaceae,Cedrela fissilis Vell.,Cedrela,fissilis,0,0,0,0,0,,0,2012-07-17,2012,22.989177419354835,55.3,Cedrela,Caja Fuerte - Maderable
37830,7,Bosque de Tierra Firme,TF3,1b,721,NO,Moraceae,Brosimum rubescens Taub.,Brosimum,rubescens,0,0,0,0,0,,0,2012-07-23,2012,22.989177419354835,55.3,Brosimum,Caja Fuerte - Maderable
37850,7,Bosque de Tierra Firme,TF3,2b,746,NO,Euphorbiaceae,Hevea guianensis Aubl.,Hevea,guianensis,0,0,0,0,0,,0,2012-07-23,2012,22.989177419354835,55.3,Hevea,Estrella Comercial - Industrial
37853,7,Bosque de Tierra Firme,TF3,2b,749,NO,Fabaceae,Cedrelinga catenaeformis (Ducke) Ducke,Cedrelinga,catenaeformis,0,0,0,0,0,,0,2012-07-23,2012,22.989177419354835,55.3,Cedrelinga,Caja Fuerte - Maderable / Fijador N
37856,7,Bosque de Tierra Firme,TF3,3a,756,NO,Fabaceae,Inga alba (Sw.) Willd.,Inga,alba,0,0,0,0,0,,0,2012-07-23,2012,22.989177419354835,55.3,Inga,Ingeniero del Suelo - Fijador N
37863,7,Bosque de Tierra Firme,TF3,4a,765,NO,Apocynaceae,Aspidosperma vargasii A.DC.,Aspidosperma,vargasii,0,0,0,0,0,,0,2012-07-23,2012,22.989177419354835,55.3,Aspidosperma,Caja Fuerte - Maderable
37872,7,Bosque de Tierra Firme,TF3,4b,777,NO,Euphorbiaceae,Hevea guianensis Aubl.,Hevea,guianensis,0,0,0,0,0,,0,2012-07-23,2012,22.989177419354835,55.3,Hevea,Estrella Comercial - Industrial
37878,7,Bosque de Tierra Firme,TF3,5a,785,NO,Fabaceae,Copaifera reticulata Ducke,Copaifera,reticulata,0,0,3,0,0,,1,2012-07-23,2012,22.989177419354835,55.3,Copaifera,Estrella Comercial - Industrial
37882,7,Bosque de Tierra Firme,TF3,5a,790,NO,Euphorbiaceae,Hevea guianensis Aubl.,Hevea,guianensis,0,0,0,0,0,,0,2012-07-23,2012,22.989177419354835,55.3,Hevea,Estrella Comercial - Industrial
37887,7,Bosque de Tierra Firme,TF3,5b,796,NO,Fabaceae,Copaifera reticulata Ducke,Copaifera,reticulata,0,0,2,3,0,,1,2012-07-23,2012,22.989177419354835,55.3,Copaifera,Estrella Comercial - Industrial
37895,7,Bosque de Tierra Firme,TF4,1a,807,NO,Euphorbiaceae,Hevea guianensis Aubl.,Hevea,guianensis,0,0,0,0,0,,0,2012-07-23,2012,22.989177419354835,55.3,Hevea,Estrella Comercial - Industrial
37899,7,Bosque de Tierra Firme,TF4,1a,811,NO,Euphorbiaceae,Hevea guianensis Aubl.,Hevea,guianensis,0,0,0,0,0,,0,2012-07-23,2012,22.989177419354835,55.3,Hevea,Estrella Comercial - Industrial
37905,7,Bosque de Tierra Firme,TF4,1b,817,NO,Sapotaceae,Pouteria pariry (Ducke) Baehni,Pouteria,pariry,0,0,0,0,0,,0,2012-07-23,2012,22.989177419354835,55.3,Pouteria,Estrella Comercial - Frutal
37908,7,Bosque de Tierra Firme,TF4,1b,820,NO,Olacaceae,Aptandra tubicina (Poepp.) Benth. ex Miers,Aptandra,tubicina,0,0,0,0,0,,0,2012-07-23,2012,22.989177419354835,55.3,Aptandra,Ingeniero del Suelo - Pionera
37927,7,Bosque de Tierra Firme,TF4,2a,840,NO,Fabaceae,Inga stipularis DC.,Inga,stipularis,0,0,0,0,0,,0,2012-07-23,2012,22.989177419354835,55.3,Inga,Ingeniero del Suelo - Fijador N
37948,7,Bosque de Tierra Firme,TF4,3a,867,NO,Fabaceae,Inga punctata Willd.,Inga,punctata,0,0,0,0,0,,0,2012-07-23,2012,22.989177419354835,55.3,Inga,Ingeniero del Suelo - Fijador N
37956,7,Bosque de Tierra Firme,TF4,3a,876,NO,Bignonaceae,Jacaranda copaia (Aubl.) D.Don,Jacaranda,copaia,0,0,0,0,0,,0,2012-07-23,2012,22.989177419354835,55.3,Jacaranda,Ingeniero del Suelo - Pionera
37964,7,Bosque de Tierra Firme,TF4,3b,884,NO,Apocynaceae,Aspidosperma nitidum Benth. ex Müll.Arg.,Aspidosperma,nitidum,0,0,0,0,0,,0,2012-07-23,2012,22.989177419354835,55.3,Aspidosperma,Caja Fuerte - Maderable
37971,7,Bosque de Tierra Firme,TF4,3b,891,NO,Sapotaceae,Pouteria tarapotensis (Eichler ex Pierre) Baehni,Pouteria,tarapotensis,0,0,0,0,0,,0,2012-07-23,2012,22.989177419354835,55.3,Pouteria,Estrella Comercial - Frutal
37981,7,Bosque de Tierra Firme,TF5,1a,903,NO,Sapotaceae,Pouteria procera (Mart.) K.Hammer,Pouteria,procera,3,3,3,0,0,,1,2012-07-06,2012,22.989177419354835,55.3,Pouteria,Estrella Comercial - Frutal
37986,7,Bosque de Tierra Firme,TF5,1a,911,NO,Fabaceae,Inga auristellae Harms,Inga,auristellae,0,0,0,0,0,,0,2012-07-06,2012,22.989177419354835,55.3,Inga,Ingeniero del Suelo - Fijador N
37989,7,Bosque de Tierra Firme,TF5,1b,915,NO,Fabaceae,Inga sp. 2,Inga,sp,0,0,0,0,0,,0,2012-07-06,2012,22.989177419354835,55.3,Inga,Ingeniero del Suelo - Fijador N
37992,7,Bosque de Tierra Firme,TF5,1b,918,NO,Fabaceae,Inga cordistipula Mart.,Inga,cordistipula,0,0,0,0,0,,0,2012-07-06,2012,22.989177419354835,55.3,Inga,Ingeniero del Suelo - Fijador N
37996,7,Bosque de Tierra Firme,TF5,2a,923,NO,Malvaceae,Theobroma speciosum Willd. ex Spreng.,Theobroma,speciosum,0,0,0,0,0,,0,2012-07-06,2012,22.989177419354835,55.3,Theobroma,Estrella Comercial - Frutal
38001,7,Bosque de Tierra Firme,TF5,2a,930,NO,Apocynaceae,Aspidosperma rigidum Rusby,Aspidosperma,rigidum,0,0,0,0,0,,0,2012-07-06,2012,22.989177419354835,55.3,Aspidosperma,Caja Fuerte - Maderable
38003,7,Bosque de Tierra Firme,TF5,2b,934,NO,Fabaceae,Dipteryx micrantha Harms,Dipteryx,micrantha,0,0,0,0,0,,0,2012-07-06,2012,22.989177419354835,55.3,Dipteryx,Estrella Comercial - Industrial
38011,7,Bosque de Tierra Firme,TF5,3a,942,NO,Fabaceae,Inga edulis Mart.,Inga,edulis,0,0,0,0,0,,0,2012-07-06,2012,22.989177419354835,55.3,Inga,Ingeniero del Suelo - Fijador N
38015,7,Bosque de Tierra Firme,TF5,3a,946,NO,Fabaceae,Inga sp. 2,Inga,sp,3,0,0,0,0,,1,2012-07-06,2012,22.989177419354835,55.3,Inga,Ingeniero del Suelo - Fijador N
38023,7,Bosque de Tierra Firme,TF5,3b,959,NO,Fabaceae,Inga sp. 2,Inga,sp,2,0,0,0,0,,1,2012-07-06,2012,22.989177419354835,55.3,Inga,Ingeniero del Suelo - Fijador N
38030,7,Bosque de Tierra Firme,TF5,4a,970,NO,Sapotaceae,Pouteria procera (Mart.) K.Hammer,Pouteria,procera,4,0,4,0,0,,1,2012-07-06,2012,22.989177419354835,55.3,Pouteria,Estrella Comercial - Frutal
38038,7,Bosque de Tierra Firme,TF5,4b,983,NO,Bignonaceae,Jacaranda copaia subsp. spectabilis (Mart. ex DC.) A.H.Gentry,Jacaranda,copaia subsp. spectabilis,0,0,0,0,0,,0,2012-07-06,2012,22.989177419354835,55.3,Jacaranda,Ingeniero del Suelo - Pionera
38041,7,Bosque de Tierra Firme,TF5,4b,986,NO,Sapotaceae,Pouteria tarapotensis (Eichler ex Pierre) Baehni,Pouteria,tarapotensis,0,0,0,0,0,,0,2012-07-06,2012,22.989177419354835,55.3,Pouteria,Estrella Comercial - Frutal
38043,7,Bosque de Tierra Firme,TF5,4b,988,NO,Moraceae,Brosimum acutifolium subsp. obovatum (Ducke) C.C.Berg,Brosimum,acutifolium subsp. obovatum,0,0,0,0,0,,0,2012-07-06,2012,22.989177419354835,55.3,Brosimum,Caja Fuerte - Maderable
38045,7,Bosque de Tierra Firme,TF5,4b,990,NO,Sapotaceae,Pouteria tarapotensis (Eichler ex Pierre) Baehni,Pouteria,tarapotensis,0,0,0,0,0,,0,2012-07-06,2012,22.989177419354835,55.3,Pouteria,Estrella Comercial - Frutal
38053,7,Bosque de Tierra Firme,TF5,5a,994A,NO,Apocynaceae,Aspidosperma rigidum Rusby,Aspidosperma,rigidum,0,0,0,0,0,,0,2012-07-06,2012,22.989177419354835,55.3,Aspidosperma,Caja Fuerte - Maderable
38056,7,Bosque de Tierra Firme,TF5,5b,998,NO,Fabaceae,Swartzia myrtifolia Sm.,Swartzia,myrtifolia,0,0,0,0,0,,0,2012-07-06,2012,22.989177419354835,55.3,Swartzia,Ingeniero del Suelo - Fijador N
38060,7,Bosque de Tierra Firme,TF5,5b,958A,NO,Apocynaceae,Aspidosperma vargasii A.DC.,Aspidosperma,vargasii,0,0,0,0,0,,0,2012-07-06,2012,22.989177419354835,55.3,Aspidosperma,Caja Fuerte - Maderable
39010,8,Bosque de Tierra Firme,TF1,1a,501,NO,Fabaceae,Swartzia myrtifolia Sm.,Swartzia,myrtifolia,0,0,3,0,0,,1,2012-08-03,2012,24.424016129032257,97.22,Swartzia,Ingeniero del Suelo - Fijador N
39013,8,Bosque de Tierra Firme,TF1,1a,504,NO,Fabaceae,Swartzia tomentifera (Ducke) Ducke,Swartzia,tomentifera,0,0,0,0,0,,0,2012-08-03,2012,24.424016129032257,97.22,Swartzia,Ingeniero del Suelo - Fijador N
39015,8,Bosque de Tierra Firme,TF1,1a,506,NO,Apocynaceae,Aspidosperma nitidum Benth. ex Müll.Arg.,Aspidosperma,nitidum,0,0,0,0,0,,0,2012-08-03,2012,24.424016129032257,97.22,Aspidosperma,Caja Fuerte - Maderable
39021,8,Bosque de Tierra Firme,TF1,1b,512,NO,Sapotaceae,Pouteria procera (Mart.) K.Hammer,Pouteria,procera,0,0,0,0,0,,0,2012-08-03,2012,24.424016129032257,97.22,Pouteria,Estrella Comercial - Frutal
39022,8,Bosque de Tierra Firme,TF1,1b,513,NO,Euphorbiaceae,Croton sp.,Croton,sp,0,0,0,0,0,,0,2012-08-03,2012,24.424016129032257,97.22,Croton,Estrella Comercial - Industrial
39033,8,Bosque de Tierra Firme,TF1,2b,528,NO,Fabaceae,Erythrina ulei Harms,Erythrina,ulei,0,0,0,0,0,desfoliado,0,2012-08-03,2012,24.424016129032257,97.22,Erythrina,Ingeniero del Suelo - Fijador N
39034,8,Bosque de Tierra Firme,TF1,2b,529,NO,Fabaceae,Erythrina ulei Harms,Erythrina,ulei,0,0,0,0,0,desfoliando,0,2012-08-03,2012,24.424016129032257,97.22,Erythrina,Ingeniero del Suelo - Fijador N
39046,8,Bosque de Tierra Firme,TF1,3b,547,NO,Fabaceae,Erythrina ulei Harms,Erythrina,ulei,0,0,0,0,0,desfoliando,0,2012-08-03,2012,24.424016129032257,97.22,Erythrina,Ingeniero del Suelo - Fijador N
39054,8,Bosque de Tierra Firme,TF1,4b,559,NO,Sapotaceae,Pouteria pariry (Ducke) Baehni,Pouteria,pariry,0,0,0,0,0,,0,2012-08-03,2012,24.424016129032257,97.22,Pouteria,Estrella Comercial - Frutal
39055,8,Bosque de Tierra Firme,TF1,4b,560,NO,Fabaceae,Erythrina ulei Harms,Erythrina,ulei,0,0,0,0,0,,0,2012-08-03,2012,24.424016129032257,97.22,Erythrina,Ingeniero del Suelo - Fijador N
39058,8,Bosque de Tierra Firme,TF1,5a,564,NO,Fabaceae,Hymenaea courbaril L.,Hymenaea,courbaril,0,0,0,2,1,,1,2012-08-03,2012,24.424016129032257,97.22,Hymenaea,Estrella Comercial - Frutal
39070,8,Bosque de Tierra Firme,TF1,6a,580,NO,Sapotaceae,Pouteria sp. 3,Pouteria,sp,0,0,0,0,0,,0,2012-08-03,2012,24.424016129032257,97.22,Pouteria,Estrella Comercial - Frutal
39071,8,Bosque de Tierra Firme,TF1,6a,581,NO,Fabaceae,Swartzia myrtifolia Sm.,Swartzia,myrtifolia,0,0,4,0,0,,1,2012-08-03,2012,24.424016129032257,97.22,Swartzia,Ingeniero del Suelo - Fijador N
39074,8,Bosque de Tierra Firme,TF1,6b,589,NO,Fabaceae,Hymenaea courbaril L.,Hymenaea,courbaril,0,0,0,1,0,,1,2012-08-03,2012,24.424016129032257,97.22,Hymenaea,Estrella Comercial - Frutal
39093,8,Bosque de Tierra Firme,TF2,1b,614,NO,Fabaceae,Copaifera reticulata Ducke,Copaifera,reticulata,0,0,0,0,0,desfoliando,0,2012-08-03,2012,24.424016129032257,97.22,Copaifera,Estrella Comercial - Industrial
39096,8,Bosque de Tierra Firme,TF2,1b,617,NO,Sapotaceae,Pouteria sp. 2,Pouteria,sp,0,0,0,0,0,,0,2012-08-03,2012,24.424016129032257,97.22,Pouteria,Estrella Comercial - Frutal
39101,8,Bosque de Tierra Firme,TF2,1b,624,NO,Euphorbiaceae,Hevea guianensis Aubl.,Hevea,guianensis,0,0,0,0,0,desfoliando,0,2012-08-03,2012,24.424016129032257,97.22,Hevea,Estrella Comercial - Industrial
39105,8,Bosque de Tierra Firme,TF2,2a,629,NO,Euphorbiaceae,Hevea guianensis Aubl.,Hevea,guianensis,0,0,0,0,0,desfoliado,0,2012-08-03,2012,24.424016129032257,97.22,Hevea,Estrella Comercial - Industrial
39112,8,Bosque de Tierra Firme,TF2,2b,638,NO,Moraceae,Brosimum rubescens Taub.,Brosimum,rubescens,0,0,0,0,0,,0,2012-08-03,2012,24.424016129032257,97.22,Brosimum,Caja Fuerte - Maderable
39118,8,Bosque de Tierra Firme,TF2,3a,648,NO,Sapotaceae,Pouteria torta (Mart.) Radlk.,Pouteria,torta,0,0,0,0,0,,0,2012-08-03,2012,24.424016129032257,97.22,Pouteria,Estrella Comercial - Frutal
39123,8,Bosque de Tierra Firme,TF2,3b,654,NO,Fabaceae,Inga sapindoides Willd.,Inga,sapindoides,0,0,0,0,0,,0,2012-08-03,2012,24.424016129032257,97.22,Inga,Ingeniero del Suelo - Fijador N
39128,8,Bosque de Tierra Firme,TF2,4a,661,NO,Euphorbiaceae,Hevea guianensis Aubl.,Hevea,guianensis,0,0,0,0,0,desfoliando,0,2012-08-03,2012,24.424016129032257,97.22,Hevea,Estrella Comercial - Industrial
39134,8,Bosque de Tierra Firme,TF2,4a,669,NO,Fabaceae,Tachigali vasquezii Pipoly,Tachigali,vasquezii,0,0,0,0,0,,0,2012-08-03,2012,24.424016129032257,97.22,Tachigali,Ingeniero del Suelo - Fijador N
39143,8,Bosque de Tierra Firme,TF2,4b,681,NO,Malvaceae,Theobroma speciosum Willd. ex Spreng.,Theobroma,speciosum,0,0,0,0,0,,0,2012-08-03,2012,24.424016129032257,97.22,Theobroma,Estrella Comercial - Frutal
39149,8,Bosque de Tierra Firme,TF2,4b,687,NO,Urticaceae,Cecropia sciadophylla Mart.,Cecropia,sciadophylla,0,0,0,0,0,muerto,0,2012-08-03,2012,24.424016129032257,97.22,Cecropia,Ingeniero del Suelo - Pionera
39157,8,Bosque de Tierra Firme,TF2,5a,695,NO,Arecaceae,Bactris gasipaes Kunth,Bactris,gasipaes,0,0,0,0,0,,0,2012-08-03,2012,24.424016129032257,97.22,Bactris,Estrella Comercial - Frutal
39160,8,Bosque de Tierra Firme,TF2,5a,698,NO,Meliaceae,Cedrela fissilis Vell.,Cedrela,fissilis,0,0,0,0,0,,0,2012-08-03,2012,24.424016129032257,97.22,Cedrela,Caja Fuerte - Maderable
39180,8,Bosque de Tierra Firme,TF3,1b,721,NO,Moraceae,Brosimum rubescens Taub.,Brosimum,rubescens,0,0,0,0,0,,0,2012-08-06,2012,24.424016129032257,97.22,Brosimum,Caja Fuerte - Maderable
39200,8,Bosque de Tierra Firme,TF3,2b,746,NO,Euphorbiaceae,Hevea guianensis Aubl.,Hevea,guianensis,0,0,0,0,0,desfoliando,0,2012-08-06,2012,24.424016129032257,97.22,Hevea,Estrella Comercial - Industrial
39203,8,Bosque de Tierra Firme,TF3,2b,749,NO,Fabaceae,Cedrelinga catenaeformis (Ducke) Ducke,Cedrelinga,catenaeformis,0,0,0,0,0,,0,2012-08-06,2012,24.424016129032257,97.22,Cedrelinga,Caja Fuerte - Maderable / Fijador N
39206,8,Bosque de Tierra Firme,TF3,3a,756,NO,Fabaceae,Inga alba (Sw.) Willd.,Inga,alba,0,0,0,0,0,,0,2012-08-06,2012,24.424016129032257,97.22,Inga,Ingeniero del Suelo - Fijador N
39213,8,Bosque de Tierra Firme,TF3,4a,765,NO,Apocynaceae,Aspidosperma vargasii A.DC.,Aspidosperma,vargasii,0,0,0,0,0,desfoliando,0,2012-08-06,2012,24.424016129032257,97.22,Aspidosperma,Caja Fuerte - Maderable
39222,8,Bosque de Tierra Firme,TF3,4b,777,NO,Euphorbiaceae,Hevea guianensis Aubl.,Hevea,guianensis,0,0,0,0,0,desfoliado,0,2012-08-06,2012,24.424016129032257,97.22,Hevea,Estrella Comercial - Industrial
39228,8,Bosque de Tierra Firme,TF3,5a,785,NO,Fabaceae,Copaifera reticulata Ducke,Copaifera,reticulata,0,0,0,3,2,,1,2012-08-06,2012,24.424016129032257,97.22,Copaifera,Estrella Comercial - Industrial
39232,8,Bosque de Tierra Firme,TF3,5a,790,NO,Euphorbiaceae,Hevea guianensis Aubl.,Hevea,guianensis,0,0,0,0,0,desfoliado,0,2012-08-06,2012,24.424016129032257,97.22,Hevea,Estrella Comercial - Industrial
39237,8,Bosque de Tierra Firme,TF3,5b,796,NO,Fabaceae,Copaifera reticulata Ducke,Copaifera,reticulata,0,0,0,3,3,,1,2012-08-06,2012,24.424016129032257,97.22,Copaifera,Estrella Comercial - Industrial
39245,8,Bosque de Tierra Firme,TF4,1a,807,NO,Euphorbiaceae,Hevea guianensis Aubl.,Hevea,guianensis,0,0,0,0,0,desfoliado,0,2012-08-06,2012,24.424016129032257,97.22,Hevea,Estrella Comercial - Industrial
39249,8,Bosque de Tierra Firme,TF4,1a,811,NO,Euphorbiaceae,Hevea guianensis Aubl.,Hevea,guianensis,0,0,0,0,0,desfoliado,0,2012-08-06,2012,24.424016129032257,97.22,Hevea,Estrella Comercial - Industrial
39255,8,Bosque de Tierra Firme,TF4,1b,817,NO,Sapotaceae,Pouteria pariry (Ducke) Baehni,Pouteria,pariry,0,2,0,0,0,,1,2012-08-06,2012,24.424016129032257,97.22,Pouteria,Estrella Comercial - Frutal
39258,8,Bosque de Tierra Firme,TF4,1b,820,NO,Olacaceae,Aptandra tubicina (Poepp.) Benth. ex Miers,Aptandra,tubicina,0,0,0,0,0,,0,2012-08-06,2012,24.424016129032257,97.22,Aptandra,Ingeniero del Suelo - Pionera
39277,8,Bosque de Tierra Firme,TF4,2a,840,NO,Fabaceae,Inga stipularis DC.,Inga,stipularis,0,0,0,0,0,,0,2012-08-06,2012,24.424016129032257,97.22,Inga,Ingeniero del Suelo - Fijador N
39298,8,Bosque de Tierra Firme,TF4,3a,867,NO,Fabaceae,Inga punctata Willd.,Inga,punctata,0,0,0,0,0,,0,2012-08-06,2012,24.424016129032257,97.22,Inga,Ingeniero del Suelo - Fijador N
39306,8,Bosque de Tierra Firme,TF4,3a,876,NO,Bignonaceae,Jacaranda copaia (Aubl.) D.Don,Jacaranda,copaia,0,0,0,0,0,,0,2012-08-06,2012,24.424016129032257,97.22,Jacaranda,Ingeniero del Suelo - Pionera
39314,8,Bosque de Tierra Firme,TF4,3b,884,NO,Apocynaceae,Aspidosperma nitidum Benth. ex Müll.Arg.,Aspidosperma,nitidum,0,0,0,0,0,,0,2012-08-06,2012,24.424016129032257,97.22,Aspidosperma,Caja Fuerte - Maderable
39321,8,Bosque de Tierra Firme,TF4,3b,891,NO,Sapotaceae,Pouteria tarapotensis (Eichler ex Pierre) Baehni,Pouteria,tarapotensis,0,0,0,0,0,,0,2012-08-06,2012,24.424016129032257,97.22,Pouteria,Estrella Comercial - Frutal
39332,8,Bosque de Tierra Firme,TF5,1a,903,NO,Sapotaceae,Pouteria procera (Mart.) K.Hammer,Pouteria,procera,2,0,0,0,0,,1,2012-08-03,2012,24.424016129032257,97.22,Pouteria,Estrella Comercial - Frutal
39338,8,Bosque de Tierra Firme,TF5,1a,911,NO,Fabaceae,Inga auristellae Harms,Inga,auristellae,0,0,0,0,0,,0,2012-08-03,2012,24.424016129032257,97.22,Inga,Ingeniero del Suelo - Fijador N
39342,8,Bosque de Tierra Firme,TF5,1b,915,NO,Fabaceae,Inga sp. 2,Inga,sp,0,0,0,0,0,,0,2012-08-03,2012,24.424016129032257,97.22,Inga,Ingeniero del Suelo - Fijador N
39345,8,Bosque de Tierra Firme,TF5,1b,918,NO,Fabaceae,Inga cordistipula Mart.,Inga,cordistipula,0,0,0,0,0,,0,2012-08-03,2012,24.424016129032257,97.22,Inga,Ingeniero del Suelo - Fijador N
39349,8,Bosque de Tierra Firme,TF5,2a,923,NO,Malvaceae,Theobroma speciosum Willd. ex Spreng.,Theobroma,speciosum,0,0,0,0,0,,0,2012-08-03,2012,24.424016129032257,97.22,Theobroma,Estrella Comercial - Frutal
39354,8,Bosque de Tierra Firme,TF5,2a,930,NO,Apocynaceae,Aspidosperma rigidum Rusby,Aspidosperma,rigidum,0,0,0,0,0,,0,2012-08-03,2012,24.424016129032257,97.22,Aspidosperma,Caja Fuerte - Maderable
39356,8,Bosque de Tierra Firme,TF5,2b,934,NO,Fabaceae,Dipteryx micrantha Harms,Dipteryx,micrantha,0,0,0,0,0,,0,2012-08-03,2012,24.424016129032257,97.22,Dipteryx,Estrella Comercial - Industrial
39364,8,Bosque de Tierra Firme,TF5,3a,942,NO,Fabaceae,Inga edulis Mart.,Inga,edulis,3,0,1,0,0,,1,2012-08-03,2012,24.424016129032257,97.22,Inga,Ingeniero del Suelo - Fijador N
39368,8,Bosque de Tierra Firme,TF5,3a,946,NO,Fabaceae,Inga sp. 2,Inga,sp,0,0,2,0,0,,1,2012-08-03,2012,24.424016129032257,97.22,Inga,Ingeniero del Suelo - Fijador N
39376,8,Bosque de Tierra Firme,TF5,3b,959,NO,Fabaceae,Inga sp. 2,Inga,sp,3,0,0,0,0,,1,2012-08-03,2012,24.424016129032257,97.22,Inga,Ingeniero del Suelo - Fijador N
39382,8,Bosque de Tierra Firme,TF5,4a,968,NO,Sapotaceae,Pouteria sp. 3,Pouteria,sp,0,0,0,0,0,,0,2012-08-03,2012,24.424016129032257,97.22,Pouteria,Estrella Comercial - Frutal
39384,8,Bosque de Tierra Firme,TF5,4a,970,NO,Sapotaceae,Pouteria procera (Mart.) K.Hammer,Pouteria,procera,0,0,3,1,0,,1,2012-08-03,2012,24.424016129032257,97.22,Pouteria,Estrella Comercial - Frutal
39392,8,Bosque de Tierra Firme,TF5,4b,983,NO,Bignonaceae,Jacaranda copaia subsp. spectabilis (Mart. ex DC.) A.H.Gentry,Jacaranda,copaia subsp. spectabilis,0,0,0,0,0,,0,2012-08-03,2012,24.424016129032257,97.22,Jacaranda,Ingeniero del Suelo - Pionera
39395,8,Bosque de Tierra Firme,TF5,4b,986,NO,Sapotaceae,Pouteria tarapotensis (Eichler ex Pierre) Baehni,Pouteria,tarapotensis,0,0,0,0,0,,0,2012-08-03,2012,24.424016129032257,97.22,Pouteria,Estrella Comercial - Frutal
39397,8,Bosque de Tierra Firme,TF5,4b,988,NO,Moraceae,Brosimum acutifolium subsp. obovatum (Ducke) C.C.Berg,Brosimum,acutifolium subsp. obovatum,0,0,0,0,0,,0,2012-08-03,2012,24.424016129032257,97.22,Brosimum,Caja Fuerte - Maderable
39399,8,Bosque de Tierra Firme,TF5,4b,990,NO,Sapotaceae,Pouteria tarapotensis (Eichler ex Pierre) Baehni,Pouteria,tarapotensis,0,0,0,0,0,,0,2012-08-03,2012,24.424016129032257,97.22,Pouteria,Estrella Comercial - Frutal
39409,8,Bosque de Tierra Firme,TF5,5a,994A,NO,Apocynaceae,Aspidosperma rigidum Rusby,Aspidosperma,rigidum,0,0,0,0,0,,0,2012-08-03,2012,24.424016129032257,97.22,Aspidosperma,Caja Fuerte - Maderable
39412,8,Bosque de Tierra Firme,TF5,5b,998,NO,Fabaceae,Swartzia myrtifolia Sm.,Swartzia,myrtifolia,0,0,0,0,0,,0,2012-08-03,2012,24.424016129032257,97.22,Swartzia,Ingeniero del Suelo - Fijador N
39416,8,Bosque de Tierra Firme,TF5,5b,958A,NO,Apocynaceae,Aspidosperma vargasii A.DC.,Aspidosperma,vargasii,0,0,0,0,0,,0,2012-08-03,2012,24.424016129032257,97.22,Aspidosperma,Caja Fuerte - Maderable
40366,9,Bosque de Tierra Firme,TF1,1a,501,NO,Fabaceae,Swartzia myrtifolia Sm.,Swartzia,myrtifolia,0,0,0,2,2,,1,2012-09-08,2012,25.077583333333333,58.89999999999999,Swartzia,Ingeniero del Suelo - Fijador N
40369,9,Bosque de Tierra Firme,TF1,1a,504,NO,Fabaceae,Swartzia tomentifera (Ducke) Ducke,Swartzia,tomentifera,0,0,0,0,0,,0,2012-09-08,2012,25.077583333333333,58.89999999999999,Swartzia,Ingeniero del Suelo - Fijador N
40371,9,Bosque de Tierra Firme,TF1,1a,506,NO,Apocynaceae,Aspidosperma nitidum Benth. ex Müll.Arg.,Aspidosperma,nitidum,0,0,0,0,0,,0,2012-09-08,2012,25.077583333333333,58.89999999999999,Aspidosperma,Caja Fuerte - Maderable
40377,9,Bosque de Tierra Firme,TF1,1b,512,NO,Sapotaceae,Pouteria procera (Mart.) K.Hammer,Pouteria,procera,0,0,0,0,0,,0,2012-09-08,2012,25.077583333333333,58.89999999999999,Pouteria,Estrella Comercial - Frutal
40378,9,Bosque de Tierra Firme,TF1,1b,513,NO,Euphorbiaceae,Croton sp.,Croton,sp,0,0,0,0,0,,0,2012-09-08,2012,25.077583333333333,58.89999999999999,Croton,Estrella Comercial - Industrial
40389,9,Bosque de Tierra Firme,TF1,2b,528,NO,Fabaceae,Erythrina ulei Harms,Erythrina,ulei,2,3,0,0,0,desfoliado,1,2012-09-08,2012,25.077583333333333,58.89999999999999,Erythrina,Ingeniero del Suelo - Fijador N
40390,9,Bosque de Tierra Firme,TF1,2b,529,NO,Fabaceae,Erythrina ulei Harms,Erythrina,ulei,3,0,2,0,0,,1,2012-09-08,2012,25.077583333333333,58.89999999999999,Erythrina,Ingeniero del Suelo - Fijador N
40402,9,Bosque de Tierra Firme,TF1,3b,547,NO,Fabaceae,Erythrina ulei Harms,Erythrina,ulei,0,0,0,0,0,desfoliado,0,2012-09-08,2012,25.077583333333333,58.89999999999999,Erythrina,Ingeniero del Suelo - Fijador N
40410,9,Bosque de Tierra Firme,TF1,4b,559,NO,Sapotaceae,Pouteria pariry (Ducke) Baehni,Pouteria,pariry,0,0,0,0,0,,0,2012-09-08,2012,25.077583333333333,58.89999999999999,Pouteria,Estrella Comercial - Frutal
40411,9,Bosque de Tierra Firme,TF1,4b,560,NO,Fabaceae,Erythrina ulei Harms,Erythrina,ulei,0,0,0,0,0,desfoliado,0,2012-09-08,2012,25.077583333333333,58.89999999999999,Erythrina,Ingeniero del Suelo - Fijador N
40414,9,Bosque de Tierra Firme,TF1,5a,564,NO,Fabaceae,Hymenaea courbaril L.,Hymenaea,courbaril,0,0,0,2,0,,1,2012-09-08,2012,25.077583333333333,58.89999999999999,Hymenaea,Estrella Comercial - Frutal
40426,9,Bosque de Tierra Firme,TF1,6a,580,NO,Sapotaceae,Pouteria sp. 3,Pouteria,sp,0,0,0,0,0,,0,2012-09-08,2012,25.077583333333333,58.89999999999999,Pouteria,Estrella Comercial - Frutal
40427,9,Bosque de Tierra Firme,TF1,6a,581,NO,Fabaceae,Swartzia myrtifolia Sm.,Swartzia,myrtifolia,0,0,2,3,2,,1,2012-09-08,2012,25.077583333333333,58.89999999999999,Swartzia,Ingeniero del Suelo - Fijador N
40430,9,Bosque de Tierra Firme,TF1,6b,589,NO,Fabaceae,Hymenaea courbaril L.,Hymenaea,courbaril,3,0,0,0,0,,1,2012-09-08,2012,25.077583333333333,58.89999999999999,Hymenaea,Estrella Comercial - Frutal
40449,9,Bosque de Tierra Firme,TF2,1b,614,NO,Fabaceae,Copaifera reticulata Ducke,Copaifera,reticulata,0,0,0,0,0,hojas nuevas,0,2012-09-08,2012,25.077583333333333,58.89999999999999,Copaifera,Estrella Comercial - Industrial
40452,9,Bosque de Tierra Firme,TF2,1b,617,NO,Sapotaceae,Pouteria sp. 2,Pouteria,sp,0,0,0,0,0,,0,2012-09-08,2012,25.077583333333333,58.89999999999999,Pouteria,Estrella Comercial - Frutal
40457,9,Bosque de Tierra Firme,TF2,1b,624,NO,Euphorbiaceae,Hevea guianensis Aubl.,Hevea,guianensis,0,0,0,0,0,hojas nuevas,0,2012-09-08,2012,25.077583333333333,58.89999999999999,Hevea,Estrella Comercial - Industrial
40461,9,Bosque de Tierra Firme,TF2,2a,629,NO,Euphorbiaceae,Hevea guianensis Aubl.,Hevea,guianensis,0,0,0,0,0,hojas nuevas,0,2012-09-08,2012,25.077583333333333,58.89999999999999,Hevea,Estrella Comercial - Industrial
40468,9,Bosque de Tierra Firme,TF2,2b,638,NO,Moraceae,Brosimum rubescens Taub.,Brosimum,rubescens,0,0,0,0,0,,0,2012-09-08,2012,25.077583333333333,58.89999999999999,Brosimum,Caja Fuerte - Maderable
40474,9,Bosque de Tierra Firme,TF2,3a,648,NO,Sapotaceae,Pouteria torta (Mart.) Radlk.,Pouteria,torta,0,0,0,0,0,,0,2012-09-08,2012,25.077583333333333,58.89999999999999,Pouteria,Estrella Comercial - Frutal
40479,9,Bosque de Tierra Firme,TF2,3b,654,NO,Fabaceae,Inga sapindoides Willd.,Inga,sapindoides,2,0,0,0,0,,1,2012-09-08,2012,25.077583333333333,58.89999999999999,Inga,Ingeniero del Suelo - Fijador N
40484,9,Bosque de Tierra Firme,TF2,4a,661,NO,Euphorbiaceae,Hevea guianensis Aubl.,Hevea,guianensis,0,0,0,0,0,hojas nuevas,0,2012-09-08,2012,25.077583333333333,58.89999999999999,Hevea,Estrella Comercial - Industrial
40490,9,Bosque de Tierra Firme,TF2,4a,669,NO,Fabaceae,Tachigali vasquezii Pipoly,Tachigali,vasquezii,0,0,0,0,0,,0,2012-09-08,2012,25.077583333333333,58.89999999999999,Tachigali,Ingeniero del Suelo - Fijador N
40499,9,Bosque de Tierra Firme,TF2,4b,681,NO,Malvaceae,Theobroma speciosum Willd. ex Spreng.,Theobroma,speciosum,0,0,0,0,0,,0,2012-09-08,2012,25.077583333333333,58.89999999999999,Theobroma,Estrella Comercial - Frutal
40505,9,Bosque de Tierra Firme,TF2,4b,687,NO,Urticaceae,Cecropia sciadophylla Mart.,Cecropia,sciadophylla,0,0,0,0,0,muerto,0,2012-09-08,2012,25.077583333333333,58.89999999999999,Cecropia,Ingeniero del Suelo - Pionera
40513,9,Bosque de Tierra Firme,TF2,5a,695,NO,Arecaceae,Bactris gasipaes Kunth,Bactris,gasipaes,0,0,0,0,0,,0,2012-09-08,2012,25.077583333333333,58.89999999999999,Bactris,Estrella Comercial - Frutal
40516,9,Bosque de Tierra Firme,TF2,5a,698,NO,Meliaceae,Cedrela fissilis Vell.,Cedrela,fissilis,0,0,0,0,0,desfoliado,0,2012-09-08,2012,25.077583333333333,58.89999999999999,Cedrela,Caja Fuerte - Maderable
40536,9,Bosque de Tierra Firme,TF3,1b,721,NO,Moraceae,Brosimum rubescens Taub.,Brosimum,rubescens,0,0,0,0,0,,0,2012-09-04,2012,25.077583333333333,58.89999999999999,Brosimum,Caja Fuerte - Maderable
40556,9,Bosque de Tierra Firme,TF3,2b,746,NO,Euphorbiaceae,Hevea guianensis Aubl.,Hevea,guianensis,0,0,0,0,0,,0,2012-09-04,2012,25.077583333333333,58.89999999999999,Hevea,Estrella Comercial - Industrial
40559,9,Bosque de Tierra Firme,TF3,2b,749,NO,Fabaceae,Cedrelinga catenaeformis (Ducke) Ducke,Cedrelinga,catenaeformis,0,0,0,0,0,,0,2012-09-04,2012,25.077583333333333,58.89999999999999,Cedrelinga,Caja Fuerte - Maderable / Fijador N
40562,9,Bosque de Tierra Firme,TF3,3a,756,NO,Fabaceae,Inga alba (Sw.) Willd.,Inga,alba,0,0,0,0,0,,0,2012-09-04,2012,25.077583333333333,58.89999999999999,Inga,Ingeniero del Suelo - Fijador N
40569,9,Bosque de Tierra Firme,TF3,4a,765,NO,Apocynaceae,Aspidosperma vargasii A.DC.,Aspidosperma,vargasii,0,0,0,0,0,desfoliando,0,2012-09-04,2012,25.077583333333333,58.89999999999999,Aspidosperma,Caja Fuerte - Maderable
40578,9,Bosque de Tierra Firme,TF3,4b,777,NO,Euphorbiaceae,Hevea guianensis Aubl.,Hevea,guianensis,3,4,0,0,0,,1,2012-09-04,2012,25.077583333333333,58.89999999999999,Hevea,Estrella Comercial - Industrial
40584,9,Bosque de Tierra Firme,TF3,5a,785,NO,Fabaceae,Copaifera reticulata Ducke,Copaifera,reticulata,0,0,0,3,0,,1,2012-09-04,2012,25.077583333333333,58.89999999999999,Copaifera,Estrella Comercial - Industrial
40588,9,Bosque de Tierra Firme,TF3,5a,790,NO,Euphorbiaceae,Hevea guianensis Aubl.,Hevea,guianensis,3,4,0,0,0,,1,2012-09-04,2012,25.077583333333333,58.89999999999999,Hevea,Estrella Comercial - Industrial
40593,9,Bosque de Tierra Firme,TF3,5b,796,NO,Fabaceae,Copaifera reticulata Ducke,Copaifera,reticulata,0,0,0,3,0,,1,2012-09-04,2012,25.077583333333333,58.89999999999999,Copaifera,Estrella Comercial - Industrial
40601,9,Bosque de Tierra Firme,TF4,1a,807,NO,Euphorbiaceae,Hevea guianensis Aubl.,Hevea,guianensis,0,0,0,0,0,,0,2012-09-04,2012,25.077583333333333,58.89999999999999,Hevea,Estrella Comercial - Industrial
40605,9,Bosque de Tierra Firme,TF4,1a,811,NO,Euphorbiaceae,Hevea guianensis Aubl.,Hevea,guianensis,0,4,0,0,0,,1,2012-09-04,2012,25.077583333333333,58.89999999999999,Hevea,Estrella Comercial - Industrial
40611,9,Bosque de Tierra Firme,TF4,1b,817,NO,Sapotaceae,Pouteria pariry (Ducke) Baehni,Pouteria,pariry,0,0,0,0,0,,0,2012-09-04,2012,25.077583333333333,58.89999999999999,Pouteria,Estrella Comercial - Frutal
40614,9,Bosque de Tierra Firme,TF4,1b,820,NO,Olacaceae,Aptandra tubicina (Poepp.) Benth. ex Miers,Aptandra,tubicina,0,0,0,0,0,,0,2012-09-04,2012,25.077583333333333,58.89999999999999,Aptandra,Ingeniero del Suelo - Pionera
40633,9,Bosque de Tierra Firme,TF4,2a,840,NO,Fabaceae,Inga stipularis DC.,Inga,stipularis,2,2,0,0,0,,1,2012-09-04,2012,25.077583333333333,58.89999999999999,Inga,Ingeniero del Suelo - Fijador N
40654,9,Bosque de Tierra Firme,TF4,3a,867,NO,Fabaceae,Inga punctata Willd.,Inga,punctata,0,0,0,0,0,,0,2012-09-04,2012,25.077583333333333,58.89999999999999,Inga,Ingeniero del Suelo - Fijador N
40662,9,Bosque de Tierra Firme,TF4,3a,876,NO,Bignonaceae,Jacaranda copaia (Aubl.) D.Don,Jacaranda,copaia,0,0,0,0,0,desfoliado,0,2012-09-04,2012,25.077583333333333,58.89999999999999,Jacaranda,Ingeniero del Suelo - Pionera
40670,9,Bosque de Tierra Firme,TF4,3b,884,NO,Apocynaceae,Aspidosperma nitidum Benth. ex Müll.Arg.,Aspidosperma,nitidum,0,0,0,0,0,,0,2012-09-04,2012,25.077583333333333,58.89999999999999,Aspidosperma,Caja Fuerte - Maderable
40677,9,Bosque de Tierra Firme,TF4,3b,891,NO,Sapotaceae,Pouteria tarapotensis (Eichler ex Pierre) Baehni,Pouteria,tarapotensis,0,0,0,0,0,,0,2012-09-04,2012,25.077583333333333,58.89999999999999,Pouteria,Estrella Comercial - Frutal
40689,9,Bosque de Tierra Firme,TF5,1a,903,NO,Sapotaceae,Pouteria procera (Mart.) K.Hammer,Pouteria,procera,0,0,0,0,0,,0,2012-09-09,2012,25.077583333333333,58.89999999999999,Pouteria,Estrella Comercial - Frutal
40695,9,Bosque de Tierra Firme,TF5,1a,911,NO,Fabaceae,Inga auristellae Harms,Inga,auristellae,0,0,0,0,0,,0,2012-09-09,2012,25.077583333333333,58.89999999999999,Inga,Ingeniero del Suelo - Fijador N
40699,9,Bosque de Tierra Firme,TF5,1b,915,NO,Fabaceae,Inga sp. 2,Inga,sp,0,0,0,0,0,,0,2012-09-09,2012,25.077583333333333,58.89999999999999,Inga,Ingeniero del Suelo - Fijador N
40702,9,Bosque de Tierra Firme,TF5,1b,918,NO,Fabaceae,Inga cordistipula Mart.,Inga,cordistipula,0,0,0,0,0,,0,2012-09-09,2012,25.077583333333333,58.89999999999999,Inga,Ingeniero del Suelo - Fijador N
40706,9,Bosque de Tierra Firme,TF5,2a,923,NO,Malvaceae,Theobroma speciosum Willd. ex Spreng.,Theobroma,speciosum,0,0,0,0,0,,0,2012-09-09,2012,25.077583333333333,58.89999999999999,Theobroma,Estrella Comercial - Frutal
40711,9,Bosque de Tierra Firme,TF5,2a,930,NO,Apocynaceae,Aspidosperma rigidum Rusby,Aspidosperma,rigidum,0,0,0,0,0,desfoliado,0,2012-09-09,2012,25.077583333333333,58.89999999999999,Aspidosperma,Caja Fuerte - Maderable
40713,9,Bosque de Tierra Firme,TF5,2b,934,NO,Fabaceae,Dipteryx micrantha Harms,Dipteryx,micrantha,0,0,0,0,0,,0,2012-09-09,2012,25.077583333333333,58.89999999999999,Dipteryx,Estrella Comercial - Industrial
40721,9,Bosque de Tierra Firme,TF5,3a,942,NO,Fabaceae,Inga edulis Mart.,Inga,edulis,0,2,2,0,0,,1,2012-09-09,2012,25.077583333333333,58.89999999999999,Inga,Ingeniero del Suelo - Fijador N
40725,9,Bosque de Tierra Firme,TF5,3a,946,NO,Fabaceae,Inga sp. 2,Inga,sp,0,2,3,0,0,,1,2012-09-09,2012,25.077583333333333,58.89999999999999,Inga,Ingeniero del Suelo - Fijador N
40733,9,Bosque de Tierra Firme,TF5,3b,959,NO,Fabaceae,Inga sp. 2,Inga,sp,3,0,0,0,0,,1,2012-09-09,2012,25.077583333333333,58.89999999999999,Inga,Ingeniero del Suelo - Fijador N
40739,9,Bosque de Tierra Firme,TF5,4a,968,NO,Sapotaceae,Pouteria sp. 3,Pouteria,sp,0,0,0,0,0,,0,2012-09-09,2012,25.077583333333333,58.89999999999999,Pouteria,Estrella Comercial - Frutal
40741,9,Bosque de Tierra Firme,TF5,4a,970,NO,Sapotaceae,Pouteria procera (Mart.) K.Hammer,Pouteria,procera,0,0,3,0,0,,1,2012-09-09,2012,25.077583333333333,58.89999999999999,Pouteria,Estrella Comercial - Frutal
40749,9,Bosque de Tierra Firme,TF5,4b,983,NO,Bignonaceae,Jacaranda copaia subsp. spectabilis (Mart. ex DC.) A.H.Gentry,Jacaranda,copaia subsp. spectabilis,0,0,0,0,0,,0,2012-09-09,2012,25.077583333333333,58.89999999999999,Jacaranda,Ingeniero del Suelo - Pionera
40752,9,Bosque de Tierra Firme,TF5,4b,986,NO,Sapotaceae,Pouteria tarapotensis (Eichler ex Pierre) Baehni,Pouteria,tarapotensis,0,0,0,0,0,,0,2012-09-09,2012,25.077583333333333,58.89999999999999,Pouteria,Estrella Comercial - Frutal
40754,9,Bosque de Tierra Firme,TF5,4b,988,NO,Moraceae,Brosimum acutifolium subsp. obovatum (Ducke) C.C.Berg,Brosimum,acutifolium subsp. obovatum,0,0,0,0,0,,0,2012-09-09,2012,25.077583333333333,58.89999999999999,Brosimum,Caja Fuerte - Maderable
40756,9,Bosque de Tierra Firme,TF5,4b,990,NO,Sapotaceae,Pouteria tarapotensis (Eichler ex Pierre) Baehni,Pouteria,tarapotensis,3,0,0,0,0,,1,2012-09-09,2012,25.077583333333333,58.89999999999999,Pouteria,Estrella Comercial - Frutal
40766,9,Bosque de Tierra Firme,TF5,5a,994A,NO,Apocynaceae,Aspidosperma rigidum Rusby,Aspidosperma,rigidum,0,0,0,0,0,desfoliado,0,2012-09-09,2012,25.077583333333333,58.89999999999999,Aspidosperma,Caja Fuerte - Maderable
40769,9,Bosque de Tierra Firme,TF5,5b,998,NO,Fabaceae,Swartzia myrtifolia Sm.,Swartzia,myrtifolia,3,0,0,0,0,,1,2012-09-09,2012,25.077583333333333,58.89999999999999,Swartzia,Ingeniero del Suelo - Fijador N
40773,9,Bosque de Tierra Firme,TF5,5b,958A,NO,Apocynaceae,Aspidosperma vargasii A.DC.,Aspidosperma,vargasii,0,0,0,0,0,,0,2012-09-09,2012,25.077583333333333,58.89999999999999,Aspidosperma,Caja Fuerte - Maderable
41701,10,Bosque de Tierra Firme,TF1,1a,501,NO,Fabaceae,Swartzia myrtifolia Sm.,Swartzia,myrtifolia,0,0,0,0,0,,0,2012-10-28,2012,25.604322580645164,140.84,Swartzia,Ingeniero del Suelo - Fijador N
41704,10,Bosque de Tierra Firme,TF1,1a,504,NO,Fabaceae,Swartzia tomentifera (Ducke) Ducke,Swartzia,tomentifera,0,0,0,0,0,,0,2012-10-28,2012,25.604322580645164,140.84,Swartzia,Ingeniero del Suelo - Fijador N
41706,10,Bosque de Tierra Firme,TF1,1a,506,NO,Apocynaceae,Aspidosperma nitidum Benth. ex Müll.Arg.,Aspidosperma,nitidum,0,0,0,0,0,,0,2012-10-28,2012,25.604322580645164,140.84,Aspidosperma,Caja Fuerte - Maderable
41712,10,Bosque de Tierra Firme,TF1,1b,512,NO,Sapotaceae,Pouteria procera (Mart.) K.Hammer,Pouteria,procera,0,0,0,0,0,,0,2012-10-28,2012,25.604322580645164,140.84,Pouteria,Estrella Comercial - Frutal
41713,10,Bosque de Tierra Firme,TF1,1b,513,NO,Euphorbiaceae,Croton sp.,Croton,sp,3,0,0,0,0,,1,2012-10-28,2012,25.604322580645164,140.84,Croton,Estrella Comercial - Industrial
41724,10,Bosque de Tierra Firme,TF1,2b,528,NO,Fabaceae,Erythrina ulei Harms,Erythrina,ulei,0,0,0,0,0,desfoliado,0,2012-10-28,2012,25.604322580645164,140.84,Erythrina,Ingeniero del Suelo - Fijador N
41725,10,Bosque de Tierra Firme,TF1,2b,529,NO,Fabaceae,Erythrina ulei Harms,Erythrina,ulei,0,0,0,0,0,desfoliado,0,2012-10-28,2012,25.604322580645164,140.84,Erythrina,Ingeniero del Suelo - Fijador N
41737,10,Bosque de Tierra Firme,TF1,3b,547,NO,Fabaceae,Erythrina ulei Harms,Erythrina,ulei,0,0,0,0,0,desfoliado,0,2012-10-28,2012,25.604322580645164,140.84,Erythrina,Ingeniero del Suelo - Fijador N
41745,10,Bosque de Tierra Firme,TF1,4b,559,NO,Sapotaceae,Pouteria pariry (Ducke) Baehni,Pouteria,pariry,0,0,0,0,0,hojas nuevas,0,2012-10-28,2012,25.604322580645164,140.84,Pouteria,Estrella Comercial - Frutal
41746,10,Bosque de Tierra Firme,TF1,4b,560,NO,Fabaceae,Erythrina ulei Harms,Erythrina,ulei,0,0,0,0,0,desfoliado,0,2012-10-28,2012,25.604322580645164,140.84,Erythrina,Ingeniero del Suelo - Fijador N
41749,10,Bosque de Tierra Firme,TF1,5a,564,NO,Fabaceae,Hymenaea courbaril L.,Hymenaea,courbaril,3,0,0,0,0,,1,2012-10-28,2012,25.604322580645164,140.84,Hymenaea,Estrella Comercial - Frutal
41761,10,Bosque de Tierra Firme,TF1,6a,580,NO,Sapotaceae,Pouteria sp. 3,Pouteria,sp,0,0,0,0,0,,0,2012-10-28,2012,25.604322580645164,140.84,Pouteria,Estrella Comercial - Frutal
41762,10,Bosque de Tierra Firme,TF1,6a,581,NO,Fabaceae,Swartzia myrtifolia Sm.,Swartzia,myrtifolia,0,0,0,2,0,,1,2012-10-28,2012,25.604322580645164,140.84,Swartzia,Ingeniero del Suelo - Fijador N
41765,10,Bosque de Tierra Firme,TF1,6b,589,NO,Fabaceae,Hymenaea courbaril L.,Hymenaea,courbaril,4,0,0,0,0,,1,2012-10-28,2012,25.604322580645164,140.84,Hymenaea,Estrella Comercial - Frutal
41783,10,Bosque de Tierra Firme,TF2,1b,614,NO,Fabaceae,Copaifera reticulata Ducke,Copaifera,reticulata,0,0,0,0,0,,0,2012-10-28,2012,25.604322580645164,140.84,Copaifera,Estrella Comercial - Industrial
41786,10,Bosque de Tierra Firme,TF2,1b,617,NO,Sapotaceae,Pouteria sp. 2,Pouteria,sp,0,0,0,0,0,,0,2012-10-28,2012,25.604322580645164,140.84,Pouteria,Estrella Comercial - Frutal
41791,10,Bosque de Tierra Firme,TF2,1b,624,NO,Euphorbiaceae,Hevea guianensis Aubl.,Hevea,guianensis,0,0,0,0,0,,0,2012-10-28,2012,25.604322580645164,140.84,Hevea,Estrella Comercial - Industrial
41795,10,Bosque de Tierra Firme,TF2,2a,629,NO,Euphorbiaceae,Hevea guianensis Aubl.,Hevea,guianensis,0,0,0,0,0,,0,2012-10-28,2012,25.604322580645164,140.84,Hevea,Estrella Comercial - Industrial
41802,10,Bosque de Tierra Firme,TF2,2b,638,NO,Moraceae,Brosimum rubescens Taub.,Brosimum,rubescens,0,0,0,0,0,,0,2012-10-28,2012,25.604322580645164,140.84,Brosimum,Caja Fuerte - Maderable
41808,10,Bosque de Tierra Firme,TF2,3a,648,NO,Sapotaceae,Pouteria torta (Mart.) Radlk.,Pouteria,torta,0,0,0,0,0,,0,2012-10-28,2012,25.604322580645164,140.84,Pouteria,Estrella Comercial - Frutal
41813,10,Bosque de Tierra Firme,TF2,3b,654,NO,Fabaceae,Inga sapindoides Willd.,Inga,sapindoides,0,0,0,0,0,,0,2012-10-28,2012,25.604322580645164,140.84,Inga,Ingeniero del Suelo - Fijador N
41818,10,Bosque de Tierra Firme,TF2,4a,661,NO,Euphorbiaceae,Hevea guianensis Aubl.,Hevea,guianensis,0,0,0,0,0,hojas nuevas,0,2012-10-28,2012,25.604322580645164,140.84,Hevea,Estrella Comercial - Industrial
41824,10,Bosque de Tierra Firme,TF2,4a,669,NO,Fabaceae,Tachigali vasquezii Pipoly,Tachigali,vasquezii,0,0,0,0,0,,0,2012-10-28,2012,25.604322580645164,140.84,Tachigali,Ingeniero del Suelo - Fijador N
41832,10,Bosque de Tierra Firme,TF2,4b,681,NO,Malvaceae,Theobroma speciosum Willd. ex Spreng.,Theobroma,speciosum,0,0,0,0,0,,0,2012-10-28,2012,25.604322580645164,140.84,Theobroma,Estrella Comercial - Frutal
41845,10,Bosque de Tierra Firme,TF2,5a,695,NO,Arecaceae,Bactris gasipaes Kunth,Bactris,gasipaes,0,0,0,0,0,,0,2012-10-28,2012,25.604322580645164,140.84,Bactris,Estrella Comercial - Frutal
41848,10,Bosque de Tierra Firme,TF2,5a,698,NO,Meliaceae,Cedrela fissilis Vell.,Cedrela,fissilis,0,0,0,0,0,desfoliado,0,2012-10-28,2012,25.604322580645164,140.84,Cedrela,Caja Fuerte - Maderable
41868,10,Bosque de Tierra Firme,TF3,1b,721,NO,Moraceae,Brosimum rubescens Taub.,Brosimum,rubescens,0,0,0,0,0,,0,2012-10-24,2012,25.604322580645164,140.84,Brosimum,Caja Fuerte - Maderable
41888,10,Bosque de Tierra Firme,TF3,2b,746,NO,Euphorbiaceae,Hevea guianensis Aubl.,Hevea,guianensis,0,0,0,0,0,,0,2012-10-24,2012,25.604322580645164,140.84,Hevea,Estrella Comercial - Industrial
41891,10,Bosque de Tierra Firme,TF3,2b,749,NO,Fabaceae,Cedrelinga catenaeformis (Ducke) Ducke,Cedrelinga,catenaeformis,0,0,0,0,0,,0,2012-10-24,2012,25.604322580645164,140.84,Cedrelinga,Caja Fuerte - Maderable / Fijador N
41894,10,Bosque de Tierra Firme,TF3,3a,756,NO,Fabaceae,Inga alba (Sw.) Willd.,Inga,alba,0,0,0,0,0,,0,2012-10-24,2012,25.604322580645164,140.84,Inga,Ingeniero del Suelo - Fijador N
41901,10,Bosque de Tierra Firme,TF3,4a,765,NO,Apocynaceae,Aspidosperma vargasii A.DC.,Aspidosperma,vargasii,0,0,0,0,0,desfoliando,0,2012-10-24,2012,25.604322580645164,140.84,Aspidosperma,Caja Fuerte - Maderable
41910,10,Bosque de Tierra Firme,TF3,4b,777,NO,Euphorbiaceae,Hevea guianensis Aubl.,Hevea,guianensis,0,0,1,0,0,,1,2012-10-24,2012,25.604322580645164,140.84,Hevea,Estrella Comercial - Industrial
41916,10,Bosque de Tierra Firme,TF3,5a,785,NO,Fabaceae,Copaifera reticulata Ducke,Copaifera,reticulata,0,0,0,2,2,,1,2012-10-24,2012,25.604322580645164,140.84,Copaifera,Estrella Comercial - Industrial
41920,10,Bosque de Tierra Firme,TF3,5a,790,NO,Euphorbiaceae,Hevea guianensis Aubl.,Hevea,guianensis,0,0,1,0,0,,1,2012-10-24,2012,25.604322580645164,140.84,Hevea,Estrella Comercial - Industrial
41925,10,Bosque de Tierra Firme,TF3,5b,796,NO,Fabaceae,Copaifera reticulata Ducke,Copaifera,reticulata,0,0,0,0,2,,0,2012-10-24,2012,25.604322580645164,140.84,Copaifera,Estrella Comercial - Industrial
41933,10,Bosque de Tierra Firme,TF4,1a,807,NO,Euphorbiaceae,Hevea guianensis Aubl.,Hevea,guianensis,0,0,0,0,0,,0,2012-10-24,2012,25.604322580645164,140.84,Hevea,Estrella Comercial - Industrial
41937,10,Bosque de Tierra Firme,TF4,1a,811,NO,Euphorbiaceae,Hevea guianensis Aubl.,Hevea,guianensis,0,0,1,0,0,,1,2012-10-24,2012,25.604322580645164,140.84,Hevea,Estrella Comercial - Industrial
41943,10,Bosque de Tierra Firme,TF4,1b,817,NO,Sapotaceae,Pouteria pariry (Ducke) Baehni,Pouteria,pariry,0,0,0,0,0,,0,2012-10-24,2012,25.604322580645164,140.84,Pouteria,Estrella Comercial - Frutal
41946,10,Bosque de Tierra Firme,TF4,1b,820,NO,Olacaceae,Aptandra tubicina (Poepp.) Benth. ex Miers,Aptandra,tubicina,0,0,0,0,0,,0,2012-10-24,2012,25.604322580645164,140.84,Aptandra,Ingeniero del Suelo - Pionera
41965,10,Bosque de Tierra Firme,TF4,2a,840,NO,Fabaceae,Inga stipularis DC.,Inga,stipularis,0,0,0,0,0,,0,2012-10-24,2012,25.604322580645164,140.84,Inga,Ingeniero del Suelo - Fijador N
41986,10,Bosque de Tierra Firme,TF4,3a,867,NO,Fabaceae,Inga punctata Willd.,Inga,punctata,0,0,0,0,0,,0,2012-10-24,2012,25.604322580645164,140.84,Inga,Ingeniero del Suelo - Fijador N
41994,10,Bosque de Tierra Firme,TF4,3a,876,NO,Bignonaceae,Jacaranda copaia (Aubl.) D.Don,Jacaranda,copaia,0,0,0,0,0,,0,2012-10-24,2012,25.604322580645164,140.84,Jacaranda,Ingeniero del Suelo - Pionera
42002,10,Bosque de Tierra Firme,TF4,3b,884,NO,Apocynaceae,Aspidosperma nitidum Benth. ex Müll.Arg.,Aspidosperma,nitidum,0,0,0,0,0,,0,2012-10-24,2012,25.604322580645164,140.84,Aspidosperma,Caja Fuerte - Maderable
42009,10,Bosque de Tierra Firme,TF4,3b,891,NO,Sapotaceae,Pouteria tarapotensis (Eichler ex Pierre) Baehni,Pouteria,tarapotensis,0,0,0,0,0,,0,2012-10-24,2012,25.604322580645164,140.84,Pouteria,Estrella Comercial - Frutal
42021,10,Bosque de Tierra Firme,TF5,1a,903,NO,Sapotaceae,Pouteria procera (Mart.) K.Hammer,Pouteria,procera,0,0,0,0,0,,0,2012-10-23,2012,25.604322580645164,140.84,Pouteria,Estrella Comercial - Frutal
42027,10,Bosque de Tierra Firme,TF5,1a,911,NO,Fabaceae,Inga auristellae Harms,Inga,auristellae,0,0,1,0,0,,1,2012-10-23,2012,25.604322580645164,140.84,Inga,Ingeniero del Suelo - Fijador N
42031,10,Bosque de Tierra Firme,TF5,1b,915,NO,Fabaceae,Inga sp. 2,Inga,sp,0,0,0,0,0,,0,2012-10-23,2012,25.604322580645164,140.84,Inga,Ingeniero del Suelo - Fijador N
42034,10,Bosque de Tierra Firme,TF5,1b,918,NO,Fabaceae,Inga cordistipula Mart.,Inga,cordistipula,0,0,0,0,0,,0,2012-10-23,2012,25.604322580645164,140.84,Inga,Ingeniero del Suelo - Fijador N
42038,10,Bosque de Tierra Firme,TF5,2a,923,NO,Malvaceae,Theobroma speciosum Willd. ex Spreng.,Theobroma,speciosum,0,0,0,0,0,,0,2012-10-23,2012,25.604322580645164,140.84,Theobroma,Estrella Comercial - Frutal
42043,10,Bosque de Tierra Firme,TF5,2a,930,NO,Apocynaceae,Aspidosperma rigidum Rusby,Aspidosperma,rigidum,0,4,0,0,0,desfoliado,1,2012-10-23,2012,25.604322580645164,140.84,Aspidosperma,Caja Fuerte - Maderable
42044,10,Bosque de Tierra Firme,TF5,2b,934,NO,Fabaceae,Dipteryx micrantha Harms,Dipteryx,micrantha,0,0,0,0,0,,0,2012-10-23,2012,25.604322580645164,140.84,Dipteryx,Estrella Comercial - Industrial
42052,10,Bosque de Tierra Firme,TF5,3a,942,NO,Fabaceae,Inga edulis Mart.,Inga,edulis,0,0,1,0,0,,1,2012-10-23,2012,25.604322580645164,140.84,Inga,Ingeniero del Suelo - Fijador N
42056,10,Bosque de Tierra Firme,TF5,3a,946,NO,Fabaceae,Inga sp. 2,Inga,sp,2,0,0,0,0,,1,2012-10-23,2012,25.604322580645164,140.84,Inga,Ingeniero del Suelo - Fijador N
42064,10,Bosque de Tierra Firme,TF5,3b,959,NO,Fabaceae,Inga sp. 2,Inga,sp,0,0,0,1,0,,1,2012-10-23,2012,25.604322580645164,140.84,Inga,Ingeniero del Suelo - Fijador N
42070,10,Bosque de Tierra Firme,TF5,4a,968,NO,Sapotaceae,Pouteria sp. 3,Pouteria,sp,3,0,0,0,0,,1,2012-10-23,2012,25.604322580645164,140.84,Pouteria,Estrella Comercial - Frutal
42072,10,Bosque de Tierra Firme,TF5,4a,970,NO,Sapotaceae,Pouteria procera (Mart.) K.Hammer,Pouteria,procera,0,0,3,0,0,,1,2012-10-23,2012,25.604322580645164,140.84,Pouteria,Estrella Comercial - Frutal
42080,10,Bosque de Tierra Firme,TF5,4b,983,NO,Bignonaceae,Jacaranda copaia subsp. spectabilis (Mart. ex DC.) A.H.Gentry,Jacaranda,copaia subsp. spectabilis,0,0,0,0,0,,0,2012-10-23,2012,25.604322580645164,140.84,Jacaranda,Ingeniero del Suelo - Pionera
42083,10,Bosque de Tierra Firme,TF5,4b,986,NO,Sapotaceae,Pouteria tarapotensis (Eichler ex Pierre) Baehni,Pouteria,tarapotensis,0,0,0,0,0,,0,2012-10-23,2012,25.604322580645164,140.84,Pouteria,Estrella Comercial - Frutal
42085,10,Bosque de Tierra Firme,TF5,4b,988,NO,Moraceae,Brosimum acutifolium subsp. obovatum (Ducke) C.C.Berg,Brosimum,acutifolium subsp. obovatum,0,0,0,0,0,,0,2012-10-23,2012,25.604322580645164,140.84,Brosimum,Caja Fuerte - Maderable
42087,10,Bosque de Tierra Firme,TF5,4b,990,NO,Sapotaceae,Pouteria tarapotensis (Eichler ex Pierre) Baehni,Pouteria,tarapotensis,0,2,0,0,0,,1,2012-10-23,2012,25.604322580645164,140.84,Pouteria,Estrella Comercial - Frutal
42097,10,Bosque de Tierra Firme,TF5,5a,994A,NO,Apocynaceae,Aspidosperma rigidum Rusby,Aspidosperma,rigidum,0,0,0,0,0,desfoliado,0,2012-10-23,2012,25.604322580645164,140.84,Aspidosperma,Caja Fuerte - Maderable
42100,10,Bosque de Tierra Firme,TF5,5b,998,NO,Fabaceae,Swartzia myrtifolia Sm.,Swartzia,myrtifolia,0,0,0,0,0,,0,2012-10-23,2012,25.604322580645164,140.84,Swartzia,Ingeniero del Suelo - Fijador N
42103,10,Bosque de Tierra Firme,TF5,5b,958A,NO,Apocynaceae,Aspidosperma vargasii A.DC.,Aspidosperma,vargasii,0,0,0,0,0,,0,2012-10-23,2012,25.604322580645164,140.84,Aspidosperma,Caja Fuerte - Maderable
43031,11,Bosque de Tierra Firme,TF1,1a,501,NO,Fabaceae,Swartzia myrtifolia Sm.,Swartzia,myrtifolia,0,0,0,0,0,,0,2012-11-19,2012,26.310366666666667,227.39000000000001,Swartzia,Ingeniero del Suelo - Fijador N
43034,11,Bosque de Tierra Firme,TF1,1a,504,NO,Fabaceae,Swartzia tomentifera (Ducke) Ducke,Swartzia,tomentifera,0,0,0,0,0,,0,2012-11-19,2012,26.310366666666667,227.39000000000001,Swartzia,Ingeniero del Suelo - Fijador N
43036,11,Bosque de Tierra Firme,TF1,1a,506,NO,Apocynaceae,Aspidosperma nitidum Benth. ex Müll.Arg.,Aspidosperma,nitidum,0,0,0,0,0,,0,2012-11-19,2012,26.310366666666667,227.39000000000001,Aspidosperma,Caja Fuerte - Maderable
43042,11,Bosque de Tierra Firme,TF1,1b,512,NO,Sapotaceae,Pouteria procera (Mart.) K.Hammer,Pouteria,procera,0,0,0,0,0,,0,2012-11-19,2012,26.310366666666667,227.39000000000001,Pouteria,Estrella Comercial - Frutal
43043,11,Bosque de Tierra Firme,TF1,1b,513,NO,Euphorbiaceae,Croton sp.,Croton,sp,3,3,0,0,0,,1,2012-11-19,2012,26.310366666666667,227.39000000000001,Croton,Estrella Comercial - Industrial
43054,11,Bosque de Tierra Firme,TF1,2b,528,NO,Fabaceae,Erythrina ulei Harms,Erythrina,ulei,0,0,0,0,0,desfoliado,0,2012-11-19,2012,26.310366666666667,227.39000000000001,Erythrina,Ingeniero del Suelo - Fijador N
43055,11,Bosque de Tierra Firme,TF1,2b,529,NO,Fabaceae,Erythrina ulei Harms,Erythrina,ulei,0,0,0,0,0,desfoliado,0,2012-11-19,2012,26.310366666666667,227.39000000000001,Erythrina,Ingeniero del Suelo - Fijador N
43067,11,Bosque de Tierra Firme,TF1,3b,547,NO,Fabaceae,Erythrina ulei Harms,Erythrina,ulei,0,0,0,0,0,desfoliado,0,2012-11-19,2012,26.310366666666667,227.39000000000001,Erythrina,Ingeniero del Suelo - Fijador N
43075,11,Bosque de Tierra Firme,TF1,4b,559,NO,Sapotaceae,Pouteria pariry (Ducke) Baehni,Pouteria,pariry,0,0,0,0,0,,0,2012-11-19,2012,26.310366666666667,227.39000000000001,Pouteria,Estrella Comercial - Frutal
43076,11,Bosque de Tierra Firme,TF1,4b,560,NO,Fabaceae,Erythrina ulei Harms,Erythrina,ulei,0,0,0,0,0,desfoliado,0,2012-11-19,2012,26.310366666666667,227.39000000000001,Erythrina,Ingeniero del Suelo - Fijador N
43079,11,Bosque de Tierra Firme,TF1,5a,564,NO,Fabaceae,Hymenaea courbaril L.,Hymenaea,courbaril,0,0,1,1,0,,1,2012-11-19,2012,26.310366666666667,227.39000000000001,Hymenaea,Estrella Comercial - Frutal
43091,11,Bosque de Tierra Firme,TF1,6a,580,NO,Sapotaceae,Pouteria sp. 3,Pouteria,sp,0,0,0,0,0,,0,2012-11-19,2012,26.310366666666667,227.39000000000001,Pouteria,Estrella Comercial - Frutal
43092,11,Bosque de Tierra Firme,TF1,6a,581,NO,Fabaceae,Swartzia myrtifolia Sm.,Swartzia,myrtifolia,0,0,0,1,0,,1,2012-11-19,2012,26.310366666666667,227.39000000000001,Swartzia,Ingeniero del Suelo - Fijador N
43095,11,Bosque de Tierra Firme,TF1,6b,589,NO,Fabaceae,Hymenaea courbaril L.,Hymenaea,courbaril,4,4,0,0,0,,1,2012-11-19,2012,26.310366666666667,227.39000000000001,Hymenaea,Estrella Comercial - Frutal
43113,11,Bosque de Tierra Firme,TF2,1b,614,NO,Fabaceae,Copaifera reticulata Ducke,Copaifera,reticulata,0,0,0,0,0,,0,2012-11-19,2012,26.310366666666667,227.39000000000001,Copaifera,Estrella Comercial - Industrial
43116,11,Bosque de Tierra Firme,TF2,1b,617,NO,Sapotaceae,Pouteria sp. 2,Pouteria,sp,0,0,0,0,0,,0,2012-11-19,2012,26.310366666666667,227.39000000000001,Pouteria,Estrella Comercial - Frutal
43121,11,Bosque de Tierra Firme,TF2,1b,624,NO,Euphorbiaceae,Hevea guianensis Aubl.,Hevea,guianensis,0,0,0,0,0,,0,2012-11-19,2012,26.310366666666667,227.39000000000001,Hevea,Estrella Comercial - Industrial
43125,11,Bosque de Tierra Firme,TF2,2a,629,NO,Euphorbiaceae,Hevea guianensis Aubl.,Hevea,guianensis,0,0,0,0,0,,0,2012-11-19,2012,26.310366666666667,227.39000000000001,Hevea,Estrella Comercial - Industrial
43132,11,Bosque de Tierra Firme,TF2,2b,638,NO,Moraceae,Brosimum rubescens Taub.,Brosimum,rubescens,0,0,0,0,0,,0,2012-11-19,2012,26.310366666666667,227.39000000000001,Brosimum,Caja Fuerte - Maderable
43138,11,Bosque de Tierra Firme,TF2,3a,648,NO,Sapotaceae,Pouteria torta (Mart.) Radlk.,Pouteria,torta,0,0,0,0,0,,0,2012-11-19,2012,26.310366666666667,227.39000000000001,Pouteria,Estrella Comercial - Frutal
43143,11,Bosque de Tierra Firme,TF2,3b,654,NO,Fabaceae,Inga sapindoides Willd.,Inga,sapindoides,0,0,0,0,0,,0,2012-11-19,2012,26.310366666666667,227.39000000000001,Inga,Ingeniero del Suelo - Fijador N
43148,11,Bosque de Tierra Firme,TF2,4a,661,NO,Euphorbiaceae,Hevea guianensis Aubl.,Hevea,guianensis,0,0,0,0,0,,0,2012-11-19,2012,26.310366666666667,227.39000000000001,Hevea,Estrella Comercial - Industrial
43154,11,Bosque de Tierra Firme,TF2,4a,669,NO,Fabaceae,Tachigali vasquezii Pipoly,Tachigali,vasquezii,0,0,0,0,0,,0,2012-11-19,2012,26.310366666666667,227.39000000000001,Tachigali,Ingeniero del Suelo - Fijador N
43162,11,Bosque de Tierra Firme,TF2,4b,681,NO,Malvaceae,Theobroma speciosum Willd. ex Spreng.,Theobroma,speciosum,0,0,0,0,0,,0,2012-11-19,2012,26.310366666666667,227.39000000000001,Theobroma,Estrella Comercial - Frutal
43175,11,Bosque de Tierra Firme,TF2,5a,695,NO,Arecaceae,Bactris gasipaes Kunth,Bactris,gasipaes,0,0,0,0,0,,0,2012-11-19,2012,26.310366666666667,227.39000000000001,Bactris,Estrella Comercial - Frutal
43178,11,Bosque de Tierra Firme,TF2,5a,698,NO,Meliaceae,Cedrela fissilis Vell.,Cedrela,fissilis,0,0,0,0,0,hojas nuevas,0,2012-11-19,2012,26.310366666666667,227.39000000000001,Cedrela,Caja Fuerte - Maderable
43198,11,Bosque de Tierra Firme,TF3,1b,721,NO,Moraceae,Brosimum rubescens Taub.,Brosimum,rubescens,0,0,0,0,0,,0,2012-11-20,2012,26.310366666666667,227.39000000000001,Brosimum,Caja Fuerte - Maderable
43218,11,Bosque de Tierra Firme,TF3,2b,746,NO,Euphorbiaceae,Hevea guianensis Aubl.,Hevea,guianensis,0,0,0,0,0,,0,2012-11-20,2012,26.310366666666667,227.39000000000001,Hevea,Estrella Comercial - Industrial
43221,11,Bosque de Tierra Firme,TF3,2b,749,NO,Fabaceae,Cedrelinga catenaeformis (Ducke) Ducke,Cedrelinga,catenaeformis,0,0,0,0,0,,0,2012-11-20,2012,26.310366666666667,227.39000000000001,Cedrelinga,Caja Fuerte - Maderable / Fijador N
43224,11,Bosque de Tierra Firme,TF3,3a,756,NO,Fabaceae,Inga alba (Sw.) Willd.,Inga,alba,0,0,0,0,0,,0,2012-11-20,2012,26.310366666666667,227.39000000000001,Inga,Ingeniero del Suelo - Fijador N
43231,11,Bosque de Tierra Firme,TF3,4a,765,NO,Apocynaceae,Aspidosperma vargasii A.DC.,Aspidosperma,vargasii,0,0,0,0,0,,0,2012-11-20,2012,26.310366666666667,227.39000000000001,Aspidosperma,Caja Fuerte - Maderable
43240,11,Bosque de Tierra Firme,TF3,4b,777,NO,Euphorbiaceae,Hevea guianensis Aubl.,Hevea,guianensis,0,0,0,0,0,liana,0,2012-11-20,2012,26.310366666666667,227.39000000000001,Hevea,Estrella Comercial - Industrial
43246,11,Bosque de Tierra Firme,TF3,5a,785,NO,Fabaceae,Copaifera reticulata Ducke,Copaifera,reticulata,0,0,0,0,2,,0,2012-11-20,2012,26.310366666666667,227.39000000000001,Copaifera,Estrella Comercial - Industrial
43250,11,Bosque de Tierra Firme,TF3,5a,790,NO,Euphorbiaceae,Hevea guianensis Aubl.,Hevea,guianensis,0,0,1,0,0,,1,2012-11-20,2012,26.310366666666667,227.39000000000001,Hevea,Estrella Comercial - Industrial
43255,11,Bosque de Tierra Firme,TF3,5b,796,NO,Fabaceae,Copaifera reticulata Ducke,Copaifera,reticulata,0,0,0,0,1,,0,2012-11-20,2012,26.310366666666667,227.39000000000001,Copaifera,Estrella Comercial - Industrial
43263,11,Bosque de Tierra Firme,TF4,1a,807,NO,Euphorbiaceae,Hevea guianensis Aubl.,Hevea,guianensis,0,0,0,0,0,,0,2012-11-20,2012,26.310366666666667,227.39000000000001,Hevea,Estrella Comercial - Industrial
43267,11,Bosque de Tierra Firme,TF4,1a,811,NO,Euphorbiaceae,Hevea guianensis Aubl.,Hevea,guianensis,0,0,1,0,0,,1,2012-11-20,2012,26.310366666666667,227.39000000000001,Hevea,Estrella Comercial - Industrial
43273,11,Bosque de Tierra Firme,TF4,1b,817,NO,Sapotaceae,Pouteria pariry (Ducke) Baehni,Pouteria,pariry,0,0,0,0,0,,0,2012-11-20,2012,26.310366666666667,227.39000000000001,Pouteria,Estrella Comercial - Frutal
43276,11,Bosque de Tierra Firme,TF4,1b,820,NO,Olacaceae,Aptandra tubicina (Poepp.) Benth. ex Miers,Aptandra,tubicina,0,0,0,0,0,,0,2012-11-20,2012,26.310366666666667,227.39000000000001,Aptandra,Ingeniero del Suelo - Pionera
43295,11,Bosque de Tierra Firme,TF4,2a,840,NO,Fabaceae,Inga stipularis DC.,Inga,stipularis,0,0,0,0,0,,0,2012-11-20,2012,26.310366666666667,227.39000000000001,Inga,Ingeniero del Suelo - Fijador N
43316,11,Bosque de Tierra Firme,TF4,3a,867,NO,Fabaceae,Inga punctata Willd.,Inga,punctata,0,0,0,0,0,,0,2012-11-20,2012,26.310366666666667,227.39000000000001,Inga,Ingeniero del Suelo - Fijador N
43324,11,Bosque de Tierra Firme,TF4,3a,876,NO,Bignonaceae,Jacaranda copaia (Aubl.) D.Don,Jacaranda,copaia,0,0,0,0,0,,0,2012-11-20,2012,26.310366666666667,227.39000000000001,Jacaranda,Ingeniero del Suelo - Pionera
43332,11,Bosque de Tierra Firme,TF4,3b,884,NO,Apocynaceae,Aspidosperma nitidum Benth. ex Müll.Arg.,Aspidosperma,nitidum,0,0,0,0,0,,0,2012-11-20,2012,26.310366666666667,227.39000000000001,Aspidosperma,Caja Fuerte - Maderable
43339,11,Bosque de Tierra Firme,TF4,3b,891,NO,Sapotaceae,Pouteria tarapotensis (Eichler ex Pierre) Baehni,Pouteria,tarapotensis,0,0,0,0,0,,0,2012-11-20,2012,26.310366666666667,227.39000000000001,Pouteria,Estrella Comercial - Frutal
43351,11,Bosque de Tierra Firme,TF5,1a,903,NO,Sapotaceae,Pouteria procera (Mart.) K.Hammer,Pouteria,procera,0,0,2,0,0,,1,2012-11-27,2012,26.310366666666667,227.39000000000001,Pouteria,Estrella Comercial - Frutal
43357,11,Bosque de Tierra Firme,TF5,1a,911,NO,Fabaceae,Inga auristellae Harms,Inga,auristellae,2,0,0,0,0,,1,2012-11-27,2012,26.310366666666667,227.39000000000001,Inga,Ingeniero del Suelo - Fijador N
43361,11,Bosque de Tierra Firme,TF5,1b,915,NO,Fabaceae,Inga sp. 2,Inga,sp,0,0,0,0,0,,0,2012-11-27,2012,26.310366666666667,227.39000000000001,Inga,Ingeniero del Suelo - Fijador N
43364,11,Bosque de Tierra Firme,TF5,1b,918,NO,Fabaceae,Inga cordistipula Mart.,Inga,cordistipula,0,0,0,0,0,,0,2012-11-27,2012,26.310366666666667,227.39000000000001,Inga,Ingeniero del Suelo - Fijador N
43368,11,Bosque de Tierra Firme,TF5,2a,923,NO,Malvaceae,Theobroma speciosum Willd. ex Spreng.,Theobroma,speciosum,0,0,1,0,0,,1,2012-11-27,2012,26.310366666666667,227.39000000000001,Theobroma,Estrella Comercial - Frutal
43373,11,Bosque de Tierra Firme,TF5,2a,930,NO,Apocynaceae,Aspidosperma rigidum Rusby,Aspidosperma,rigidum,0,0,1,0,0,,1,2012-11-27,2012,26.310366666666667,227.39000000000001,Aspidosperma,Caja Fuerte - Maderable
43374,11,Bosque de Tierra Firme,TF5,2b,934,NO,Fabaceae,Dipteryx micrantha Harms,Dipteryx,micrantha,0,3,0,0,0,,1,2012-11-27,2012,26.310366666666667,227.39000000000001,Dipteryx,Estrella Comercial - Industrial
43382,11,Bosque de Tierra Firme,TF5,3a,942,NO,Fabaceae,Inga edulis Mart.,Inga,edulis,0,0,1,0,0,,1,2012-11-27,2012,26.310366666666667,227.39000000000001,Inga,Ingeniero del Suelo - Fijador N
43386,11,Bosque de Tierra Firme,TF5,3a,946,NO,Fabaceae,Inga sp. 2,Inga,sp,0,0,2,1,0,,1,2012-11-27,2012,26.310366666666667,227.39000000000001,Inga,Ingeniero del Suelo - Fijador N
43394,11,Bosque de Tierra Firme,TF5,3b,959,NO,Fabaceae,Inga sp. 2,Inga,sp,0,0,1,1,0,,1,2012-11-27,2012,26.310366666666667,227.39000000000001,Inga,Ingeniero del Suelo - Fijador N
43400,11,Bosque de Tierra Firme,TF5,4a,968,NO,Sapotaceae,Pouteria sp. 3,Pouteria,sp,3,4,0,0,0,,1,2012-11-27,2012,26.310366666666667,227.39000000000001,Pouteria,Estrella Comercial - Frutal
43402,11,Bosque de Tierra Firme,TF5,4a,970,NO,Sapotaceae,Pouteria procera (Mart.) K.Hammer,Pouteria,procera,0,0,0,2,0,,1,2012-11-27,2012,26.310366666666667,227.39000000000001,Pouteria,Estrella Comercial - Frutal
43410,11,Bosque de Tierra Firme,TF5,4b,983,NO,Bignonaceae,Jacaranda copaia subsp. spectabilis (Mart. ex DC.) A.H.Gentry,Jacaranda,copaia subsp. spectabilis,0,0,0,0,0,,0,2012-11-27,2012,26.310366666666667,227.39000000000001,Jacaranda,Ingeniero del Suelo - Pionera
43413,11,Bosque de Tierra Firme,TF5,4b,986,NO,Sapotaceae,Pouteria tarapotensis (Eichler ex Pierre) Baehni,Pouteria,tarapotensis,0,0,3,0,0,,1,2012-11-27,2012,26.310366666666667,227.39000000000001,Pouteria,Estrella Comercial - Frutal
43415,11,Bosque de Tierra Firme,TF5,4b,988,NO,Moraceae,Brosimum acutifolium subsp. obovatum (Ducke) C.C.Berg,Brosimum,acutifolium subsp. obovatum,0,0,0,0,0,,0,2012-11-27,2012,26.310366666666667,227.39000000000001,Brosimum,Caja Fuerte - Maderable
43417,11,Bosque de Tierra Firme,TF5,4b,990,NO,Sapotaceae,Pouteria tarapotensis (Eichler ex Pierre) Baehni,Pouteria,tarapotensis,0,0,4,0,0,,1,2012-11-27,2012,26.310366666666667,227.39000000000001,Pouteria,Estrella Comercial - Frutal
43427,11,Bosque de Tierra Firme,TF5,5a,994A,NO,Apocynaceae,Aspidosperma rigidum Rusby,Aspidosperma,rigidum,0,0,0,0,0,,0,2012-11-27,2012,26.310366666666667,227.39000000000001,Aspidosperma,Caja Fuerte - Maderable
43430,11,Bosque de Tierra Firme,TF5,5b,998,NO,Fabaceae,Swartzia myrtifolia Sm.,Swartzia,myrtifolia,0,0,0,0,0,,0,2012-11-27,2012,26.310366666666667,227.39000000000001,Swartzia,Ingeniero del Suelo - Fijador N
43433,11,Bosque de Tierra Firme,TF5,5b,958A,NO,Apocynaceae,Aspidosperma vargasii A.DC.,Aspidosperma,vargasii,0,0,0,0,0,,0,2012-11-27,2012,26.310366666666667,227.39000000000001,Aspidosperma,Caja Fuerte - Maderable
44361,12,Bosque de Tierra Firme,TF1,1a,501,NO,Fabaceae,Swartzia myrtifolia Sm.,Swartzia,myrtifolia,0,0,0,0,0,,0,2012-12-20,2012,25.611193548387096,524.8600000000002,Swartzia,Ingeniero del Suelo - Fijador N
44364,12,Bosque de Tierra Firme,TF1,1a,504,NO,Fabaceae,Swartzia tomentifera (Ducke) Ducke,Swartzia,tomentifera,0,0,0,0,0,,0,2012-12-20,2012,25.611193548387096,524.8600000000002,Swartzia,Ingeniero del Suelo - Fijador N
44366,12,Bosque de Tierra Firme,TF1,1a,506,NO,Apocynaceae,Aspidosperma nitidum Benth. ex Müll.Arg.,Aspidosperma,nitidum,0,0,0,0,0,,0,2012-12-20,2012,25.611193548387096,524.8600000000002,Aspidosperma,Caja Fuerte - Maderable
44372,12,Bosque de Tierra Firme,TF1,1b,512,NO,Sapotaceae,Pouteria procera (Mart.) K.Hammer,Pouteria,procera,0,0,0,0,0,,0,2012-12-20,2012,25.611193548387096,524.8600000000002,Pouteria,Estrella Comercial - Frutal
44373,12,Bosque de Tierra Firme,TF1,1b,513,NO,Euphorbiaceae,Croton sp.,Croton,sp,0,0,2,0,0,,1,2012-12-20,2012,25.611193548387096,524.8600000000002,Croton,Estrella Comercial - Industrial
44384,12,Bosque de Tierra Firme,TF1,2b,528,NO,Fabaceae,Erythrina ulei Harms,Erythrina,ulei,0,0,0,0,0,desfoliado,0,2012-12-20,2012,25.611193548387096,524.8600000000002,Erythrina,Ingeniero del Suelo - Fijador N
44385,12,Bosque de Tierra Firme,TF1,2b,529,NO,Fabaceae,Erythrina ulei Harms,Erythrina,ulei,0,0,0,0,0,desfoliado,0,2012-12-20,2012,25.611193548387096,524.8600000000002,Erythrina,Ingeniero del Suelo - Fijador N
44397,12,Bosque de Tierra Firme,TF1,3b,547,NO,Fabaceae,Erythrina ulei Harms,Erythrina,ulei,0,0,0,0,0,desfoliado,0,2012-12-20,2012,25.611193548387096,524.8600000000002,Erythrina,Ingeniero del Suelo - Fijador N
44405,12,Bosque de Tierra Firme,TF1,4b,559,NO,Sapotaceae,Pouteria pariry (Ducke) Baehni,Pouteria,pariry,0,0,0,0,0,,0,2012-12-20,2012,25.611193548387096,524.8600000000002,Pouteria,Estrella Comercial - Frutal
44406,12,Bosque de Tierra Firme,TF1,4b,560,NO,Fabaceae,Erythrina ulei Harms,Erythrina,ulei,0,0,0,0,0,desfoliado,0,2012-12-20,2012,25.611193548387096,524.8600000000002,Erythrina,Ingeniero del Suelo - Fijador N
44409,12,Bosque de Tierra Firme,TF1,5a,564,NO,Fabaceae,Hymenaea courbaril L.,Hymenaea,courbaril,0,0,0,0,0,,0,2012-12-20,2012,25.611193548387096,524.8600000000002,Hymenaea,Estrella Comercial - Frutal
44421,12,Bosque de Tierra Firme,TF1,6a,580,NO,Sapotaceae,Pouteria sp. 3,Pouteria,sp,0,0,0,0,0,,0,2012-12-20,2012,25.611193548387096,524.8600000000002,Pouteria,Estrella Comercial - Frutal
44422,12,Bosque de Tierra Firme,TF1,6a,581,NO,Fabaceae,Swartzia myrtifolia Sm.,Swartzia,myrtifolia,0,0,0,0,0,,0,2012-12-20,2012,25.611193548387096,524.8600000000002,Swartzia,Ingeniero del Suelo - Fijador N
44425,12,Bosque de Tierra Firme,TF1,6b,589,NO,Fabaceae,Hymenaea courbaril L.,Hymenaea,courbaril,0,3,3,2,0,,1,2012-12-20,2012,25.611193548387096,524.8600000000002,Hymenaea,Estrella Comercial - Frutal
44443,12,Bosque de Tierra Firme,TF2,1b,614,NO,Fabaceae,Copaifera reticulata Ducke,Copaifera,reticulata,0,0,0,0,0,,0,2012-12-20,2012,25.611193548387096,524.8600000000002,Copaifera,Estrella Comercial - Industrial
44446,12,Bosque de Tierra Firme,TF2,1b,617,NO,Sapotaceae,Pouteria sp. 2,Pouteria,sp,0,0,0,0,0,,0,2012-12-20,2012,25.611193548387096,524.8600000000002,Pouteria,Estrella Comercial - Frutal
44451,12,Bosque de Tierra Firme,TF2,1b,624,NO,Euphorbiaceae,Hevea guianensis Aubl.,Hevea,guianensis,0,0,0,0,0,,0,2012-12-20,2012,25.611193548387096,524.8600000000002,Hevea,Estrella Comercial - Industrial
44455,12,Bosque de Tierra Firme,TF2,2a,629,NO,Euphorbiaceae,Hevea guianensis Aubl.,Hevea,guianensis,0,0,0,0,0,,0,2012-12-20,2012,25.611193548387096,524.8600000000002,Hevea,Estrella Comercial - Industrial
44462,12,Bosque de Tierra Firme,TF2,2b,638,NO,Moraceae,Brosimum rubescens Taub.,Brosimum,rubescens,0,0,0,0,0,,0,2012-12-20,2012,25.611193548387096,524.8600000000002,Brosimum,Caja Fuerte - Maderable
44468,12,Bosque de Tierra Firme,TF2,3a,648,NO,Sapotaceae,Pouteria torta (Mart.) Radlk.,Pouteria,torta,0,0,0,0,0,,0,2012-12-20,2012,25.611193548387096,524.8600000000002,Pouteria,Estrella Comercial - Frutal
44473,12,Bosque de Tierra Firme,TF2,3b,654,NO,Fabaceae,Inga sapindoides Willd.,Inga,sapindoides,0,0,0,0,0,,0,2012-12-20,2012,25.611193548387096,524.8600000000002,Inga,Ingeniero del Suelo - Fijador N
44478,12,Bosque de Tierra Firme,TF2,4a,661,NO,Euphorbiaceae,Hevea guianensis Aubl.,Hevea,guianensis,0,0,0,0,0,,0,2012-12-20,2012,25.611193548387096,524.8600000000002,Hevea,Estrella Comercial - Industrial
44481,12,Bosque de Tierra Firme,TF2,4a,664,NO,Sapotaceae,Pouteria sp. 3,Pouteria,sp,0,0,0,0,0,,0,2012-12-20,2012,25.611193548387096,524.8600000000002,Pouteria,Estrella Comercial - Frutal
44485,12,Bosque de Tierra Firme,TF2,4a,669,NO,Fabaceae,Tachigali vasquezii Pipoly,Tachigali,vasquezii,0,0,0,0,0,,0,2012-12-20,2012,25.611193548387096,524.8600000000002,Tachigali,Ingeniero del Suelo - Fijador N
44493,12,Bosque de Tierra Firme,TF2,4b,681,NO,Malvaceae,Theobroma speciosum Willd. ex Spreng.,Theobroma,speciosum,0,0,0,0,0,,0,2012-12-20,2012,25.611193548387096,524.8600000000002,Theobroma,Estrella Comercial - Frutal
44506,12,Bosque de Tierra Firme,TF2,5a,695,NO,Arecaceae,Bactris gasipaes Kunth,Bactris,gasipaes,0,0,3,0,0,,1,2012-12-20,2012,25.611193548387096,524.8600000000002,Bactris,Estrella Comercial - Frutal
44509,12,Bosque de Tierra Firme,TF2,5a,698,NO,Meliaceae,Cedrela fissilis Vell.,Cedrela,fissilis,0,0,0,0,0,,0,2012-12-20,2012,25.611193548387096,524.8600000000002,Cedrela,Caja Fuerte - Maderable
44529,12,Bosque de Tierra Firme,TF3,1b,721,NO,Moraceae,Brosimum rubescens Taub.,Brosimum,rubescens,0,0,0,0,0,muerto,0,2012-12-26,2012,25.611193548387096,524.8600000000002,Brosimum,Caja Fuerte - Maderable
44549,12,Bosque de Tierra Firme,TF3,2b,746,NO,Euphorbiaceae,Hevea guianensis Aubl.,Hevea,guianensis,0,0,0,0,0,,0,2012-12-26,2012,25.611193548387096,524.8600000000002,Hevea,Estrella Comercial - Industrial
44552,12,Bosque de Tierra Firme,TF3,2b,749,NO,Fabaceae,Cedrelinga catenaeformis (Ducke) Ducke,Cedrelinga,catenaeformis,0,0,0,0,0,,0,2012-12-26,2012,25.611193548387096,524.8600000000002,Cedrelinga,Caja Fuerte - Maderable / Fijador N
44555,12,Bosque de Tierra Firme,TF3,3a,756,NO,Fabaceae,Inga alba (Sw.) Willd.,Inga,alba,0,0,0,0,0,,0,2012-12-26,2012,25.611193548387096,524.8600000000002,Inga,Ingeniero del Suelo - Fijador N
44562,12,Bosque de Tierra Firme,TF3,4a,765,NO,Apocynaceae,Aspidosperma vargasii A.DC.,Aspidosperma,vargasii,0,0,0,0,0,,0,2012-12-26,2012,25.611193548387096,524.8600000000002,Aspidosperma,Caja Fuerte - Maderable
44571,12,Bosque de Tierra Firme,TF3,4b,777,NO,Euphorbiaceae,Hevea guianensis Aubl.,Hevea,guianensis,0,0,0,0,0,liana,0,2012-12-26,2012,25.611193548387096,524.8600000000002,Hevea,Estrella Comercial - Industrial
44577,12,Bosque de Tierra Firme,TF3,5a,785,NO,Fabaceae,Copaifera reticulata Ducke,Copaifera,reticulata,0,0,0,0,0,,0,2012-12-26,2012,25.611193548387096,524.8600000000002,Copaifera,Estrella Comercial - Industrial
44581,12,Bosque de Tierra Firme,TF3,5a,790,NO,Euphorbiaceae,Hevea guianensis Aubl.,Hevea,guianensis,0,0,0,1,0,,1,2012-12-26,2012,25.611193548387096,524.8600000000002,Hevea,Estrella Comercial - Industrial
44586,12,Bosque de Tierra Firme,TF3,5b,796,NO,Fabaceae,Copaifera reticulata Ducke,Copaifera,reticulata,0,0,0,0,0,,0,2012-12-26,2012,25.611193548387096,524.8600000000002,Copaifera,Estrella Comercial - Industrial
44594,12,Bosque de Tierra Firme,TF4,1a,807,NO,Euphorbiaceae,Hevea guianensis Aubl.,Hevea,guianensis,0,0,0,0,0,,0,2012-12-26,2012,25.611193548387096,524.8600000000002,Hevea,Estrella Comercial - Industrial
44598,12,Bosque de Tierra Firme,TF4,1a,811,NO,Euphorbiaceae,Hevea guianensis Aubl.,Hevea,guianensis,0,0,0,0,0,,0,2012-12-26,2012,25.611193548387096,524.8600000000002,Hevea,Estrella Comercial - Industrial
44604,12,Bosque de Tierra Firme,TF4,1b,817,NO,Sapotaceae,Pouteria pariry (Ducke) Baehni,Pouteria,pariry,0,0,0,0,0,,0,2012-12-26,2012,25.611193548387096,524.8600000000002,Pouteria,Estrella Comercial - Frutal
44607,12,Bosque de Tierra Firme,TF4,1b,820,NO,Olacaceae,Aptandra tubicina (Poepp.) Benth. ex Miers,Aptandra,tubicina,0,0,0,0,0,,0,2012-12-26,2012,25.611193548387096,524.8600000000002,Aptandra,Ingeniero del Suelo - Pionera
44627,12,Bosque de Tierra Firme,TF4,2a,840,NO,Fabaceae,Inga stipularis DC.,Inga,stipularis,0,0,0,0,0,,0,2012-12-26,2012,25.611193548387096,524.8600000000002,Inga,Ingeniero del Suelo - Fijador N
44648,12,Bosque de Tierra Firme,TF4,3a,867,NO,Fabaceae,Inga punctata Willd.,Inga,punctata,0,0,0,0,0,,0,2012-12-26,2012,25.611193548387096,524.8600000000002,Inga,Ingeniero del Suelo - Fijador N
44656,12,Bosque de Tierra Firme,TF4,3a,876,NO,Bignonaceae,Jacaranda copaia (Aubl.) D.Don,Jacaranda,copaia,0,0,0,0,0,,0,2012-12-26,2012,25.611193548387096,524.8600000000002,Jacaranda,Ingeniero del Suelo - Pionera
44664,12,Bosque de Tierra Firme,TF4,3b,884,NO,Apocynaceae,Aspidosperma nitidum Benth. ex Müll.Arg.,Aspidosperma,nitidum,0,0,0,0,0,,0,2012-12-26,2012,25.611193548387096,524.8600000000002,Aspidosperma,Caja Fuerte - Maderable
44671,12,Bosque de Tierra Firme,TF4,3b,891,NO,Sapotaceae,Pouteria tarapotensis (Eichler ex Pierre) Baehni,Pouteria,tarapotensis,0,0,0,0,0,,0,2012-12-26,2012,25.611193548387096,524.8600000000002,Pouteria,Estrella Comercial - Frutal
44683,12,Bosque de Tierra Firme,TF5,1a,903,NO,Sapotaceae,Pouteria procera (Mart.) K.Hammer,Pouteria,procera,0,0,2,0,0,,1,2012-12-20,2012,25.611193548387096,524.8600000000002,Pouteria,Estrella Comercial - Frutal
44689,12,Bosque de Tierra Firme,TF5,1a,911,NO,Fabaceae,Inga auristellae Harms,Inga,auristellae,0,0,0,0,0,,0,2012-12-20,2012,25.611193548387096,524.8600000000002,Inga,Ingeniero del Suelo - Fijador N
44693,12,Bosque de Tierra Firme,TF5,1b,915,NO,Fabaceae,Inga sp. 2,Inga,sp,0,0,0,0,0,,0,2012-12-20,2012,25.611193548387096,524.8600000000002,Inga,Ingeniero del Suelo - Fijador N
44696,12,Bosque de Tierra Firme,TF5,1b,918,NO,Fabaceae,Inga cordistipula Mart.,Inga,cordistipula,0,0,0,0,0,,0,2012-12-20,2012,25.611193548387096,524.8600000000002,Inga,Ingeniero del Suelo - Fijador N
44700,12,Bosque de Tierra Firme,TF5,2a,923,NO,Malvaceae,Theobroma speciosum Willd. ex Spreng.,Theobroma,speciosum,0,0,1,1,0,,1,2012-12-20,2012,25.611193548387096,524.8600000000002,Theobroma,Estrella Comercial - Frutal
44706,12,Bosque de Tierra Firme,TF5,2a,930,NO,Apocynaceae,Aspidosperma rigidum Rusby,Aspidosperma,rigidum,0,0,1,0,0,,1,2012-12-20,2012,25.611193548387096,524.8600000000002,Aspidosperma,Caja Fuerte - Maderable
44707,12,Bosque de Tierra Firme,TF5,2b,934,NO,Fabaceae,Dipteryx micrantha Harms,Dipteryx,micrantha,0,0,0,0,0,,0,2012-12-20,2012,25.611193548387096,524.8600000000002,Dipteryx,Estrella Comercial - Industrial
44715,12,Bosque de Tierra Firme,TF5,3a,942,NO,Fabaceae,Inga edulis Mart.,Inga,edulis,0,0,0,1,0,,1,2012-12-20,2012,25.611193548387096,524.8600000000002,Inga,Ingeniero del Suelo - Fijador N
44719,12,Bosque de Tierra Firme,TF5,3a,946,NO,Fabaceae,Inga sp. 2,Inga,sp,0,0,2,0,0,,1,2012-12-20,2012,25.611193548387096,524.8600000000002,Inga,Ingeniero del Suelo - Fijador N
44727,12,Bosque de Tierra Firme,TF5,3b,959,NO,Fabaceae,Inga sp. 2,Inga,sp,0,0,0,1,0,,1,2012-12-20,2012,25.611193548387096,524.8600000000002,Inga,Ingeniero del Suelo - Fijador N
44733,12,Bosque de Tierra Firme,TF5,4a,968,NO,Sapotaceae,Pouteria sp. 3,Pouteria,sp,0,0,0,0,0,,0,2012-12-20,2012,25.611193548387096,524.8600000000002,Pouteria,Estrella Comercial - Frutal
44735,12,Bosque de Tierra Firme,TF5,4a,970,NO,Sapotaceae,Pouteria procera (Mart.) K.Hammer,Pouteria,procera,0,0,0,0,0,,0,2012-12-20,2012,25.611193548387096,524.8600000000002,Pouteria,Estrella Comercial - Frutal
44743,12,Bosque de Tierra Firme,TF5,4b,983,NO,Bignonaceae,Jacaranda copaia subsp. spectabilis (Mart. ex DC.) A.H.Gentry,Jacaranda,copaia subsp. spectabilis,0,0,0,0,0,,0,2012-12-20,2012,25.611193548387096,524.8600000000002,Jacaranda,Ingeniero del Suelo - Pionera
44746,12,Bosque de Tierra Firme,TF5,4b,986,NO,Sapotaceae,Pouteria tarapotensis (Eichler ex Pierre) Baehni,Pouteria,tarapotensis,0,0,3,0,0,,1,2012-12-20,2012,25.611193548387096,524.8600000000002,Pouteria,Estrella Comercial - Frutal
44748,12,Bosque de Tierra Firme,TF5,4b,988,NO,Moraceae,Brosimum acutifolium subsp. obovatum (Ducke) C.C.Berg,Brosimum,acutifolium subsp. obovatum,0,0,0,0,0,,0,2012-12-20,2012,25.611193548387096,524.8600000000002,Brosimum,Caja Fuerte - Maderable
44750,12,Bosque de Tierra Firme,TF5,4b,990,NO,Sapotaceae,Pouteria tarapotensis (Eichler ex Pierre) Baehni,Pouteria,tarapotensis,0,0,3,0,0,,1,2012-12-20,2012,25.611193548387096,524.8600000000002,Pouteria,Estrella Comercial - Frutal
44760,12,Bosque de Tierra Firme,TF5,5a,994A,NO,Apocynaceae,Aspidosperma rigidum Rusby,Aspidosperma,rigidum,0,0,0,0,0,,0,2012-12-20,2012,25.611193548387096,524.8600000000002,Aspidosperma,Caja Fuerte - Maderable
44763,12,Bosque de Tierra Firme,TF5,5b,998,NO,Fabaceae,Swartzia myrtifolia Sm.,Swartzia,myrtifolia,0,0,0,0,0,,0,2012-12-20,2012,25.611193548387096,524.8600000000002,Swartzia,Ingeniero del Suelo - Fijador N
44766,12,Bosque de Tierra Firme,TF5,5b,958A,NO,Apocynaceae,Aspidosperma vargasii A.DC.,Aspidosperma,vargasii,0,0,0,0,0,,0,2012-12-20,2012,25.611193548387096,524.8600000000002,Aspidosperma,Caja Fuerte - Maderable
45694,1,Bosque de Tierra Firme,TF1,1a,501,NO,Fabaceae,Swartzia myrtifolia Sm.,Swartzia,myrtifolia,0,0,0,0,0,,0,2013-01-19,2013,25.86004838709677,294.72,Swartzia,Ingeniero del Suelo - Fijador N
45697,1,Bosque de Tierra Firme,TF1,1a,504,NO,Fabaceae,Swartzia tomentifera (Ducke) Ducke,Swartzia,tomentifera,0,0,0,0,0,,0,2013-01-19,2013,25.86004838709677,294.72,Swartzia,Ingeniero del Suelo - Fijador N
45699,1,Bosque de Tierra Firme,TF1,1a,506,NO,Apocynaceae,Aspidosperma nitidum Benth. ex Müll.Arg.,Aspidosperma,nitidum,0,0,0,0,0,,0,2013-01-19,2013,25.86004838709677,294.72,Aspidosperma,Caja Fuerte - Maderable
45705,1,Bosque de Tierra Firme,TF1,1b,512,NO,Sapotaceae,Pouteria procera (Mart.) K.Hammer,Pouteria,procera,0,0,0,0,0,,0,2013-01-19,2013,25.86004838709677,294.72,Pouteria,Estrella Comercial - Frutal
45706,1,Bosque de Tierra Firme,TF1,1b,513,NO,Euphorbiaceae,Croton sp.,Croton,sp,0,0,0,2,0,,1,2013-01-19,2013,25.86004838709677,294.72,Croton,Estrella Comercial - Industrial
45717,1,Bosque de Tierra Firme,TF1,2b,528,NO,Fabaceae,Erythrina ulei Harms,Erythrina,ulei,0,0,0,0,0,hojas nuevas,0,2013-01-19,2013,25.86004838709677,294.72,Erythrina,Ingeniero del Suelo - Fijador N
45718,1,Bosque de Tierra Firme,TF1,2b,529,NO,Fabaceae,Erythrina ulei Harms,Erythrina,ulei,0,0,0,0,0,hojas nuevas,0,2013-01-19,2013,25.86004838709677,294.72,Erythrina,Ingeniero del Suelo - Fijador N
45730,1,Bosque de Tierra Firme,TF1,3b,547,NO,Fabaceae,Erythrina ulei Harms,Erythrina,ulei,0,0,0,0,0,desfoliado,0,2013-01-19,2013,25.86004838709677,294.72,Erythrina,Ingeniero del Suelo - Fijador N
45738,1,Bosque de Tierra Firme,TF1,4b,559,NO,Sapotaceae,Pouteria pariry (Ducke) Baehni,Pouteria,pariry,0,0,0,0,0,,0,2013-01-19,2013,25.86004838709677,294.72,Pouteria,Estrella Comercial - Frutal
45739,1,Bosque de Tierra Firme,TF1,4b,560,NO,Fabaceae,Erythrina ulei Harms,Erythrina,ulei,0,0,0,0,0,,0,2013-01-19,2013,25.86004838709677,294.72,Erythrina,Ingeniero del Suelo - Fijador N
45742,1,Bosque de Tierra Firme,TF1,5a,564,NO,Fabaceae,Hymenaea courbaril L.,Hymenaea,courbaril,0,0,0,0,0,,0,2013-01-19,2013,25.86004838709677,294.72,Hymenaea,Estrella Comercial - Frutal
45754,1,Bosque de Tierra Firme,TF1,6a,580,NO,Sapotaceae,Pouteria sp. 3,Pouteria,sp,0,0,0,0,0,,0,2013-01-19,2013,25.86004838709677,294.72,Pouteria,Estrella Comercial - Frutal
45755,1,Bosque de Tierra Firme,TF1,6a,581,NO,Fabaceae,Swartzia myrtifolia Sm.,Swartzia,myrtifolia,0,0,0,0,0,,0,2013-01-19,2013,25.86004838709677,294.72,Swartzia,Ingeniero del Suelo - Fijador N
45758,1,Bosque de Tierra Firme,TF1,6b,589,NO,Fabaceae,Hymenaea courbaril L.,Hymenaea,courbaril,0,0,4,0,0,,1,2013-01-19,2013,25.86004838709677,294.72,Hymenaea,Estrella Comercial - Frutal
45776,1,Bosque de Tierra Firme,TF2,1b,614,NO,Fabaceae,Copaifera reticulata Ducke,Copaifera,reticulata,0,0,0,0,0,,0,2013-01-19,2013,25.86004838709677,294.72,Copaifera,Estrella Comercial - Industrial
45779,1,Bosque de Tierra Firme,TF2,1b,617,NO,Sapotaceae,Pouteria sp. 2,Pouteria,sp,0,0,0,0,0,,0,2013-01-19,2013,25.86004838709677,294.72,Pouteria,Estrella Comercial - Frutal
45784,1,Bosque de Tierra Firme,TF2,1b,624,NO,Euphorbiaceae,Hevea guianensis Aubl.,Hevea,guianensis,0,0,0,0,0,,0,2013-01-19,2013,25.86004838709677,294.72,Hevea,Estrella Comercial - Industrial
45788,1,Bosque de Tierra Firme,TF2,2a,629,NO,Euphorbiaceae,Hevea guianensis Aubl.,Hevea,guianensis,0,0,0,0,0,,0,2013-01-19,2013,25.86004838709677,294.72,Hevea,Estrella Comercial - Industrial
45795,1,Bosque de Tierra Firme,TF2,2b,638,NO,Moraceae,Brosimum rubescens Taub.,Brosimum,rubescens,0,0,0,0,0,,0,2013-01-19,2013,25.86004838709677,294.72,Brosimum,Caja Fuerte - Maderable
45801,1,Bosque de Tierra Firme,TF2,3a,648,NO,Sapotaceae,Pouteria torta (Mart.) Radlk.,Pouteria,torta,0,0,0,0,0,,0,2013-01-19,2013,25.86004838709677,294.72,Pouteria,Estrella Comercial - Frutal
45806,1,Bosque de Tierra Firme,TF2,3b,654,NO,Fabaceae,Inga sapindoides Willd.,Inga,sapindoides,0,0,0,0,0,,0,2013-01-19,2013,25.86004838709677,294.72,Inga,Ingeniero del Suelo - Fijador N
45811,1,Bosque de Tierra Firme,TF2,4a,661,NO,Euphorbiaceae,Hevea guianensis Aubl.,Hevea,guianensis,0,0,0,0,0,,0,2013-01-19,2013,25.86004838709677,294.72,Hevea,Estrella Comercial - Industrial
45814,1,Bosque de Tierra Firme,TF2,4a,664,NO,Sapotaceae,Pouteria sp. 3,Pouteria,sp,0,0,0,0,0,,0,2013-01-19,2013,25.86004838709677,294.72,Pouteria,Estrella Comercial - Frutal
45818,1,Bosque de Tierra Firme,TF2,4a,669,NO,Fabaceae,Tachigali vasquezii Pipoly,Tachigali,vasquezii,0,0,0,0,0,,0,2013-01-19,2013,25.86004838709677,294.72,Tachigali,Ingeniero del Suelo - Fijador N
45826,1,Bosque de Tierra Firme,TF2,4b,681,NO,Malvaceae,Theobroma speciosum Willd. ex Spreng.,Theobroma,speciosum,0,0,0,0,0,,0,2013-01-19,2013,25.86004838709677,294.72,Theobroma,Estrella Comercial - Frutal
45839,1,Bosque de Tierra Firme,TF2,5a,695,NO,Arecaceae,Bactris gasipaes Kunth,Bactris,gasipaes,0,0,3,0,0,,1,2013-01-19,2013,25.86004838709677,294.72,Bactris,Estrella Comercial - Frutal
45842,1,Bosque de Tierra Firme,TF2,5a,698,NO,Meliaceae,Cedrela fissilis Vell.,Cedrela,fissilis,0,0,0,0,0,,0,2013-01-19,2013,25.86004838709677,294.72,Cedrela,Caja Fuerte - Maderable
45862,1,Bosque de Tierra Firme,TF3,1b,721,NO,Moraceae,Brosimum rubescens Taub.,Brosimum,rubescens,0,0,0,0,0,muerto,0,2013-01-18,2013,25.86004838709677,294.72,Brosimum,Caja Fuerte - Maderable
45882,1,Bosque de Tierra Firme,TF3,2b,746,NO,Euphorbiaceae,Hevea guianensis Aubl.,Hevea,guianensis,0,0,0,0,0,,0,2013-01-18,2013,25.86004838709677,294.72,Hevea,Estrella Comercial - Industrial
45885,1,Bosque de Tierra Firme,TF3,2b,749,NO,Fabaceae,Cedrelinga catenaeformis (Ducke) Ducke,Cedrelinga,catenaeformis,0,0,0,0,0,,0,2013-01-18,2013,25.86004838709677,294.72,Cedrelinga,Caja Fuerte - Maderable / Fijador N
45888,1,Bosque de Tierra Firme,TF3,3a,756,NO,Fabaceae,Inga alba (Sw.) Willd.,Inga,alba,0,0,0,0,0,,0,2013-01-18,2013,25.86004838709677,294.72,Inga,Ingeniero del Suelo - Fijador N
45895,1,Bosque de Tierra Firme,TF3,4a,765,NO,Apocynaceae,Aspidosperma vargasii A.DC.,Aspidosperma,vargasii,0,0,0,0,0,,0,2013-01-18,2013,25.86004838709677,294.72,Aspidosperma,Caja Fuerte - Maderable
45904,1,Bosque de Tierra Firme,TF3,4b,777,NO,Euphorbiaceae,Hevea guianensis Aubl.,Hevea,guianensis,0,0,0,0,0,liana,0,2013-01-18,2013,25.86004838709677,294.72,Hevea,Estrella Comercial - Industrial
45910,1,Bosque de Tierra Firme,TF3,5a,785,NO,Fabaceae,Copaifera reticulata Ducke,Copaifera,reticulata,0,0,0,0,0,,0,2013-01-18,2013,25.86004838709677,294.72,Copaifera,Estrella Comercial - Industrial
45914,1,Bosque de Tierra Firme,TF3,5a,790,NO,Euphorbiaceae,Hevea guianensis Aubl.,Hevea,guianensis,0,0,0,0,0,,0,2013-01-18,2013,25.86004838709677,294.72,Hevea,Estrella Comercial - Industrial
45919,1,Bosque de Tierra Firme,TF3,5b,796,NO,Fabaceae,Copaifera reticulata Ducke,Copaifera,reticulata,0,0,0,0,0,,0,2013-01-18,2013,25.86004838709677,294.72,Copaifera,Estrella Comercial - Industrial
45927,1,Bosque de Tierra Firme,TF4,1a,807,NO,Euphorbiaceae,Hevea guianensis Aubl.,Hevea,guianensis,0,0,0,0,0,,0,2013-01-18,2013,25.86004838709677,294.72,Hevea,Estrella Comercial - Industrial
45931,1,Bosque de Tierra Firme,TF4,1a,811,NO,Euphorbiaceae,Hevea guianensis Aubl.,Hevea,guianensis,0,0,0,0,0,,0,2013-01-18,2013,25.86004838709677,294.72,Hevea,Estrella Comercial - Industrial
45937,1,Bosque de Tierra Firme,TF4,1b,817,NO,Sapotaceae,Pouteria pariry (Ducke) Baehni,Pouteria,pariry,0,0,0,0,0,,0,2013-01-18,2013,25.86004838709677,294.72,Pouteria,Estrella Comercial - Frutal
45940,1,Bosque de Tierra Firme,TF4,1b,820,NO,Olacaceae,Aptandra tubicina (Poepp.) Benth. ex Miers,Aptandra,tubicina,0,0,0,0,0,,0,2013-01-18,2013,25.86004838709677,294.72,Aptandra,Ingeniero del Suelo - Pionera
45960,1,Bosque de Tierra Firme,TF4,2a,840,NO,Fabaceae,Inga stipularis DC.,Inga,stipularis,0,0,0,0,0,,0,2013-01-18,2013,25.86004838709677,294.72,Inga,Ingeniero del Suelo - Fijador N
45981,1,Bosque de Tierra Firme,TF4,3a,867,NO,Fabaceae,Inga punctata Willd.,Inga,punctata,0,0,0,0,0,,0,2013-01-18,2013,25.86004838709677,294.72,Inga,Ingeniero del Suelo - Fijador N
45989,1,Bosque de Tierra Firme,TF4,3a,876,NO,Bignonaceae,Jacaranda copaia (Aubl.) D.Don,Jacaranda,copaia,0,0,0,0,0,,0,2013-01-18,2013,25.86004838709677,294.72,Jacaranda,Ingeniero del Suelo - Pionera
45997,1,Bosque de Tierra Firme,TF4,3b,884,NO,Apocynaceae,Aspidosperma nitidum Benth. ex Müll.Arg.,Aspidosperma,nitidum,0,0,0,0,0,,0,2013-01-18,2013,25.86004838709677,294.72,Aspidosperma,Caja Fuerte - Maderable
46004,1,Bosque de Tierra Firme,TF4,3b,891,NO,Sapotaceae,Pouteria tarapotensis (Eichler ex Pierre) Baehni,Pouteria,tarapotensis,0,0,0,0,0,,0,2013-01-18,2013,25.86004838709677,294.72,Pouteria,Estrella Comercial - Frutal
46016,1,Bosque de Tierra Firme,TF5,1a,903,NO,Sapotaceae,Pouteria procera (Mart.) K.Hammer,Pouteria,procera,0,0,2,0,0,,1,2013-01-19,2013,25.86004838709677,294.72,Pouteria,Estrella Comercial - Frutal
46022,1,Bosque de Tierra Firme,TF5,1a,911,NO,Fabaceae,Inga auristellae Harms,Inga,auristellae,0,0,0,0,0,,0,2013-01-19,2013,25.86004838709677,294.72,Inga,Ingeniero del Suelo - Fijador N
46026,1,Bosque de Tierra Firme,TF5,1b,915,NO,Fabaceae,Inga sp. 2,Inga,sp,0,0,0,0,0,,0,2013-01-19,2013,25.86004838709677,294.72,Inga,Ingeniero del Suelo - Fijador N
46029,1,Bosque de Tierra Firme,TF5,1b,918,NO,Fabaceae,Inga cordistipula Mart.,Inga,cordistipula,0,0,0,0,0,,0,2013-01-19,2013,25.86004838709677,294.72,Inga,Ingeniero del Suelo - Fijador N
46033,1,Bosque de Tierra Firme,TF5,2a,923,NO,Malvaceae,Theobroma speciosum Willd. ex Spreng.,Theobroma,speciosum,0,0,0,1,1,,1,2013-01-19,2013,25.86004838709677,294.72,Theobroma,Estrella Comercial - Frutal
46039,1,Bosque de Tierra Firme,TF5,2a,930,NO,Apocynaceae,Aspidosperma rigidum Rusby,Aspidosperma,rigidum,0,0,1,0,0,,1,2013-01-19,2013,25.86004838709677,294.72,Aspidosperma,Caja Fuerte - Maderable
46040,1,Bosque de Tierra Firme,TF5,2b,934,NO,Fabaceae,Dipteryx micrantha Harms,Dipteryx,micrantha,0,0,0,0,0,,0,2013-01-19,2013,25.86004838709677,294.72,Dipteryx,Estrella Comercial - Industrial
46048,1,Bosque de Tierra Firme,TF5,3a,942,NO,Fabaceae,Inga edulis Mart.,Inga,edulis,0,0,1,1,0,,1,2013-01-19,2013,25.86004838709677,294.72,Inga,Ingeniero del Suelo - Fijador N
46052,1,Bosque de Tierra Firme,TF5,3a,946,NO,Fabaceae,Inga sp. 2,Inga,sp,0,0,3,0,0,,1,2013-01-19,2013,25.86004838709677,294.72,Inga,Ingeniero del Suelo - Fijador N
46060,1,Bosque de Tierra Firme,TF5,3b,959,NO,Fabaceae,Inga sp. 2,Inga,sp,0,0,2,0,0,,1,2013-01-19,2013,25.86004838709677,294.72,Inga,Ingeniero del Suelo - Fijador N
46066,1,Bosque de Tierra Firme,TF5,4a,968,NO,Sapotaceae,Pouteria sp. 3,Pouteria,sp,0,0,0,0,0,,0,2013-01-19,2013,25.86004838709677,294.72,Pouteria,Estrella Comercial - Frutal
46068,1,Bosque de Tierra Firme,TF5,4a,970,NO,Sapotaceae,Pouteria procera (Mart.) K.Hammer,Pouteria,procera,0,0,0,0,0,,0,2013-01-19,2013,25.86004838709677,294.72,Pouteria,Estrella Comercial - Frutal
46076,1,Bosque de Tierra Firme,TF5,4b,983,NO,Bignonaceae,Jacaranda copaia subsp. spectabilis (Mart. ex DC.) A.H.Gentry,Jacaranda,copaia subsp. spectabilis,0,0,0,0,0,,0,2013-01-19,2013,25.86004838709677,294.72,Jacaranda,Ingeniero del Suelo - Pionera
46079,1,Bosque de Tierra Firme,TF5,4b,986,NO,Sapotaceae,Pouteria tarapotensis (Eichler ex Pierre) Baehni,Pouteria,tarapotensis,0,0,0,0,0,,0,2013-01-19,2013,25.86004838709677,294.72,Pouteria,Estrella Comercial - Frutal
46081,1,Bosque de Tierra Firme,TF5,4b,988,NO,Moraceae,Brosimum acutifolium subsp. obovatum (Ducke) C.C.Berg,Brosimum,acutifolium subsp. obovatum,0,0,0,0,0,,0,2013-01-19,2013,25.86004838709677,294.72,Brosimum,Caja Fuerte - Maderable
46083,1,Bosque de Tierra Firme,TF5,4b,990,NO,Sapotaceae,Pouteria tarapotensis (Eichler ex Pierre) Baehni,Pouteria,tarapotensis,0,0,0,0,0,,0,2013-01-19,2013,25.86004838709677,294.72,Pouteria,Estrella Comercial - Frutal
46093,1,Bosque de Tierra Firme,TF5,5a,994A,NO,Apocynaceae,Aspidosperma rigidum Rusby,Aspidosperma,rigidum,0,0,0,0,0,,0,2013-01-19,2013,25.86004838709677,294.72,Aspidosperma,Caja Fuerte - Maderable
46096,1,Bosque de Tierra Firme,TF5,5b,998,NO,Fabaceae,Swartzia myrtifolia Sm.,Swartzia,myrtifolia,0,0,0,0,0,,0,2013-01-19,2013,25.86004838709677,294.72,Swartzia,Ingeniero del Suelo - Fijador N
46099,1,Bosque de Tierra Firme,TF5,5b,958A,NO,Apocynaceae,Aspidosperma vargasii A.DC.,Aspidosperma,vargasii,0,0,0,0,0,,0,2013-01-19,2013,25.86004838709677,294.72,Aspidosperma,Caja Fuerte - Maderable
47029,2,Bosque de Tierra Firme,TF1,1a,501,NO,Fabaceae,Swartzia myrtifolia Sm.,Swartzia,myrtifolia,0,0,0,0,0,,0,2013-02-15,2013,25.67373214285714,332.69,Swartzia,Ingeniero del Suelo - Fijador N
47032,2,Bosque de Tierra Firme,TF1,1a,504,NO,Fabaceae,Swartzia tomentifera (Ducke) Ducke,Swartzia,tomentifera,0,0,0,0,0,,0,2013-02-15,2013,25.67373214285714,332.69,Swartzia,Ingeniero del Suelo - Fijador N
47034,2,Bosque de Tierra Firme,TF1,1a,506,NO,Apocynaceae,Aspidosperma nitidum Benth. ex Müll.Arg.,Aspidosperma,nitidum,0,0,0,0,0,,0,2013-02-15,2013,25.67373214285714,332.69,Aspidosperma,Caja Fuerte - Maderable
47040,2,Bosque de Tierra Firme,TF1,1b,512,NO,Sapotaceae,Pouteria procera (Mart.) K.Hammer,Pouteria,procera,0,0,0,0,0,,0,2013-02-15,2013,25.67373214285714,332.69,Pouteria,Estrella Comercial - Frutal
47041,2,Bosque de Tierra Firme,TF1,1b,513,NO,Euphorbiaceae,Croton sp.,Croton,sp,0,0,0,1,0,,1,2013-02-15,2013,25.67373214285714,332.69,Croton,Estrella Comercial - Industrial
47052,2,Bosque de Tierra Firme,TF1,2b,528,NO,Fabaceae,Erythrina ulei Harms,Erythrina,ulei,0,0,0,0,0,,0,2013-02-15,2013,25.67373214285714,332.69,Erythrina,Ingeniero del Suelo - Fijador N
47053,2,Bosque de Tierra Firme,TF1,2b,529,NO,Fabaceae,Erythrina ulei Harms,Erythrina,ulei,0,0,0,0,0,,0,2013-02-15,2013,25.67373214285714,332.69,Erythrina,Ingeniero del Suelo - Fijador N
47065,2,Bosque de Tierra Firme,TF1,3b,547,NO,Fabaceae,Erythrina ulei Harms,Erythrina,ulei,0,0,0,0,0,desfoliado,0,2013-02-15,2013,25.67373214285714,332.69,Erythrina,Ingeniero del Suelo - Fijador N
47073,2,Bosque de Tierra Firme,TF1,4b,559,NO,Sapotaceae,Pouteria pariry (Ducke) Baehni,Pouteria,pariry,0,0,0,0,0,,0,2013-02-15,2013,25.67373214285714,332.69,Pouteria,Estrella Comercial - Frutal
47074,2,Bosque de Tierra Firme,TF1,4b,560,NO,Fabaceae,Erythrina ulei Harms,Erythrina,ulei,0,0,0,0,0,,0,2013-02-15,2013,25.67373214285714,332.69,Erythrina,Ingeniero del Suelo - Fijador N
47077,2,Bosque de Tierra Firme,TF1,5a,564,NO,Fabaceae,Hymenaea courbaril L.,Hymenaea,courbaril,0,0,1,0,0,,1,2013-02-15,2013,25.67373214285714,332.69,Hymenaea,Estrella Comercial - Frutal
47089,2,Bosque de Tierra Firme,TF1,6a,580,NO,Sapotaceae,Pouteria sp. 3,Pouteria,sp,0,0,0,0,0,,0,2013-02-15,2013,25.67373214285714,332.69,Pouteria,Estrella Comercial - Frutal
47090,2,Bosque de Tierra Firme,TF1,6a,581,NO,Fabaceae,Swartzia myrtifolia Sm.,Swartzia,myrtifolia,0,0,0,0,0,,0,2013-02-15,2013,25.67373214285714,332.69,Swartzia,Ingeniero del Suelo - Fijador N
47093,2,Bosque de Tierra Firme,TF1,6b,589,NO,Fabaceae,Hymenaea courbaril L.,Hymenaea,courbaril,0,0,4,0,0,,1,2013-02-15,2013,25.67373214285714,332.69,Hymenaea,Estrella Comercial - Frutal
47111,2,Bosque de Tierra Firme,TF2,1b,614,NO,Fabaceae,Copaifera reticulata Ducke,Copaifera,reticulata,0,0,0,0,0,,0,2013-02-15,2013,25.67373214285714,332.69,Copaifera,Estrella Comercial - Industrial
47114,2,Bosque de Tierra Firme,TF2,1b,617,NO,Sapotaceae,Pouteria sp. 2,Pouteria,sp,0,0,0,0,0,,0,2013-02-15,2013,25.67373214285714,332.69,Pouteria,Estrella Comercial - Frutal
47119,2,Bosque de Tierra Firme,TF2,1b,624,NO,Euphorbiaceae,Hevea guianensis Aubl.,Hevea,guianensis,0,0,0,0,0,,0,2013-02-15,2013,25.67373214285714,332.69,Hevea,Estrella Comercial - Industrial
47123,2,Bosque de Tierra Firme,TF2,2a,629,NO,Euphorbiaceae,Hevea guianensis Aubl.,Hevea,guianensis,0,0,0,0,0,,0,2013-02-15,2013,25.67373214285714,332.69,Hevea,Estrella Comercial - Industrial
47130,2,Bosque de Tierra Firme,TF2,2b,638,NO,Moraceae,Brosimum rubescens Taub.,Brosimum,rubescens,0,0,0,0,0,,0,2013-02-15,2013,25.67373214285714,332.69,Brosimum,Caja Fuerte - Maderable
47136,2,Bosque de Tierra Firme,TF2,3a,648,NO,Sapotaceae,Pouteria torta (Mart.) Radlk.,Pouteria,torta,0,0,0,0,0,,0,2013-02-15,2013,25.67373214285714,332.69,Pouteria,Estrella Comercial - Frutal
47141,2,Bosque de Tierra Firme,TF2,3b,654,NO,Fabaceae,Inga sapindoides Willd.,Inga,sapindoides,0,0,0,0,0,,0,2013-02-15,2013,25.67373214285714,332.69,Inga,Ingeniero del Suelo - Fijador N
47146,2,Bosque de Tierra Firme,TF2,4a,661,NO,Euphorbiaceae,Hevea guianensis Aubl.,Hevea,guianensis,0,0,0,0,0,,0,2013-02-15,2013,25.67373214285714,332.69,Hevea,Estrella Comercial - Industrial
47149,2,Bosque de Tierra Firme,TF2,4a,664,NO,Sapotaceae,Pouteria sp. 3,Pouteria,sp,0,0,0,0,0,,0,2013-02-15,2013,25.67373214285714,332.69,Pouteria,Estrella Comercial - Frutal
47153,2,Bosque de Tierra Firme,TF2,4a,669,NO,Fabaceae,Tachigali vasquezii Pipoly,Tachigali,vasquezii,0,0,0,0,0,,0,2013-02-15,2013,25.67373214285714,332.69,Tachigali,Ingeniero del Suelo - Fijador N
47161,2,Bosque de Tierra Firme,TF2,4b,681,NO,Malvaceae,Theobroma speciosum Willd. ex Spreng.,Theobroma,speciosum,0,0,0,0,0,,0,2013-02-15,2013,25.67373214285714,332.69,Theobroma,Estrella Comercial - Frutal
47174,2,Bosque de Tierra Firme,TF2,5a,695,NO,Arecaceae,Bactris gasipaes Kunth,Bactris,gasipaes,0,0,3,0,0,,1,2013-02-15,2013,25.67373214285714,332.69,Bactris,Estrella Comercial - Frutal
47177,2,Bosque de Tierra Firme,TF2,5a,698,NO,Meliaceae,Cedrela fissilis Vell.,Cedrela,fissilis,0,0,0,0,0,,0,2013-02-15,2013,25.67373214285714,332.69,Cedrela,Caja Fuerte - Maderable
47199,2,Bosque de Tierra Firme,TF3,1b,721,NO,Moraceae,Brosimum rubescens Taub.,Brosimum,rubescens,0,0,0,0,0,muerto,0,2013-02-18,2013,25.67373214285714,332.69,Brosimum,Caja Fuerte - Maderable
47220,2,Bosque de Tierra Firme,TF3,2b,746,NO,Euphorbiaceae,Hevea guianensis Aubl.,Hevea,guianensis,0,0,0,0,0,,0,2013-02-18,2013,25.67373214285714,332.69,Hevea,Estrella Comercial - Industrial
47223,2,Bosque de Tierra Firme,TF3,2b,749,NO,Fabaceae,Cedrelinga catenaeformis (Ducke) Ducke,Cedrelinga,catenaeformis,0,0,0,0,0,,0,2013-02-18,2013,25.67373214285714,332.69,Cedrelinga,Caja Fuerte - Maderable / Fijador N
47226,2,Bosque de Tierra Firme,TF3,3a,756,NO,Fabaceae,Inga alba (Sw.) Willd.,Inga,alba,0,0,0,0,0,,0,2013-02-18,2013,25.67373214285714,332.69,Inga,Ingeniero del Suelo - Fijador N
47233,2,Bosque de Tierra Firme,TF3,4a,765,NO,Apocynaceae,Aspidosperma vargasii A.DC.,Aspidosperma,vargasii,0,0,0,0,0,,0,2013-02-18,2013,25.67373214285714,332.69,Aspidosperma,Caja Fuerte - Maderable
47242,2,Bosque de Tierra Firme,TF3,4b,777,NO,Euphorbiaceae,Hevea guianensis Aubl.,Hevea,guianensis,0,0,0,0,0,liana,0,2013-02-18,2013,25.67373214285714,332.69,Hevea,Estrella Comercial - Industrial
47248,2,Bosque de Tierra Firme,TF3,5a,785,NO,Fabaceae,Copaifera reticulata Ducke,Copaifera,reticulata,0,0,0,0,0,,0,2013-02-18,2013,25.67373214285714,332.69,Copaifera,Estrella Comercial - Industrial
47252,2,Bosque de Tierra Firme,TF3,5a,790,NO,Euphorbiaceae,Hevea guianensis Aubl.,Hevea,guianensis,0,0,0,0,0,,0,2013-02-18,2013,25.67373214285714,332.69,Hevea,Estrella Comercial - Industrial
47257,2,Bosque de Tierra Firme,TF3,5b,796,NO,Fabaceae,Copaifera reticulata Ducke,Copaifera,reticulata,0,0,0,0,0,,0,2013-02-18,2013,25.67373214285714,332.69,Copaifera,Estrella Comercial - Industrial
47265,2,Bosque de Tierra Firme,TF4,1a,807,NO,Euphorbiaceae,Hevea guianensis Aubl.,Hevea,guianensis,0,0,0,0,0,,0,2013-02-18,2013,25.67373214285714,332.69,Hevea,Estrella Comercial - Industrial
47269,2,Bosque de Tierra Firme,TF4,1a,811,NO,Euphorbiaceae,Hevea guianensis Aubl.,Hevea,guianensis,0,0,0,0,0,,0,2013-02-18,2013,25.67373214285714,332.69,Hevea,Estrella Comercial - Industrial
47275,2,Bosque de Tierra Firme,TF4,1b,817,NO,Sapotaceae,Pouteria pariry (Ducke) Baehni,Pouteria,pariry,0,0,0,0,0,,0,2013-02-18,2013,25.67373214285714,332.69,Pouteria,Estrella Comercial - Frutal
47278,2,Bosque de Tierra Firme,TF4,1b,820,NO,Olacaceae,Aptandra tubicina (Poepp.) Benth. ex Miers,Aptandra,tubicina,0,0,0,0,0,,0,2013-02-18,2013,25.67373214285714,332.69,Aptandra,Ingeniero del Suelo - Pionera
47298,2,Bosque de Tierra Firme,TF4,2a,840,NO,Fabaceae,Inga stipularis DC.,Inga,stipularis,0,0,0,0,0,,0,2013-02-18,2013,25.67373214285714,332.69,Inga,Ingeniero del Suelo - Fijador N
47319,2,Bosque de Tierra Firme,TF4,3a,867,NO,Fabaceae,Inga punctata Willd.,Inga,punctata,0,0,0,0,0,,0,2013-02-18,2013,25.67373214285714,332.69,Inga,Ingeniero del Suelo - Fijador N
47327,2,Bosque de Tierra Firme,TF4,3a,876,NO,Bignonaceae,Jacaranda copaia (Aubl.) D.Don,Jacaranda,copaia,0,0,0,0,0,,0,2013-02-18,2013,25.67373214285714,332.69,Jacaranda,Ingeniero del Suelo - Pionera
47335,2,Bosque de Tierra Firme,TF4,3b,884,NO,Apocynaceae,Aspidosperma nitidum Benth. ex Müll.Arg.,Aspidosperma,nitidum,0,0,0,0,0,,0,2013-02-18,2013,25.67373214285714,332.69,Aspidosperma,Caja Fuerte - Maderable
47342,2,Bosque de Tierra Firme,TF4,3b,891,NO,Sapotaceae,Pouteria tarapotensis (Eichler ex Pierre) Baehni,Pouteria,tarapotensis,0,0,0,0,0,,0,2013-02-18,2013,25.67373214285714,332.69,Pouteria,Estrella Comercial - Frutal
47354,2,Bosque de Tierra Firme,TF5,1a,903,NO,Sapotaceae,Pouteria procera (Mart.) K.Hammer,Pouteria,procera,3,0,1,1,0,,1,2013-02-15,2013,25.67373214285714,332.69,Pouteria,Estrella Comercial - Frutal
47360,2,Bosque de Tierra Firme,TF5,1a,911,NO,Fabaceae,Inga auristellae Harms,Inga,auristellae,0,0,0,0,0,,0,2013-02-15,2013,25.67373214285714,332.69,Inga,Ingeniero del Suelo - Fijador N
47364,2,Bosque de Tierra Firme,TF5,1b,915,NO,Fabaceae,Inga sp. 2,Inga,sp,0,0,0,0,0,,0,2013-02-15,2013,25.67373214285714,332.69,Inga,Ingeniero del Suelo - Fijador N
47367,2,Bosque de Tierra Firme,TF5,1b,918,NO,Fabaceae,Inga cordistipula Mart.,Inga,cordistipula,0,0,0,0,0,,0,2013-02-15,2013,25.67373214285714,332.69,Inga,Ingeniero del Suelo - Fijador N
47371,2,Bosque de Tierra Firme,TF5,2a,923,NO,Malvaceae,Theobroma speciosum Willd. ex Spreng.,Theobroma,speciosum,0,0,0,0,1,,0,2013-02-15,2013,25.67373214285714,332.69,Theobroma,Estrella Comercial - Frutal
47377,2,Bosque de Tierra Firme,TF5,2a,930,NO,Apocynaceae,Aspidosperma rigidum Rusby,Aspidosperma,rigidum,0,0,0,1,0,,1,2013-02-15,2013,25.67373214285714,332.69,Aspidosperma,Caja Fuerte - Maderable
47378,2,Bosque de Tierra Firme,TF5,2b,934,NO,Fabaceae,Dipteryx micrantha Harms,Dipteryx,micrantha,0,0,0,0,0,,0,2013-02-15,2013,25.67373214285714,332.69,Dipteryx,Estrella Comercial - Industrial
47386,2,Bosque de Tierra Firme,TF5,3a,942,NO,Fabaceae,Inga edulis Mart.,Inga,edulis,0,0,2,1,0,,1,2013-02-15,2013,25.67373214285714,332.69,Inga,Ingeniero del Suelo - Fijador N
47390,2,Bosque de Tierra Firme,TF5,3a,946,NO,Fabaceae,Inga sp. 2,Inga,sp,0,0,3,0,0,,1,2013-02-15,2013,25.67373214285714,332.69,Inga,Ingeniero del Suelo - Fijador N
47398,2,Bosque de Tierra Firme,TF5,3b,959,NO,Fabaceae,Inga sp. 2,Inga,sp,0,0,2,2,0,,1,2013-02-15,2013,25.67373214285714,332.69,Inga,Ingeniero del Suelo - Fijador N
47404,2,Bosque de Tierra Firme,TF5,4a,968,NO,Sapotaceae,Pouteria sp. 3,Pouteria,sp,0,0,0,0,0,,0,2013-02-15,2013,25.67373214285714,332.69,Pouteria,Estrella Comercial - Frutal
47406,2,Bosque de Tierra Firme,TF5,4a,970,NO,Sapotaceae,Pouteria procera (Mart.) K.Hammer,Pouteria,procera,0,0,0,0,0,,0,2013-02-15,2013,25.67373214285714,332.69,Pouteria,Estrella Comercial - Frutal
47414,2,Bosque de Tierra Firme,TF5,4b,983,NO,Bignonaceae,Jacaranda copaia subsp. spectabilis (Mart. ex DC.) A.H.Gentry,Jacaranda,copaia subsp. spectabilis,0,0,0,0,0,,0,2013-02-15,2013,25.67373214285714,332.69,Jacaranda,Ingeniero del Suelo - Pionera
47417,2,Bosque de Tierra Firme,TF5,4b,986,NO,Sapotaceae,Pouteria tarapotensis (Eichler ex Pierre) Baehni,Pouteria,tarapotensis,0,0,0,0,0,,0,2013-02-15,2013,25.67373214285714,332.69,Pouteria,Estrella Comercial - Frutal
47419,2,Bosque de Tierra Firme,TF5,4b,988,NO,Moraceae,Brosimum acutifolium subsp. obovatum (Ducke) C.C.Berg,Brosimum,acutifolium subsp. obovatum,0,0,0,0,0,,0,2013-02-15,2013,25.67373214285714,332.69,Brosimum,Caja Fuerte - Maderable
47421,2,Bosque de Tierra Firme,TF5,4b,990,NO,Sapotaceae,Pouteria tarapotensis (Eichler ex Pierre) Baehni,Pouteria,tarapotensis,0,0,0,0,0,,0,2013-02-15,2013,25.67373214285714,332.69,Pouteria,Estrella Comercial - Frutal
47431,2,Bosque de Tierra Firme,TF5,5a,994A,NO,Apocynaceae,Aspidosperma rigidum Rusby,Aspidosperma,rigidum,0,0,0,0,0,,0,2013-02-15,2013,25.67373214285714,332.69,Aspidosperma,Caja Fuerte - Maderable
47434,2,Bosque de Tierra Firme,TF5,5b,998,NO,Fabaceae,Swartzia myrtifolia Sm.,Swartzia,myrtifolia,0,0,0,0,0,,0,2013-02-15,2013,25.67373214285714,332.69,Swartzia,Ingeniero del Suelo - Fijador N
47437,2,Bosque de Tierra Firme,TF5,5b,958A,NO,Apocynaceae,Aspidosperma vargasii A.DC.,Aspidosperma,vargasii,0,0,0,0,0,,0,2013-02-15,2013,25.67373214285714,332.69,Aspidosperma,Caja Fuerte - Maderable
48367,3,Bosque de Tierra Firme,TF1,1a,501,NO,Fabaceae,Swartzia myrtifolia Sm.,Swartzia,myrtifolia,0,0,0,0,0,,0,2013-03-05,2013,25.664274193548387,529.5900000000001,Swartzia,Ingeniero del Suelo - Fijador N
48370,3,Bosque de Tierra Firme,TF1,1a,504,NO,Fabaceae,Swartzia tomentifera (Ducke) Ducke,Swartzia,tomentifera,0,0,0,0,0,,0,2013-03-05,2013,25.664274193548387,529.5900000000001,Swartzia,Ingeniero del Suelo - Fijador N
48372,3,Bosque de Tierra Firme,TF1,1a,506,NO,Apocynaceae,Aspidosperma nitidum Benth. ex Müll.Arg.,Aspidosperma,nitidum,0,0,0,0,0,,0,2013-03-05,2013,25.664274193548387,529.5900000000001,Aspidosperma,Caja Fuerte - Maderable
48378,3,Bosque de Tierra Firme,TF1,1b,512,NO,Sapotaceae,Pouteria procera (Mart.) K.Hammer,Pouteria,procera,0,0,0,0,0,,0,2013-03-05,2013,25.664274193548387,529.5900000000001,Pouteria,Estrella Comercial - Frutal
48379,3,Bosque de Tierra Firme,TF1,1b,513,NO,Euphorbiaceae,Croton sp.,Croton,sp,0,0,0,0,0,desfoliado,0,2013-03-05,2013,25.664274193548387,529.5900000000001,Croton,Estrella Comercial - Industrial
48390,3,Bosque de Tierra Firme,TF1,2b,528,NO,Fabaceae,Erythrina ulei Harms,Erythrina,ulei,0,0,0,0,0,,0,2013-03-05,2013,25.664274193548387,529.5900000000001,Erythrina,Ingeniero del Suelo - Fijador N
48391,3,Bosque de Tierra Firme,TF1,2b,529,NO,Fabaceae,Erythrina ulei Harms,Erythrina,ulei,0,0,0,0,0,,0,2013-03-05,2013,25.664274193548387,529.5900000000001,Erythrina,Ingeniero del Suelo - Fijador N
48403,3,Bosque de Tierra Firme,TF1,3b,547,NO,Fabaceae,Erythrina ulei Harms,Erythrina,ulei,0,0,0,0,0,,0,2013-03-05,2013,25.664274193548387,529.5900000000001,Erythrina,Ingeniero del Suelo - Fijador N
48411,3,Bosque de Tierra Firme,TF1,4b,559,NO,Sapotaceae,Pouteria pariry (Ducke) Baehni,Pouteria,pariry,0,0,0,0,0,,0,2013-03-05,2013,25.664274193548387,529.5900000000001,Pouteria,Estrella Comercial - Frutal
48412,3,Bosque de Tierra Firme,TF1,4b,560,NO,Fabaceae,Erythrina ulei Harms,Erythrina,ulei,0,0,0,0,0,muerto,0,2013-03-05,2013,25.664274193548387,529.5900000000001,Erythrina,Ingeniero del Suelo - Fijador N
48415,3,Bosque de Tierra Firme,TF1,5a,564,NO,Fabaceae,Hymenaea courbaril L.,Hymenaea,courbaril,0,0,1,0,0,,1,2013-03-05,2013,25.664274193548387,529.5900000000001,Hymenaea,Estrella Comercial - Frutal
48427,3,Bosque de Tierra Firme,TF1,6a,580,NO,Sapotaceae,Pouteria sp. 3,Pouteria,sp,0,0,0,0,0,,0,2013-03-05,2013,25.664274193548387,529.5900000000001,Pouteria,Estrella Comercial - Frutal
48428,3,Bosque de Tierra Firme,TF1,6a,581,NO,Fabaceae,Swartzia myrtifolia Sm.,Swartzia,myrtifolia,2,0,0,0,0,,1,2013-03-05,2013,25.664274193548387,529.5900000000001,Swartzia,Ingeniero del Suelo - Fijador N
48431,3,Bosque de Tierra Firme,TF1,6b,589,NO,Fabaceae,Hymenaea courbaril L.,Hymenaea,courbaril,0,0,4,0,0,,1,2013-03-05,2013,25.664274193548387,529.5900000000001,Hymenaea,Estrella Comercial - Frutal
48449,3,Bosque de Tierra Firme,TF2,1b,614,NO,Fabaceae,Copaifera reticulata Ducke,Copaifera,reticulata,0,0,0,0,0,,0,2013-03-05,2013,25.664274193548387,529.5900000000001,Copaifera,Estrella Comercial - Industrial
48452,3,Bosque de Tierra Firme,TF2,1b,617,NO,Sapotaceae,Pouteria sp. 2,Pouteria,sp,0,0,0,0,0,,0,2013-03-05,2013,25.664274193548387,529.5900000000001,Pouteria,Estrella Comercial - Frutal
48457,3,Bosque de Tierra Firme,TF2,1b,624,NO,Euphorbiaceae,Hevea guianensis Aubl.,Hevea,guianensis,0,0,0,0,0,,0,2013-03-05,2013,25.664274193548387,529.5900000000001,Hevea,Estrella Comercial - Industrial
48461,3,Bosque de Tierra Firme,TF2,2a,629,NO,Euphorbiaceae,Hevea guianensis Aubl.,Hevea,guianensis,0,0,0,0,0,,0,2013-03-05,2013,25.664274193548387,529.5900000000001,Hevea,Estrella Comercial - Industrial
48468,3,Bosque de Tierra Firme,TF2,2b,638,NO,Moraceae,Brosimum rubescens Taub.,Brosimum,rubescens,0,0,0,0,0,,0,2013-03-05,2013,25.664274193548387,529.5900000000001,Brosimum,Caja Fuerte - Maderable
48474,3,Bosque de Tierra Firme,TF2,3a,648,NO,Sapotaceae,Pouteria torta (Mart.) Radlk.,Pouteria,torta,0,0,0,0,0,,0,2013-03-05,2013,25.664274193548387,529.5900000000001,Pouteria,Estrella Comercial - Frutal
48479,3,Bosque de Tierra Firme,TF2,3b,654,NO,Fabaceae,Inga sapindoides Willd.,Inga,sapindoides,0,0,0,0,0,,0,2013-03-05,2013,25.664274193548387,529.5900000000001,Inga,Ingeniero del Suelo - Fijador N
48484,3,Bosque de Tierra Firme,TF2,4a,661,NO,Euphorbiaceae,Hevea guianensis Aubl.,Hevea,guianensis,0,0,0,0,0,,0,2013-03-05,2013,25.664274193548387,529.5900000000001,Hevea,Estrella Comercial - Industrial
48487,3,Bosque de Tierra Firme,TF2,4a,664,NO,Sapotaceae,Pouteria sp. 3,Pouteria,sp,0,0,0,0,0,,0,2013-03-05,2013,25.664274193548387,529.5900000000001,Pouteria,Estrella Comercial - Frutal
48491,3,Bosque de Tierra Firme,TF2,4a,669,NO,Fabaceae,Tachigali vasquezii Pipoly,Tachigali,vasquezii,0,0,0,0,0,,0,2013-03-05,2013,25.664274193548387,529.5900000000001,Tachigali,Ingeniero del Suelo - Fijador N
48499,3,Bosque de Tierra Firme,TF2,4b,681,NO,Malvaceae,Theobroma speciosum Willd. ex Spreng.,Theobroma,speciosum,0,0,0,0,0,,0,2013-03-05,2013,25.664274193548387,529.5900000000001,Theobroma,Estrella Comercial - Frutal
48512,3,Bosque de Tierra Firme,TF2,5a,695,NO,Arecaceae,Bactris gasipaes Kunth,Bactris,gasipaes,0,0,2,0,0,,1,2013-03-05,2013,25.664274193548387,529.5900000000001,Bactris,Estrella Comercial - Frutal
48515,3,Bosque de Tierra Firme,TF2,5a,698,NO,Meliaceae,Cedrela fissilis Vell.,Cedrela,fissilis,0,0,0,0,0,,0,2013-03-05,2013,25.664274193548387,529.5900000000001,Cedrela,Caja Fuerte - Maderable
48537,3,Bosque de Tierra Firme,TF3,1b,721,NO,Moraceae,Brosimum rubescens Taub.,Brosimum,rubescens,0,0,0,0,0,muerto,0,2013-03-09,2013,25.664274193548387,529.5900000000001,Brosimum,Caja Fuerte - Maderable
48558,3,Bosque de Tierra Firme,TF3,2b,746,NO,Euphorbiaceae,Hevea guianensis Aubl.,Hevea,guianensis,0,0,0,0,0,,0,2013-03-09,2013,25.664274193548387,529.5900000000001,Hevea,Estrella Comercial - Industrial
48561,3,Bosque de Tierra Firme,TF3,2b,749,NO,Fabaceae,Cedrelinga catenaeformis (Ducke) Ducke,Cedrelinga,catenaeformis,0,0,0,0,0,,0,2013-03-09,2013,25.664274193548387,529.5900000000001,Cedrelinga,Caja Fuerte - Maderable / Fijador N
48564,3,Bosque de Tierra Firme,TF3,3a,756,NO,Fabaceae,Inga alba (Sw.) Willd.,Inga,alba,0,0,0,0,0,,0,2013-03-09,2013,25.664274193548387,529.5900000000001,Inga,Ingeniero del Suelo - Fijador N
48571,3,Bosque de Tierra Firme,TF3,4a,765,NO,Apocynaceae,Aspidosperma vargasii A.DC.,Aspidosperma,vargasii,0,0,0,0,0,,0,2013-03-09,2013,25.664274193548387,529.5900000000001,Aspidosperma,Caja Fuerte - Maderable
48580,3,Bosque de Tierra Firme,TF3,4b,777,NO,Euphorbiaceae,Hevea guianensis Aubl.,Hevea,guianensis,0,0,0,0,0,liana,0,2013-03-09,2013,25.664274193548387,529.5900000000001,Hevea,Estrella Comercial - Industrial
48586,3,Bosque de Tierra Firme,TF3,5a,785,NO,Fabaceae,Copaifera reticulata Ducke,Copaifera,reticulata,0,0,0,0,0,,0,2013-03-09,2013,25.664274193548387,529.5900000000001,Copaifera,Estrella Comercial - Industrial
48590,3,Bosque de Tierra Firme,TF3,5a,790,NO,Euphorbiaceae,Hevea guianensis Aubl.,Hevea,guianensis,0,0,0,0,0,,0,2013-03-09,2013,25.664274193548387,529.5900000000001,Hevea,Estrella Comercial - Industrial
48595,3,Bosque de Tierra Firme,TF3,5b,796,NO,Fabaceae,Copaifera reticulata Ducke,Copaifera,reticulata,0,0,0,0,0,,0,2013-03-09,2013,25.664274193548387,529.5900000000001,Copaifera,Estrella Comercial - Industrial
48603,3,Bosque de Tierra Firme,TF4,1a,807,NO,Euphorbiaceae,Hevea guianensis Aubl.,Hevea,guianensis,0,0,0,0,0,,0,2013-03-09,2013,25.664274193548387,529.5900000000001,Hevea,Estrella Comercial - Industrial
48607,3,Bosque de Tierra Firme,TF4,1a,811,NO,Euphorbiaceae,Hevea guianensis Aubl.,Hevea,guianensis,0,0,0,0,0,,0,2013-03-09,2013,25.664274193548387,529.5900000000001,Hevea,Estrella Comercial - Industrial
48613,3,Bosque de Tierra Firme,TF4,1b,817,NO,Sapotaceae,Pouteria pariry (Ducke) Baehni,Pouteria,pariry,3,0,0,0,0,,1,2013-03-09,2013,25.664274193548387,529.5900000000001,Pouteria,Estrella Comercial - Frutal
48616,3,Bosque de Tierra Firme,TF4,1b,820,NO,Olacaceae,Aptandra tubicina (Poepp.) Benth. ex Miers,Aptandra,tubicina,0,0,0,0,0,,0,2013-03-09,2013,25.664274193548387,529.5900000000001,Aptandra,Ingeniero del Suelo - Pionera
48636,3,Bosque de Tierra Firme,TF4,2a,840,NO,Fabaceae,Inga stipularis DC.,Inga,stipularis,0,0,0,0,0,,0,2013-03-09,2013,25.664274193548387,529.5900000000001,Inga,Ingeniero del Suelo - Fijador N
48657,3,Bosque de Tierra Firme,TF4,3a,867,NO,Fabaceae,Inga punctata Willd.,Inga,punctata,0,0,0,0,0,,0,2013-03-09,2013,25.664274193548387,529.5900000000001,Inga,Ingeniero del Suelo - Fijador N
48665,3,Bosque de Tierra Firme,TF4,3a,876,NO,Bignonaceae,Jacaranda copaia (Aubl.) D.Don,Jacaranda,copaia,0,0,0,0,0,,0,2013-03-09,2013,25.664274193548387,529.5900000000001,Jacaranda,Ingeniero del Suelo - Pionera
48673,3,Bosque de Tierra Firme,TF4,3b,884,NO,Apocynaceae,Aspidosperma nitidum Benth. ex Müll.Arg.,Aspidosperma,nitidum,0,0,0,0,0,,0,2013-03-09,2013,25.664274193548387,529.5900000000001,Aspidosperma,Caja Fuerte - Maderable
48680,3,Bosque de Tierra Firme,TF4,3b,891,NO,Sapotaceae,Pouteria tarapotensis (Eichler ex Pierre) Baehni,Pouteria,tarapotensis,0,0,0,0,0,,0,2013-03-09,2013,25.664274193548387,529.5900000000001,Pouteria,Estrella Comercial - Frutal
48692,3,Bosque de Tierra Firme,TF5,1a,903,NO,Sapotaceae,Pouteria procera (Mart.) K.Hammer,Pouteria,procera,0,0,2,2,0,,1,2013-03-10,2013,25.664274193548387,529.5900000000001,Pouteria,Estrella Comercial - Frutal
48698,3,Bosque de Tierra Firme,TF5,1a,911,NO,Fabaceae,Inga auristellae Harms,Inga,auristellae,0,0,0,0,0,,0,2013-03-10,2013,25.664274193548387,529.5900000000001,Inga,Ingeniero del Suelo - Fijador N
48702,3,Bosque de Tierra Firme,TF5,1b,915,NO,Fabaceae,Inga sp. 2,Inga,sp,0,0,0,0,0,,0,2013-03-10,2013,25.664274193548387,529.5900000000001,Inga,Ingeniero del Suelo - Fijador N
48705,3,Bosque de Tierra Firme,TF5,1b,918,NO,Fabaceae,Inga cordistipula Mart.,Inga,cordistipula,0,0,0,0,0,,0,2013-03-10,2013,25.664274193548387,529.5900000000001,Inga,Ingeniero del Suelo - Fijador N
48709,3,Bosque de Tierra Firme,TF5,2a,923,NO,Malvaceae,Theobroma speciosum Willd. ex Spreng.,Theobroma,speciosum,0,0,0,0,1,,0,2013-03-10,2013,25.664274193548387,529.5900000000001,Theobroma,Estrella Comercial - Frutal
48715,3,Bosque de Tierra Firme,TF5,2a,930,NO,Apocynaceae,Aspidosperma rigidum Rusby,Aspidosperma,rigidum,0,0,1,0,0,,1,2013-03-10,2013,25.664274193548387,529.5900000000001,Aspidosperma,Caja Fuerte - Maderable
48716,3,Bosque de Tierra Firme,TF5,2b,934,NO,Fabaceae,Dipteryx micrantha Harms,Dipteryx,micrantha,0,0,1,0,0,,1,2013-03-10,2013,25.664274193548387,529.5900000000001,Dipteryx,Estrella Comercial - Industrial
48724,3,Bosque de Tierra Firme,TF5,3a,942,NO,Fabaceae,Inga edulis Mart.,Inga,edulis,0,0,2,0,0,,1,2013-03-10,2013,25.664274193548387,529.5900000000001,Inga,Ingeniero del Suelo - Fijador N
48728,3,Bosque de Tierra Firme,TF5,3a,946,NO,Fabaceae,Inga sp. 2,Inga,sp,0,0,2,2,0,,1,2013-03-10,2013,25.664274193548387,529.5900000000001,Inga,Ingeniero del Suelo - Fijador N
48736,3,Bosque de Tierra Firme,TF5,3b,959,NO,Fabaceae,Inga sp. 2,Inga,sp,0,0,2,1,0,,1,2013-03-10,2013,25.664274193548387,529.5900000000001,Inga,Ingeniero del Suelo - Fijador N
48742,3,Bosque de Tierra Firme,TF5,4a,968,NO,Sapotaceae,Pouteria sp. 3,Pouteria,sp,0,0,0,0,0,,0,2013-03-10,2013,25.664274193548387,529.5900000000001,Pouteria,Estrella Comercial - Frutal
48744,3,Bosque de Tierra Firme,TF5,4a,970,NO,Sapotaceae,Pouteria procera (Mart.) K.Hammer,Pouteria,procera,0,0,0,2,0,,1,2013-03-10,2013,25.664274193548387,529.5900000000001,Pouteria,Estrella Comercial - Frutal
48752,3,Bosque de Tierra Firme,TF5,4b,983,NO,Bignonaceae,Jacaranda copaia subsp. spectabilis (Mart. ex DC.) A.H.Gentry,Jacaranda,copaia subsp. spectabilis,0,0,0,0,0,,0,2013-03-10,2013,25.664274193548387,529.5900000000001,Jacaranda,Ingeniero del Suelo - Pionera
48755,3,Bosque de Tierra Firme,TF5,4b,986,NO,Sapotaceae,Pouteria tarapotensis (Eichler ex Pierre) Baehni,Pouteria,tarapotensis,0,0,0,0,0,,0,2013-03-10,2013,25.664274193548387,529.5900000000001,Pouteria,Estrella Comercial - Frutal
48757,3,Bosque de Tierra Firme,TF5,4b,988,NO,Moraceae,Brosimum acutifolium subsp. obovatum (Ducke) C.C.Berg,Brosimum,acutifolium subsp. obovatum,0,0,0,0,0,,0,2013-03-10,2013,25.664274193548387,529.5900000000001,Brosimum,Caja Fuerte - Maderable
48759,3,Bosque de Tierra Firme,TF5,4b,990,NO,Sapotaceae,Pouteria tarapotensis (Eichler ex Pierre) Baehni,Pouteria,tarapotensis,0,0,0,0,0,,0,2013-03-10,2013,25.664274193548387,529.5900000000001,Pouteria,Estrella Comercial - Frutal
48769,3,Bosque de Tierra Firme,TF5,5a,994A,NO,Apocynaceae,Aspidosperma rigidum Rusby,Aspidosperma,rigidum,0,0,0,0,0,,0,2013-03-10,2013,25.664274193548387,529.5900000000001,Aspidosperma,Caja Fuerte - Maderable
48772,3,Bosque de Tierra Firme,TF5,5b,998,NO,Fabaceae,Swartzia myrtifolia Sm.,Swartzia,myrtifolia,0,0,0,0,0,,0,2013-03-10,2013,25.664274193548387,529.5900000000001,Swartzia,Ingeniero del Suelo - Fijador N
48775,3,Bosque de Tierra Firme,TF5,5b,958A,NO,Apocynaceae,Aspidosperma vargasii A.DC.,Aspidosperma,vargasii,0,0,0,0,0,,0,2013-03-10,2013,25.664274193548387,529.5900000000001,Aspidosperma,Caja Fuerte - Maderable
49705,4,Bosque de Tierra Firme,TF1,1a,501,NO,Fabaceae,Swartzia myrtifolia Sm.,Swartzia,myrtifolia,0,0,0,0,0,,0,2013-04-27,2013,25.37886666666667,228.46,Swartzia,Ingeniero del Suelo - Fijador N
49708,4,Bosque de Tierra Firme,TF1,1a,504,NO,Fabaceae,Swartzia tomentifera (Ducke) Ducke,Swartzia,tomentifera,0,0,0,0,0,,0,2013-04-27,2013,25.37886666666667,228.46,Swartzia,Ingeniero del Suelo - Fijador N
49710,4,Bosque de Tierra Firme,TF1,1a,506,NO,Apocynaceae,Aspidosperma nitidum Benth. ex Müll.Arg.,Aspidosperma,nitidum,0,0,0,0,0,,0,2013-04-27,2013,25.37886666666667,228.46,Aspidosperma,Caja Fuerte - Maderable
49716,4,Bosque de Tierra Firme,TF1,1b,512,NO,Sapotaceae,Pouteria procera (Mart.) K.Hammer,Pouteria,procera,0,0,0,0,0,,0,2013-04-27,2013,25.37886666666667,228.46,Pouteria,Estrella Comercial - Frutal
49717,4,Bosque de Tierra Firme,TF1,1b,513,NO,Euphorbiaceae,Croton sp.,Croton,sp,0,0,0,0,0,,0,2013-04-27,2013,25.37886666666667,228.46,Croton,Estrella Comercial - Industrial
49728,4,Bosque de Tierra Firme,TF1,2b,528,NO,Fabaceae,Erythrina ulei Harms,Erythrina,ulei,0,0,0,0,0,,0,2013-04-27,2013,25.37886666666667,228.46,Erythrina,Ingeniero del Suelo - Fijador N
49729,4,Bosque de Tierra Firme,TF1,2b,529,NO,Fabaceae,Erythrina ulei Harms,Erythrina,ulei,0,0,0,0,0,,0,2013-04-27,2013,25.37886666666667,228.46,Erythrina,Ingeniero del Suelo - Fijador N
49741,4,Bosque de Tierra Firme,TF1,3b,547,NO,Fabaceae,Erythrina ulei Harms,Erythrina,ulei,0,0,0,0,0,,0,2013-04-27,2013,25.37886666666667,228.46,Erythrina,Ingeniero del Suelo - Fijador N
49749,4,Bosque de Tierra Firme,TF1,4b,559,NO,Sapotaceae,Pouteria pariry (Ducke) Baehni,Pouteria,pariry,0,0,0,0,0,,0,2013-04-27,2013,25.37886666666667,228.46,Pouteria,Estrella Comercial - Frutal
49750,4,Bosque de Tierra Firme,TF1,4b,560,NO,Fabaceae,Erythrina ulei Harms,Erythrina,ulei,0,0,0,0,0,muerto,0,2013-04-27,2013,25.37886666666667,228.46,Erythrina,Ingeniero del Suelo - Fijador N
49753,4,Bosque de Tierra Firme,TF1,5a,564,NO,Fabaceae,Hymenaea courbaril L.,Hymenaea,courbaril,0,0,1,0,0,,1,2013-04-27,2013,25.37886666666667,228.46,Hymenaea,Estrella Comercial - Frutal
49765,4,Bosque de Tierra Firme,TF1,6a,580,NO,Sapotaceae,Pouteria sp. 3,Pouteria,sp,0,0,0,0,0,,0,2013-04-27,2013,25.37886666666667,228.46,Pouteria,Estrella Comercial - Frutal
49766,4,Bosque de Tierra Firme,TF1,6a,581,NO,Fabaceae,Swartzia myrtifolia Sm.,Swartzia,myrtifolia,0,0,0,0,0,,0,2013-04-27,2013,25.37886666666667,228.46,Swartzia,Ingeniero del Suelo - Fijador N
49769,4,Bosque de Tierra Firme,TF1,6b,589,NO,Fabaceae,Hymenaea courbaril L.,Hymenaea,courbaril,0,0,4,0,0,,1,2013-04-27,2013,25.37886666666667,228.46,Hymenaea,Estrella Comercial - Frutal
49787,4,Bosque de Tierra Firme,TF2,1b,614,NO,Fabaceae,Copaifera reticulata Ducke,Copaifera,reticulata,0,0,0,0,0,,0,2013-04-27,2013,25.37886666666667,228.46,Copaifera,Estrella Comercial - Industrial
49790,4,Bosque de Tierra Firme,TF2,1b,617,NO,Sapotaceae,Pouteria sp. 2,Pouteria,sp,0,0,0,0,0,,0,2013-04-27,2013,25.37886666666667,228.46,Pouteria,Estrella Comercial - Frutal
49796,4,Bosque de Tierra Firme,TF2,1b,624,NO,Euphorbiaceae,Hevea guianensis Aubl.,Hevea,guianensis,0,0,0,0,0,,0,2013-04-27,2013,25.37886666666667,228.46,Hevea,Estrella Comercial - Industrial
49800,4,Bosque de Tierra Firme,TF2,2a,629,NO,Euphorbiaceae,Hevea guianensis Aubl.,Hevea,guianensis,0,0,0,0,0,,0,2013-04-27,2013,25.37886666666667,228.46,Hevea,Estrella Comercial - Industrial
49807,4,Bosque de Tierra Firme,TF2,2b,638,NO,Moraceae,Brosimum rubescens Taub.,Brosimum,rubescens,0,0,0,0,0,,0,2013-04-27,2013,25.37886666666667,228.46,Brosimum,Caja Fuerte - Maderable
49813,4,Bosque de Tierra Firme,TF2,3a,648,NO,Sapotaceae,Pouteria torta (Mart.) Radlk.,Pouteria,torta,0,0,0,0,0,,0,2013-04-27,2013,25.37886666666667,228.46,Pouteria,Estrella Comercial - Frutal
49818,4,Bosque de Tierra Firme,TF2,3b,654,NO,Fabaceae,Inga sapindoides Willd.,Inga,sapindoides,0,0,0,0,0,,0,2013-04-27,2013,25.37886666666667,228.46,Inga,Ingeniero del Suelo - Fijador N
49823,4,Bosque de Tierra Firme,TF2,4a,661,NO,Euphorbiaceae,Hevea guianensis Aubl.,Hevea,guianensis,0,0,0,0,0,,0,2013-04-27,2013,25.37886666666667,228.46,Hevea,Estrella Comercial - Industrial
49826,4,Bosque de Tierra Firme,TF2,4a,664,NO,Sapotaceae,Pouteria sp. 3,Pouteria,sp,0,0,0,0,0,,0,2013-04-27,2013,25.37886666666667,228.46,Pouteria,Estrella Comercial - Frutal
49830,4,Bosque de Tierra Firme,TF2,4a,669,NO,Fabaceae,Tachigali vasquezii Pipoly,Tachigali,vasquezii,0,0,0,0,0,,0,2013-04-27,2013,25.37886666666667,228.46,Tachigali,Ingeniero del Suelo - Fijador N
49838,4,Bosque de Tierra Firme,TF2,4b,681,NO,Malvaceae,Theobroma speciosum Willd. ex Spreng.,Theobroma,speciosum,0,0,0,0,0,,0,2013-04-27,2013,25.37886666666667,228.46,Theobroma,Estrella Comercial - Frutal
49851,4,Bosque de Tierra Firme,TF2,5a,695,NO,Arecaceae,Bactris gasipaes Kunth,Bactris,gasipaes,0,0,0,0,0,,0,2013-04-27,2013,25.37886666666667,228.46,Bactris,Estrella Comercial - Frutal
49854,4,Bosque de Tierra Firme,TF2,5a,698,NO,Meliaceae,Cedrela fissilis Vell.,Cedrela,fissilis,0,0,0,0,0,,0,2013-04-27,2013,25.37886666666667,228.46,Cedrela,Caja Fuerte - Maderable
49876,4,Bosque de Tierra Firme,TF3,1b,721,NO,Moraceae,Brosimum rubescens Taub.,Brosimum,rubescens,0,0,0,0,0,muerto,0,2013-04-25,2013,25.37886666666667,228.46,Brosimum,Caja Fuerte - Maderable
49897,4,Bosque de Tierra Firme,TF3,2b,746,NO,Euphorbiaceae,Hevea guianensis Aubl.,Hevea,guianensis,0,0,0,0,0,,0,2013-04-25,2013,25.37886666666667,228.46,Hevea,Estrella Comercial - Industrial
49900,4,Bosque de Tierra Firme,TF3,2b,749,NO,Fabaceae,Cedrelinga catenaeformis (Ducke) Ducke,Cedrelinga,catenaeformis,0,0,0,0,0,,0,2013-04-25,2013,25.37886666666667,228.46,Cedrelinga,Caja Fuerte - Maderable / Fijador N
49903,4,Bosque de Tierra Firme,TF3,3a,756,NO,Fabaceae,Inga alba (Sw.) Willd.,Inga,alba,0,0,0,0,0,,0,2013-04-25,2013,25.37886666666667,228.46,Inga,Ingeniero del Suelo - Fijador N
49910,4,Bosque de Tierra Firme,TF3,4a,765,NO,Apocynaceae,Aspidosperma vargasii A.DC.,Aspidosperma,vargasii,0,0,0,0,0,,0,2013-04-25,2013,25.37886666666667,228.46,Aspidosperma,Caja Fuerte - Maderable
49919,4,Bosque de Tierra Firme,TF3,4b,777,NO,Euphorbiaceae,Hevea guianensis Aubl.,Hevea,guianensis,0,0,0,0,0,liana,0,2013-04-25,2013,25.37886666666667,228.46,Hevea,Estrella Comercial - Industrial
49925,4,Bosque de Tierra Firme,TF3,5a,785,NO,Fabaceae,Copaifera reticulata Ducke,Copaifera,reticulata,0,0,0,0,0,,0,2013-04-25,2013,25.37886666666667,228.46,Copaifera,Estrella Comercial - Industrial
49929,4,Bosque de Tierra Firme,TF3,5a,790,NO,Euphorbiaceae,Hevea guianensis Aubl.,Hevea,guianensis,0,0,0,0,0,,0,2013-04-25,2013,25.37886666666667,228.46,Hevea,Estrella Comercial - Industrial
49934,4,Bosque de Tierra Firme,TF3,5b,796,NO,Fabaceae,Copaifera reticulata Ducke,Copaifera,reticulata,0,0,0,0,0,,0,2013-04-25,2013,25.37886666666667,228.46,Copaifera,Estrella Comercial - Industrial
49942,4,Bosque de Tierra Firme,TF4,1a,807,NO,Euphorbiaceae,Hevea guianensis Aubl.,Hevea,guianensis,0,0,0,0,0,,0,2013-04-25,2013,25.37886666666667,228.46,Hevea,Estrella Comercial - Industrial
49946,4,Bosque de Tierra Firme,TF4,1a,811,NO,Euphorbiaceae,Hevea guianensis Aubl.,Hevea,guianensis,0,0,0,0,0,,0,2013-04-25,2013,25.37886666666667,228.46,Hevea,Estrella Comercial - Industrial
49952,4,Bosque de Tierra Firme,TF4,1b,817,NO,Sapotaceae,Pouteria pariry (Ducke) Baehni,Pouteria,pariry,3,0,0,0,0,,1,2013-04-25,2013,25.37886666666667,228.46,Pouteria,Estrella Comercial - Frutal
49955,4,Bosque de Tierra Firme,TF4,1b,820,NO,Olacaceae,Aptandra tubicina (Poepp.) Benth. ex Miers,Aptandra,tubicina,0,0,0,0,0,,0,2013-04-25,2013,25.37886666666667,228.46,Aptandra,Ingeniero del Suelo - Pionera
49975,4,Bosque de Tierra Firme,TF4,2a,840,NO,Fabaceae,Inga stipularis DC.,Inga,stipularis,0,0,0,0,0,,0,2013-04-25,2013,25.37886666666667,228.46,Inga,Ingeniero del Suelo - Fijador N
49996,4,Bosque de Tierra Firme,TF4,3a,867,NO,Fabaceae,Inga punctata Willd.,Inga,punctata,2,1,0,0,0,,1,2013-04-25,2013,25.37886666666667,228.46,Inga,Ingeniero del Suelo - Fijador N
50004,4,Bosque de Tierra Firme,TF4,3a,876,NO,Bignonaceae,Jacaranda copaia (Aubl.) D.Don,Jacaranda,copaia,0,0,0,0,0,,0,2013-04-25,2013,25.37886666666667,228.46,Jacaranda,Ingeniero del Suelo - Pionera
50012,4,Bosque de Tierra Firme,TF4,3b,884,NO,Apocynaceae,Aspidosperma nitidum Benth. ex Müll.Arg.,Aspidosperma,nitidum,0,0,0,0,0,,0,2013-04-25,2013,25.37886666666667,228.46,Aspidosperma,Caja Fuerte - Maderable
50019,4,Bosque de Tierra Firme,TF4,3b,891,NO,Sapotaceae,Pouteria tarapotensis (Eichler ex Pierre) Baehni,Pouteria,tarapotensis,0,0,0,0,0,,0,2013-04-25,2013,25.37886666666667,228.46,Pouteria,Estrella Comercial - Frutal
50031,4,Bosque de Tierra Firme,TF5,1a,903,NO,Sapotaceae,Pouteria procera (Mart.) K.Hammer,Pouteria,procera,3,4,0,0,0,,1,2013-04-23,2013,25.37886666666667,228.46,Pouteria,Estrella Comercial - Frutal
50037,4,Bosque de Tierra Firme,TF5,1a,911,NO,Fabaceae,Inga auristellae Harms,Inga,auristellae,2,2,0,0,0,,1,2013-04-23,2013,25.37886666666667,228.46,Inga,Ingeniero del Suelo - Fijador N
50041,4,Bosque de Tierra Firme,TF5,1b,915,NO,Fabaceae,Inga sp. 2,Inga,sp,0,0,0,0,0,,0,2013-04-23,2013,25.37886666666667,228.46,Inga,Ingeniero del Suelo - Fijador N
50044,4,Bosque de Tierra Firme,TF5,1b,918,NO,Fabaceae,Inga cordistipula Mart.,Inga,cordistipula,0,0,0,0,0,,0,2013-04-23,2013,25.37886666666667,228.46,Inga,Ingeniero del Suelo - Fijador N
50048,4,Bosque de Tierra Firme,TF5,2a,923,NO,Malvaceae,Theobroma speciosum Willd. ex Spreng.,Theobroma,speciosum,0,0,0,0,0,,0,2013-04-23,2013,25.37886666666667,228.46,Theobroma,Estrella Comercial - Frutal
50054,4,Bosque de Tierra Firme,TF5,2a,930,NO,Apocynaceae,Aspidosperma rigidum Rusby,Aspidosperma,rigidum,0,0,1,0,0,,1,2013-04-23,2013,25.37886666666667,228.46,Aspidosperma,Caja Fuerte - Maderable
50055,4,Bosque de Tierra Firme,TF5,2b,934,NO,Fabaceae,Dipteryx micrantha Harms,Dipteryx,micrantha,0,0,1,0,0,,1,2013-04-23,2013,25.37886666666667,228.46,Dipteryx,Estrella Comercial - Industrial
50063,4,Bosque de Tierra Firme,TF5,3a,942,NO,Fabaceae,Inga edulis Mart.,Inga,edulis,2,1,0,0,0,,1,2013-04-23,2013,25.37886666666667,228.46,Inga,Ingeniero del Suelo - Fijador N
50067,4,Bosque de Tierra Firme,TF5,3a,946,NO,Fabaceae,Inga sp. 2,Inga,sp,3,1,1,0,0,,1,2013-04-23,2013,25.37886666666667,228.46,Inga,Ingeniero del Suelo - Fijador N
50075,4,Bosque de Tierra Firme,TF5,3b,959,NO,Fabaceae,Inga sp. 2,Inga,sp,2,0,0,0,0,,1,2013-04-23,2013,25.37886666666667,228.46,Inga,Ingeniero del Suelo - Fijador N
50081,4,Bosque de Tierra Firme,TF5,4a,968,NO,Sapotaceae,Pouteria sp. 3,Pouteria,sp,0,0,0,0,0,,0,2013-04-23,2013,25.37886666666667,228.46,Pouteria,Estrella Comercial - Frutal
50083,4,Bosque de Tierra Firme,TF5,4a,970,NO,Sapotaceae,Pouteria procera (Mart.) K.Hammer,Pouteria,procera,0,0,0,0,0,,0,2013-04-23,2013,25.37886666666667,228.46,Pouteria,Estrella Comercial - Frutal
50091,4,Bosque de Tierra Firme,TF5,4b,983,NO,Bignonaceae,Jacaranda copaia subsp. spectabilis (Mart. ex DC.) A.H.Gentry,Jacaranda,copaia subsp. spectabilis,0,0,0,0,0,,0,2013-04-23,2013,25.37886666666667,228.46,Jacaranda,Ingeniero del Suelo - Pionera
50094,4,Bosque de Tierra Firme,TF5,4b,986,NO,Sapotaceae,Pouteria tarapotensis (Eichler ex Pierre) Baehni,Pouteria,tarapotensis,0,0,0,0,0,,0,2013-04-23,2013,25.37886666666667,228.46,Pouteria,Estrella Comercial - Frutal
50096,4,Bosque de Tierra Firme,TF5,4b,988,NO,Moraceae,Brosimum acutifolium subsp. obovatum (Ducke) C.C.Berg,Brosimum,acutifolium subsp. obovatum,0,0,0,0,0,,0,2013-04-23,2013,25.37886666666667,228.46,Brosimum,Caja Fuerte - Maderable
50098,4,Bosque de Tierra Firme,TF5,4b,990,NO,Sapotaceae,Pouteria tarapotensis (Eichler ex Pierre) Baehni,Pouteria,tarapotensis,0,0,0,0,0,,0,2013-04-23,2013,25.37886666666667,228.46,Pouteria,Estrella Comercial - Frutal
50108,4,Bosque de Tierra Firme,TF5,5a,994A,NO,Apocynaceae,Aspidosperma rigidum Rusby,Aspidosperma,rigidum,0,0,0,0,0,,0,2013-04-23,2013,25.37886666666667,228.46,Aspidosperma,Caja Fuerte - Maderable
50111,4,Bosque de Tierra Firme,TF5,5b,998,NO,Fabaceae,Swartzia myrtifolia Sm.,Swartzia,myrtifolia,0,0,0,0,0,,0,2013-04-23,2013,25.37886666666667,228.46,Swartzia,Ingeniero del Suelo - Fijador N
50114,4,Bosque de Tierra Firme,TF5,5b,958A,NO,Apocynaceae,Aspidosperma vargasii A.DC.,Aspidosperma,vargasii,0,0,0,0,0,,0,2013-04-23,2013,25.37886666666667,228.46,Aspidosperma,Caja Fuerte - Maderable
51043,5,Bosque de Tierra Firme,TF1,1a,501,NO,Fabaceae,Swartzia myrtifolia Sm.,Swartzia,myrtifolia,0,0,0,0,0,,0,2013-05-26,2013,24.17754838709677,217.1,Swartzia,Ingeniero del Suelo - Fijador N
51046,5,Bosque de Tierra Firme,TF1,1a,504,NO,Fabaceae,Swartzia tomentifera (Ducke) Ducke,Swartzia,tomentifera,0,0,0,0,0,,0,2013-05-26,2013,24.17754838709677,217.1,Swartzia,Ingeniero del Suelo - Fijador N
51048,5,Bosque de Tierra Firme,TF1,1a,506,NO,Apocynaceae,Aspidosperma nitidum Benth. ex Müll.Arg.,Aspidosperma,nitidum,0,0,0,0,0,,0,2013-05-26,2013,24.17754838709677,217.1,Aspidosperma,Caja Fuerte - Maderable
51054,5,Bosque de Tierra Firme,TF1,1b,512,NO,Sapotaceae,Pouteria procera (Mart.) K.Hammer,Pouteria,procera,0,0,0,0,0,desfoliado,0,2013-05-26,2013,24.17754838709677,217.1,Pouteria,Estrella Comercial - Frutal
51055,5,Bosque de Tierra Firme,TF1,1b,513,NO,Euphorbiaceae,Croton sp.,Croton,sp,0,0,0,0,0,,0,2013-05-26,2013,24.17754838709677,217.1,Croton,Estrella Comercial - Industrial
51066,5,Bosque de Tierra Firme,TF1,2b,528,NO,Fabaceae,Erythrina ulei Harms,Erythrina,ulei,0,0,0,0,0,,0,2013-05-26,2013,24.17754838709677,217.1,Erythrina,Ingeniero del Suelo - Fijador N
51067,5,Bosque de Tierra Firme,TF1,2b,529,NO,Fabaceae,Erythrina ulei Harms,Erythrina,ulei,0,0,0,0,0,,0,2013-05-26,2013,24.17754838709677,217.1,Erythrina,Ingeniero del Suelo - Fijador N
51079,5,Bosque de Tierra Firme,TF1,3b,547,NO,Fabaceae,Erythrina ulei Harms,Erythrina,ulei,0,0,0,0,0,,0,2013-05-26,2013,24.17754838709677,217.1,Erythrina,Ingeniero del Suelo - Fijador N
51087,5,Bosque de Tierra Firme,TF1,4b,559,NO,Sapotaceae,Pouteria pariry (Ducke) Baehni,Pouteria,pariry,0,0,0,0,0,,0,2013-05-26,2013,24.17754838709677,217.1,Pouteria,Estrella Comercial - Frutal
51088,5,Bosque de Tierra Firme,TF1,4b,560,NO,Fabaceae,Erythrina ulei Harms,Erythrina,ulei,0,0,0,0,0,muerto,0,2013-05-26,2013,24.17754838709677,217.1,Erythrina,Ingeniero del Suelo - Fijador N
51091,5,Bosque de Tierra Firme,TF1,5a,564,NO,Fabaceae,Hymenaea courbaril L.,Hymenaea,courbaril,0,0,1,0,0,,1,2013-05-26,2013,24.17754838709677,217.1,Hymenaea,Estrella Comercial - Frutal
51103,5,Bosque de Tierra Firme,TF1,6a,580,NO,Sapotaceae,Pouteria sp. 3,Pouteria,sp,0,0,0,0,0,,0,2013-05-26,2013,24.17754838709677,217.1,Pouteria,Estrella Comercial - Frutal
51104,5,Bosque de Tierra Firme,TF1,6a,581,NO,Fabaceae,Swartzia myrtifolia Sm.,Swartzia,myrtifolia,2,0,0,0,0,,1,2013-05-26,2013,24.17754838709677,217.1,Swartzia,Ingeniero del Suelo - Fijador N
51107,5,Bosque de Tierra Firme,TF1,6b,589,NO,Fabaceae,Hymenaea courbaril L.,Hymenaea,courbaril,0,0,4,0,0,,1,2013-05-26,2013,24.17754838709677,217.1,Hymenaea,Estrella Comercial - Frutal
51125,5,Bosque de Tierra Firme,TF2,1b,614,NO,Fabaceae,Copaifera reticulata Ducke,Copaifera,reticulata,0,0,0,0,0,,0,2013-05-26,2013,24.17754838709677,217.1,Copaifera,Estrella Comercial - Industrial
51128,5,Bosque de Tierra Firme,TF2,1b,617,NO,Sapotaceae,Pouteria sp. 2,Pouteria,sp,0,0,0,0,0,,0,2013-05-26,2013,24.17754838709677,217.1,Pouteria,Estrella Comercial - Frutal
51134,5,Bosque de Tierra Firme,TF2,1b,624,NO,Euphorbiaceae,Hevea guianensis Aubl.,Hevea,guianensis,0,0,0,0,0,,0,2013-05-26,2013,24.17754838709677,217.1,Hevea,Estrella Comercial - Industrial
51139,5,Bosque de Tierra Firme,TF2,2a,629,NO,Euphorbiaceae,Hevea guianensis Aubl.,Hevea,guianensis,0,0,0,0,0,,0,2013-05-26,2013,24.17754838709677,217.1,Hevea,Estrella Comercial - Industrial
51146,5,Bosque de Tierra Firme,TF2,2b,638,NO,Moraceae,Brosimum rubescens Taub.,Brosimum,rubescens,0,0,0,0,0,,0,2013-05-26,2013,24.17754838709677,217.1,Brosimum,Caja Fuerte - Maderable
51152,5,Bosque de Tierra Firme,TF2,3a,648,NO,Sapotaceae,Pouteria torta (Mart.) Radlk.,Pouteria,torta,0,0,0,0,0,,0,2013-05-26,2013,24.17754838709677,217.1,Pouteria,Estrella Comercial - Frutal
51157,5,Bosque de Tierra Firme,TF2,3b,654,NO,Fabaceae,Inga sapindoides Willd.,Inga,sapindoides,0,0,0,0,0,,0,2013-05-26,2013,24.17754838709677,217.1,Inga,Ingeniero del Suelo - Fijador N
51162,5,Bosque de Tierra Firme,TF2,4a,661,NO,Euphorbiaceae,Hevea guianensis Aubl.,Hevea,guianensis,0,0,0,0,0,,0,2013-05-26,2013,24.17754838709677,217.1,Hevea,Estrella Comercial - Industrial
51165,5,Bosque de Tierra Firme,TF2,4a,664,NO,Sapotaceae,Pouteria sp. 3,Pouteria,sp,0,0,0,0,0,,0,2013-05-26,2013,24.17754838709677,217.1,Pouteria,Estrella Comercial - Frutal
51169,5,Bosque de Tierra Firme,TF2,4a,669,NO,Fabaceae,Tachigali vasquezii Pipoly,Tachigali,vasquezii,0,0,0,0,0,,0,2013-05-26,2013,24.17754838709677,217.1,Tachigali,Ingeniero del Suelo - Fijador N
51177,5,Bosque de Tierra Firme,TF2,4b,681,NO,Malvaceae,Theobroma speciosum Willd. ex Spreng.,Theobroma,speciosum,0,0,0,0,0,,0,2013-05-26,2013,24.17754838709677,217.1,Theobroma,Estrella Comercial - Frutal
51190,5,Bosque de Tierra Firme,TF2,5a,695,NO,Arecaceae,Bactris gasipaes Kunth,Bactris,gasipaes,0,0,0,0,0,,0,2013-05-26,2013,24.17754838709677,217.1,Bactris,Estrella Comercial - Frutal
51193,5,Bosque de Tierra Firme,TF2,5a,698,NO,Meliaceae,Cedrela fissilis Vell.,Cedrela,fissilis,0,0,0,0,0,,0,2013-05-26,2013,24.17754838709677,217.1,Cedrela,Caja Fuerte - Maderable
51215,5,Bosque de Tierra Firme,TF3,1b,721,NO,Moraceae,Brosimum rubescens Taub.,Brosimum,rubescens,0,0,0,0,0,muerto,0,2013-05-27,2013,24.17754838709677,217.1,Brosimum,Caja Fuerte - Maderable
51236,5,Bosque de Tierra Firme,TF3,2b,746,NO,Euphorbiaceae,Hevea guianensis Aubl.,Hevea,guianensis,0,0,0,0,0,,0,2013-05-27,2013,24.17754838709677,217.1,Hevea,Estrella Comercial - Industrial
51239,5,Bosque de Tierra Firme,TF3,2b,749,NO,Fabaceae,Cedrelinga catenaeformis (Ducke) Ducke,Cedrelinga,catenaeformis,0,0,0,0,0,,0,2013-05-27,2013,24.17754838709677,217.1,Cedrelinga,Caja Fuerte - Maderable / Fijador N
51242,5,Bosque de Tierra Firme,TF3,3a,756,NO,Fabaceae,Inga alba (Sw.) Willd.,Inga,alba,0,0,0,0,0,,0,2013-05-27,2013,24.17754838709677,217.1,Inga,Ingeniero del Suelo - Fijador N
51249,5,Bosque de Tierra Firme,TF3,4a,765,NO,Apocynaceae,Aspidosperma vargasii A.DC.,Aspidosperma,vargasii,0,0,0,0,0,,0,2013-05-27,2013,24.17754838709677,217.1,Aspidosperma,Caja Fuerte - Maderable
51258,5,Bosque de Tierra Firme,TF3,4b,777,NO,Euphorbiaceae,Hevea guianensis Aubl.,Hevea,guianensis,0,0,0,0,0,liana,0,2013-05-27,2013,24.17754838709677,217.1,Hevea,Estrella Comercial - Industrial
51264,5,Bosque de Tierra Firme,TF3,5a,785,NO,Fabaceae,Copaifera reticulata Ducke,Copaifera,reticulata,0,0,0,0,0,,0,2013-05-27,2013,24.17754838709677,217.1,Copaifera,Estrella Comercial - Industrial
51268,5,Bosque de Tierra Firme,TF3,5a,790,NO,Euphorbiaceae,Hevea guianensis Aubl.,Hevea,guianensis,0,0,0,0,0,,0,2013-05-27,2013,24.17754838709677,217.1,Hevea,Estrella Comercial - Industrial
51273,5,Bosque de Tierra Firme,TF3,5b,796,NO,Fabaceae,Copaifera reticulata Ducke,Copaifera,reticulata,0,0,0,0,0,,0,2013-05-27,2013,24.17754838709677,217.1,Copaifera,Estrella Comercial - Industrial
51281,5,Bosque de Tierra Firme,TF4,1a,807,NO,Euphorbiaceae,Hevea guianensis Aubl.,Hevea,guianensis,0,0,0,0,0,,0,2013-05-27,2013,24.17754838709677,217.1,Hevea,Estrella Comercial - Industrial
51285,5,Bosque de Tierra Firme,TF4,1a,811,NO,Euphorbiaceae,Hevea guianensis Aubl.,Hevea,guianensis,0,0,0,0,0,,0,2013-05-27,2013,24.17754838709677,217.1,Hevea,Estrella Comercial - Industrial
51291,5,Bosque de Tierra Firme,TF4,1b,817,NO,Sapotaceae,Pouteria pariry (Ducke) Baehni,Pouteria,pariry,0,0,0,0,0,,0,2013-05-27,2013,24.17754838709677,217.1,Pouteria,Estrella Comercial - Frutal
51294,5,Bosque de Tierra Firme,TF4,1b,820,NO,Olacaceae,Aptandra tubicina (Poepp.) Benth. ex Miers,Aptandra,tubicina,3,0,0,0,0,,1,2013-05-27,2013,24.17754838709677,217.1,Aptandra,Ingeniero del Suelo - Pionera
51314,5,Bosque de Tierra Firme,TF4,2a,840,NO,Fabaceae,Inga stipularis DC.,Inga,stipularis,0,0,0,0,0,,0,2013-05-27,2013,24.17754838709677,217.1,Inga,Ingeniero del Suelo - Fijador N
51335,5,Bosque de Tierra Firme,TF4,3a,867,NO,Fabaceae,Inga punctata Willd.,Inga,punctata,0,0,0,0,0,,0,2013-05-27,2013,24.17754838709677,217.1,Inga,Ingeniero del Suelo - Fijador N
51343,5,Bosque de Tierra Firme,TF4,3a,876,NO,Bignonaceae,Jacaranda copaia (Aubl.) D.Don,Jacaranda,copaia,0,0,0,0,0,,0,2013-05-27,2013,24.17754838709677,217.1,Jacaranda,Ingeniero del Suelo - Pionera
51351,5,Bosque de Tierra Firme,TF4,3b,884,NO,Apocynaceae,Aspidosperma nitidum Benth. ex Müll.Arg.,Aspidosperma,nitidum,0,0,0,0,0,,0,2013-05-27,2013,24.17754838709677,217.1,Aspidosperma,Caja Fuerte - Maderable
51358,5,Bosque de Tierra Firme,TF4,3b,891,NO,Sapotaceae,Pouteria tarapotensis (Eichler ex Pierre) Baehni,Pouteria,tarapotensis,0,0,0,0,0,,0,2013-05-27,2013,24.17754838709677,217.1,Pouteria,Estrella Comercial - Frutal
51370,5,Bosque de Tierra Firme,TF5,1a,903,NO,Sapotaceae,Pouteria procera (Mart.) K.Hammer,Pouteria,procera,0,0,2,0,0,,1,2013-05-23,2013,24.17754838709677,217.1,Pouteria,Estrella Comercial - Frutal
51376,5,Bosque de Tierra Firme,TF5,1a,911,NO,Fabaceae,Inga auristellae Harms,Inga,auristellae,2,0,0,0,0,,1,2013-05-23,2013,24.17754838709677,217.1,Inga,Ingeniero del Suelo - Fijador N
51380,5,Bosque de Tierra Firme,TF5,1b,915,NO,Fabaceae,Inga sp. 2,Inga,sp,0,0,0,0,0,,0,2013-05-23,2013,24.17754838709677,217.1,Inga,Ingeniero del Suelo - Fijador N
51383,5,Bosque de Tierra Firme,TF5,1b,918,NO,Fabaceae,Inga cordistipula Mart.,Inga,cordistipula,0,0,0,0,0,,0,2013-05-23,2013,24.17754838709677,217.1,Inga,Ingeniero del Suelo - Fijador N
51387,5,Bosque de Tierra Firme,TF5,2a,923,NO,Malvaceae,Theobroma speciosum Willd. ex Spreng.,Theobroma,speciosum,0,0,0,0,0,,0,2013-05-23,2013,24.17754838709677,217.1,Theobroma,Estrella Comercial - Frutal
51393,5,Bosque de Tierra Firme,TF5,2a,930,NO,Apocynaceae,Aspidosperma rigidum Rusby,Aspidosperma,rigidum,0,0,1,0,0,,1,2013-05-23,2013,24.17754838709677,217.1,Aspidosperma,Caja Fuerte - Maderable
51394,5,Bosque de Tierra Firme,TF5,2b,934,NO,Fabaceae,Dipteryx micrantha Harms,Dipteryx,micrantha,0,0,0,1,0,,1,2013-05-23,2013,24.17754838709677,217.1,Dipteryx,Estrella Comercial - Industrial
51402,5,Bosque de Tierra Firme,TF5,3a,942,NO,Fabaceae,Inga edulis Mart.,Inga,edulis,3,3,0,0,0,,1,2013-05-23,2013,24.17754838709677,217.1,Inga,Ingeniero del Suelo - Fijador N
51406,5,Bosque de Tierra Firme,TF5,3a,946,NO,Fabaceae,Inga sp. 2,Inga,sp,3,3,0,0,0,,1,2013-05-23,2013,24.17754838709677,217.1,Inga,Ingeniero del Suelo - Fijador N
51414,5,Bosque de Tierra Firme,TF5,3b,959,NO,Fabaceae,Inga sp. 2,Inga,sp,3,0,0,0,0,,1,2013-05-23,2013,24.17754838709677,217.1,Inga,Ingeniero del Suelo - Fijador N
51420,5,Bosque de Tierra Firme,TF5,4a,968,NO,Sapotaceae,Pouteria sp. 3,Pouteria,sp,0,0,0,0,0,,0,2013-05-23,2013,24.17754838709677,217.1,Pouteria,Estrella Comercial - Frutal
51422,5,Bosque de Tierra Firme,TF5,4a,970,NO,Sapotaceae,Pouteria procera (Mart.) K.Hammer,Pouteria,procera,0,0,0,0,0,,0,2013-05-23,2013,24.17754838709677,217.1,Pouteria,Estrella Comercial - Frutal
51430,5,Bosque de Tierra Firme,TF5,4b,983,NO,Bignonaceae,Jacaranda copaia subsp. spectabilis (Mart. ex DC.) A.H.Gentry,Jacaranda,copaia subsp. spectabilis,0,0,0,0,0,,0,2013-05-23,2013,24.17754838709677,217.1,Jacaranda,Ingeniero del Suelo - Pionera
51433,5,Bosque de Tierra Firme,TF5,4b,986,NO,Sapotaceae,Pouteria tarapotensis (Eichler ex Pierre) Baehni,Pouteria,tarapotensis,0,0,0,0,0,,0,2013-05-23,2013,24.17754838709677,217.1,Pouteria,Estrella Comercial - Frutal
51435,5,Bosque de Tierra Firme,TF5,4b,988,NO,Moraceae,Brosimum acutifolium subsp. obovatum (Ducke) C.C.Berg,Brosimum,acutifolium subsp. obovatum,0,0,0,0,0,,0,2013-05-23,2013,24.17754838709677,217.1,Brosimum,Caja Fuerte - Maderable
51437,5,Bosque de Tierra Firme,TF5,4b,990,NO,Sapotaceae,Pouteria tarapotensis (Eichler ex Pierre) Baehni,Pouteria,tarapotensis,3,0,0,0,0,,1,2013-05-23,2013,24.17754838709677,217.1,Pouteria,Estrella Comercial - Frutal
51447,5,Bosque de Tierra Firme,TF5,5a,994A,NO,Apocynaceae,Aspidosperma rigidum Rusby,Aspidosperma,rigidum,0,0,0,0,0,,0,2013-05-23,2013,24.17754838709677,217.1,Aspidosperma,Caja Fuerte - Maderable
51450,5,Bosque de Tierra Firme,TF5,5b,998,NO,Fabaceae,Swartzia myrtifolia Sm.,Swartzia,myrtifolia,0,0,0,0,0,,0,2013-05-23,2013,24.17754838709677,217.1,Swartzia,Ingeniero del Suelo - Fijador N
51453,5,Bosque de Tierra Firme,TF5,5b,958A,NO,Apocynaceae,Aspidosperma vargasii A.DC.,Aspidosperma,vargasii,0,0,0,0,0,,0,2013-05-23,2013,24.17754838709677,217.1,Aspidosperma,Caja Fuerte - Maderable
52384,6,Bosque de Tierra Firme,TF1,1a,501,NO,Fabaceae,Swartzia myrtifolia Sm.,Swartzia,myrtifolia,0,0,0,0,0,,0,2013-06-21,2013,25.06856666666666,204.61000000000004,Swartzia,Ingeniero del Suelo - Fijador N
52387,6,Bosque de Tierra Firme,TF1,1a,504,NO,Fabaceae,Swartzia tomentifera (Ducke) Ducke,Swartzia,tomentifera,0,0,0,0,0,,0,2013-06-21,2013,25.06856666666666,204.61000000000004,Swartzia,Ingeniero del Suelo - Fijador N
52389,6,Bosque de Tierra Firme,TF1,1a,506,NO,Apocynaceae,Aspidosperma nitidum Benth. ex Müll.Arg.,Aspidosperma,nitidum,0,0,0,0,0,,0,2013-06-21,2013,25.06856666666666,204.61000000000004,Aspidosperma,Caja Fuerte - Maderable
52395,6,Bosque de Tierra Firme,TF1,1b,512,NO,Sapotaceae,Pouteria procera (Mart.) K.Hammer,Pouteria,procera,0,0,0,0,0,desfoliado,0,2013-06-21,2013,25.06856666666666,204.61000000000004,Pouteria,Estrella Comercial - Frutal
52396,6,Bosque de Tierra Firme,TF1,1b,513,NO,Euphorbiaceae,Croton sp.,Croton,sp,0,0,0,0,0,,0,2013-06-21,2013,25.06856666666666,204.61000000000004,Croton,Estrella Comercial - Industrial
52407,6,Bosque de Tierra Firme,TF1,2b,528,NO,Fabaceae,Erythrina ulei Harms,Erythrina,ulei,0,0,0,0,0,,0,2013-06-21,2013,25.06856666666666,204.61000000000004,Erythrina,Ingeniero del Suelo - Fijador N
52408,6,Bosque de Tierra Firme,TF1,2b,529,NO,Fabaceae,Erythrina ulei Harms,Erythrina,ulei,0,0,0,0,0,,0,2013-06-21,2013,25.06856666666666,204.61000000000004,Erythrina,Ingeniero del Suelo - Fijador N
52420,6,Bosque de Tierra Firme,TF1,3b,547,NO,Fabaceae,Erythrina ulei Harms,Erythrina,ulei,0,0,0,0,0,,0,2013-06-21,2013,25.06856666666666,204.61000000000004,Erythrina,Ingeniero del Suelo - Fijador N
52428,6,Bosque de Tierra Firme,TF1,4b,559,NO,Sapotaceae,Pouteria pariry (Ducke) Baehni,Pouteria,pariry,0,0,0,0,0,,0,2013-06-21,2013,25.06856666666666,204.61000000000004,Pouteria,Estrella Comercial - Frutal
52429,6,Bosque de Tierra Firme,TF1,4b,560,NO,Fabaceae,Erythrina ulei Harms,Erythrina,ulei,0,0,0,0,0,muerto,0,2013-06-21,2013,25.06856666666666,204.61000000000004,Erythrina,Ingeniero del Suelo - Fijador N
52432,6,Bosque de Tierra Firme,TF1,5a,564,NO,Fabaceae,Hymenaea courbaril L.,Hymenaea,courbaril,0,0,1,0,0,,1,2013-06-21,2013,25.06856666666666,204.61000000000004,Hymenaea,Estrella Comercial - Frutal
52444,6,Bosque de Tierra Firme,TF1,6a,580,NO,Sapotaceae,Pouteria sp. 3,Pouteria,sp,0,0,0,0,0,,0,2013-06-21,2013,25.06856666666666,204.61000000000004,Pouteria,Estrella Comercial - Frutal
52445,6,Bosque de Tierra Firme,TF1,6a,581,NO,Fabaceae,Swartzia myrtifolia Sm.,Swartzia,myrtifolia,0,0,0,0,0,,0,2013-06-21,2013,25.06856666666666,204.61000000000004,Swartzia,Ingeniero del Suelo - Fijador N
52448,6,Bosque de Tierra Firme,TF1,6b,589,NO,Fabaceae,Hymenaea courbaril L.,Hymenaea,courbaril,0,0,4,0,0,,1,2013-06-21,2013,25.06856666666666,204.61000000000004,Hymenaea,Estrella Comercial - Frutal
52466,6,Bosque de Tierra Firme,TF2,1b,614,NO,Fabaceae,Copaifera reticulata Ducke,Copaifera,reticulata,0,0,0,0,0,,0,2013-06-21,2013,25.06856666666666,204.61000000000004,Copaifera,Estrella Comercial - Industrial
52469,6,Bosque de Tierra Firme,TF2,1b,617,NO,Sapotaceae,Pouteria sp. 2,Pouteria,sp,0,0,0,0,0,,0,2013-06-21,2013,25.06856666666666,204.61000000000004,Pouteria,Estrella Comercial - Frutal
52475,6,Bosque de Tierra Firme,TF2,1b,624,NO,Euphorbiaceae,Hevea guianensis Aubl.,Hevea,guianensis,0,0,0,0,0,,0,2013-06-21,2013,25.06856666666666,204.61000000000004,Hevea,Estrella Comercial - Industrial
52480,6,Bosque de Tierra Firme,TF2,2a,629,NO,Euphorbiaceae,Hevea guianensis Aubl.,Hevea,guianensis,0,0,0,0,0,,0,2013-06-21,2013,25.06856666666666,204.61000000000004,Hevea,Estrella Comercial - Industrial
52487,6,Bosque de Tierra Firme,TF2,2b,638,NO,Moraceae,Brosimum rubescens Taub.,Brosimum,rubescens,0,0,0,0,0,,0,2013-06-21,2013,25.06856666666666,204.61000000000004,Brosimum,Caja Fuerte - Maderable
52493,6,Bosque de Tierra Firme,TF2,3a,648,NO,Sapotaceae,Pouteria torta (Mart.) Radlk.,Pouteria,torta,0,0,0,0,0,,0,2013-06-21,2013,25.06856666666666,204.61000000000004,Pouteria,Estrella Comercial - Frutal
52498,6,Bosque de Tierra Firme,TF2,3b,654,NO,Fabaceae,Inga sapindoides Willd.,Inga,sapindoides,0,0,1,0,0,,1,2013-06-21,2013,25.06856666666666,204.61000000000004,Inga,Ingeniero del Suelo - Fijador N
52503,6,Bosque de Tierra Firme,TF2,4a,661,NO,Euphorbiaceae,Hevea guianensis Aubl.,Hevea,guianensis,0,0,0,0,0,,0,2013-06-21,2013,25.06856666666666,204.61000000000004,Hevea,Estrella Comercial - Industrial
52506,6,Bosque de Tierra Firme,TF2,4a,664,NO,Sapotaceae,Pouteria sp. 3,Pouteria,sp,0,0,0,0,0,,0,2013-06-21,2013,25.06856666666666,204.61000000000004,Pouteria,Estrella Comercial - Frutal
52510,6,Bosque de Tierra Firme,TF2,4a,669,NO,Fabaceae,Tachigali vasquezii Pipoly,Tachigali,vasquezii,0,0,0,0,0,,0,2013-06-21,2013,25.06856666666666,204.61000000000004,Tachigali,Ingeniero del Suelo - Fijador N
52518,6,Bosque de Tierra Firme,TF2,4b,681,NO,Malvaceae,Theobroma speciosum Willd. ex Spreng.,Theobroma,speciosum,0,0,0,0,0,,0,2013-06-21,2013,25.06856666666666,204.61000000000004,Theobroma,Estrella Comercial - Frutal
52531,6,Bosque de Tierra Firme,TF2,5a,695,NO,Arecaceae,Bactris gasipaes Kunth,Bactris,gasipaes,0,0,0,0,0,,0,2013-06-21,2013,25.06856666666666,204.61000000000004,Bactris,Estrella Comercial - Frutal
52534,6,Bosque de Tierra Firme,TF2,5a,698,NO,Meliaceae,Cedrela fissilis Vell.,Cedrela,fissilis,0,0,0,0,0,,0,2013-06-21,2013,25.06856666666666,204.61000000000004,Cedrela,Caja Fuerte - Maderable
52556,6,Bosque de Tierra Firme,TF3,1b,721,NO,Moraceae,Brosimum rubescens Taub.,Brosimum,rubescens,0,0,0,0,0,muerto,0,2013-06-21,2013,25.06856666666666,204.61000000000004,Brosimum,Caja Fuerte - Maderable
52577,6,Bosque de Tierra Firme,TF3,2b,746,NO,Euphorbiaceae,Hevea guianensis Aubl.,Hevea,guianensis,0,0,0,0,0,,0,2013-06-21,2013,25.06856666666666,204.61000000000004,Hevea,Estrella Comercial - Industrial
52580,6,Bosque de Tierra Firme,TF3,2b,749,NO,Fabaceae,Cedrelinga catenaeformis (Ducke) Ducke,Cedrelinga,catenaeformis,0,0,0,0,0,,0,2013-06-21,2013,25.06856666666666,204.61000000000004,Cedrelinga,Caja Fuerte - Maderable / Fijador N
52583,6,Bosque de Tierra Firme,TF3,3a,756,NO,Fabaceae,Inga alba (Sw.) Willd.,Inga,alba,0,0,0,0,0,,0,2013-06-21,2013,25.06856666666666,204.61000000000004,Inga,Ingeniero del Suelo - Fijador N
52590,6,Bosque de Tierra Firme,TF3,4a,765,NO,Apocynaceae,Aspidosperma vargasii A.DC.,Aspidosperma,vargasii,0,0,0,0,0,,0,2013-06-21,2013,25.06856666666666,204.61000000000004,Aspidosperma,Caja Fuerte - Maderable
52599,6,Bosque de Tierra Firme,TF3,4b,777,NO,Euphorbiaceae,Hevea guianensis Aubl.,Hevea,guianensis,0,0,0,0,0,liana,0,2013-06-21,2013,25.06856666666666,204.61000000000004,Hevea,Estrella Comercial - Industrial
52605,6,Bosque de Tierra Firme,TF3,5a,785,NO,Fabaceae,Copaifera reticulata Ducke,Copaifera,reticulata,0,0,0,0,0,,0,2013-06-21,2013,25.06856666666666,204.61000000000004,Copaifera,Estrella Comercial - Industrial
52609,6,Bosque de Tierra Firme,TF3,5a,790,NO,Euphorbiaceae,Hevea guianensis Aubl.,Hevea,guianensis,0,0,0,0,0,,0,2013-06-21,2013,25.06856666666666,204.61000000000004,Hevea,Estrella Comercial - Industrial
52614,6,Bosque de Tierra Firme,TF3,5b,796,NO,Fabaceae,Copaifera reticulata Ducke,Copaifera,reticulata,0,0,0,0,0,,0,2013-06-21,2013,25.06856666666666,204.61000000000004,Copaifera,Estrella Comercial - Industrial
52622,6,Bosque de Tierra Firme,TF4,1a,807,NO,Euphorbiaceae,Hevea guianensis Aubl.,Hevea,guianensis,0,0,0,0,0,,0,2013-06-21,2013,25.06856666666666,204.61000000000004,Hevea,Estrella Comercial - Industrial
52626,6,Bosque de Tierra Firme,TF4,1a,811,NO,Euphorbiaceae,Hevea guianensis Aubl.,Hevea,guianensis,0,0,0,0,0,,0,2013-06-21,2013,25.06856666666666,204.61000000000004,Hevea,Estrella Comercial - Industrial
52632,6,Bosque de Tierra Firme,TF4,1b,817,NO,Sapotaceae,Pouteria pariry (Ducke) Baehni,Pouteria,pariry,3,2,0,0,0,,1,2013-06-21,2013,25.06856666666666,204.61000000000004,Pouteria,Estrella Comercial - Frutal
52635,6,Bosque de Tierra Firme,TF4,1b,820,NO,Olacaceae,Aptandra tubicina (Poepp.) Benth. ex Miers,Aptandra,tubicina,3,1,0,0,0,,1,2013-06-21,2013,25.06856666666666,204.61000000000004,Aptandra,Ingeniero del Suelo - Pionera
52655,6,Bosque de Tierra Firme,TF4,2a,840,NO,Fabaceae,Inga stipularis DC.,Inga,stipularis,0,0,0,0,0,,0,2013-06-21,2013,25.06856666666666,204.61000000000004,Inga,Ingeniero del Suelo - Fijador N
52676,6,Bosque de Tierra Firme,TF4,3a,867,NO,Fabaceae,Inga punctata Willd.,Inga,punctata,0,0,0,0,0,,0,2013-06-21,2013,25.06856666666666,204.61000000000004,Inga,Ingeniero del Suelo - Fijador N
52684,6,Bosque de Tierra Firme,TF4,3a,876,NO,Bignonaceae,Jacaranda copaia (Aubl.) D.Don,Jacaranda,copaia,0,0,0,0,0,,0,2013-06-21,2013,25.06856666666666,204.61000000000004,Jacaranda,Ingeniero del Suelo - Pionera
52692,6,Bosque de Tierra Firme,TF4,3b,884,NO,Apocynaceae,Aspidosperma nitidum Benth. ex Müll.Arg.,Aspidosperma,nitidum,0,0,0,0,0,,0,2013-06-21,2013,25.06856666666666,204.61000000000004,Aspidosperma,Caja Fuerte - Maderable
52699,6,Bosque de Tierra Firme,TF4,3b,891,NO,Sapotaceae,Pouteria tarapotensis (Eichler ex Pierre) Baehni,Pouteria,tarapotensis,0,0,0,0,0,,0,2013-06-21,2013,25.06856666666666,204.61000000000004,Pouteria,Estrella Comercial - Frutal
52711,6,Bosque de Tierra Firme,TF5,1a,903,NO,Sapotaceae,Pouteria procera (Mart.) K.Hammer,Pouteria,procera,0,0,0,2,0,,1,2013-06-21,2013,25.06856666666666,204.61000000000004,Pouteria,Estrella Comercial - Frutal
52717,6,Bosque de Tierra Firme,TF5,1a,911,NO,Fabaceae,Inga auristellae Harms,Inga,auristellae,0,0,0,0,0,,0,2013-06-21,2013,25.06856666666666,204.61000000000004,Inga,Ingeniero del Suelo - Fijador N
52721,6,Bosque de Tierra Firme,TF5,1b,915,NO,Fabaceae,Inga sp. 2,Inga,sp,0,0,0,0,0,,0,2013-06-21,2013,25.06856666666666,204.61000000000004,Inga,Ingeniero del Suelo - Fijador N
52724,6,Bosque de Tierra Firme,TF5,1b,918,NO,Fabaceae,Inga cordistipula Mart.,Inga,cordistipula,0,0,0,0,0,,0,2013-06-21,2013,25.06856666666666,204.61000000000004,Inga,Ingeniero del Suelo - Fijador N
52728,6,Bosque de Tierra Firme,TF5,2a,923,NO,Malvaceae,Theobroma speciosum Willd. ex Spreng.,Theobroma,speciosum,0,0,0,0,0,,0,2013-06-21,2013,25.06856666666666,204.61000000000004,Theobroma,Estrella Comercial - Frutal
52734,6,Bosque de Tierra Firme,TF5,2a,930,NO,Apocynaceae,Aspidosperma rigidum Rusby,Aspidosperma,rigidum,0,0,1,0,0,,1,2013-06-21,2013,25.06856666666666,204.61000000000004,Aspidosperma,Caja Fuerte - Maderable
52735,6,Bosque de Tierra Firme,TF5,2b,934,NO,Fabaceae,Dipteryx micrantha Harms,Dipteryx,micrantha,0,0,0,1,0,,1,2013-06-21,2013,25.06856666666666,204.61000000000004,Dipteryx,Estrella Comercial - Industrial
52743,6,Bosque de Tierra Firme,TF5,3a,942,NO,Fabaceae,Inga edulis Mart.,Inga,edulis,2,2,1,0,0,,1,2013-06-21,2013,25.06856666666666,204.61000000000004,Inga,Ingeniero del Suelo - Fijador N
52747,6,Bosque de Tierra Firme,TF5,3a,946,NO,Fabaceae,Inga sp. 2,Inga,sp,0,3,0,0,0,,1,2013-06-21,2013,25.06856666666666,204.61000000000004,Inga,Ingeniero del Suelo - Fijador N
52755,6,Bosque de Tierra Firme,TF5,3b,959,NO,Fabaceae,Inga sp. 2,Inga,sp,0,0,0,0,0,,0,2013-06-21,2013,25.06856666666666,204.61000000000004,Inga,Ingeniero del Suelo - Fijador N
52761,6,Bosque de Tierra Firme,TF5,4a,968,NO,Sapotaceae,Pouteria sp. 3,Pouteria,sp,0,0,0,0,0,,0,2013-06-21,2013,25.06856666666666,204.61000000000004,Pouteria,Estrella Comercial - Frutal
52763,6,Bosque de Tierra Firme,TF5,4a,970,NO,Sapotaceae,Pouteria procera (Mart.) K.Hammer,Pouteria,procera,0,0,0,0,0,,0,2013-06-21,2013,25.06856666666666,204.61000000000004,Pouteria,Estrella Comercial - Frutal
52771,6,Bosque de Tierra Firme,TF5,4b,983,NO,Bignonaceae,Jacaranda copaia subsp. spectabilis (Mart. ex DC.) A.H.Gentry,Jacaranda,copaia subsp. spectabilis,0,0,0,0,0,,0,2013-06-21,2013,25.06856666666666,204.61000000000004,Jacaranda,Ingeniero del Suelo - Pionera
52774,6,Bosque de Tierra Firme,TF5,4b,986,NO,Sapotaceae,Pouteria tarapotensis (Eichler ex Pierre) Baehni,Pouteria,tarapotensis,2,0,0,0,0,,1,2013-06-21,2013,25.06856666666666,204.61000000000004,Pouteria,Estrella Comercial - Frutal
52776,6,Bosque de Tierra Firme,TF5,4b,988,NO,Moraceae,Brosimum acutifolium subsp. obovatum (Ducke) C.C.Berg,Brosimum,acutifolium subsp. obovatum,0,0,0,1,0,,1,2013-06-21,2013,25.06856666666666,204.61000000000004,Brosimum,Caja Fuerte - Maderable
52778,6,Bosque de Tierra Firme,TF5,4b,990,NO,Sapotaceae,Pouteria tarapotensis (Eichler ex Pierre) Baehni,Pouteria,tarapotensis,2,0,0,0,0,,1,2013-06-21,2013,25.06856666666666,204.61000000000004,Pouteria,Estrella Comercial - Frutal
52788,6,Bosque de Tierra Firme,TF5,5a,994A,NO,Apocynaceae,Aspidosperma rigidum Rusby,Aspidosperma,rigidum,0,0,0,0,0,,0,2013-06-21,2013,25.06856666666666,204.61000000000004,Aspidosperma,Caja Fuerte - Maderable
52791,6,Bosque de Tierra Firme,TF5,5b,998,NO,Fabaceae,Swartzia myrtifolia Sm.,Swartzia,myrtifolia,0,0,0,0,0,,0,2013-06-21,2013,25.06856666666666,204.61000000000004,Swartzia,Ingeniero del Suelo - Fijador N
52794,6,Bosque de Tierra Firme,TF5,5b,958A,NO,Apocynaceae,Aspidosperma vargasii A.DC.,Aspidosperma,vargasii,0,0,0,0,0,,0,2013-06-21,2013,25.06856666666666,204.61000000000004,Aspidosperma,Caja Fuerte - Maderable
53725,7,Bosque de Tierra Firme,TF1,1a,501,NO,Fabaceae,Swartzia myrtifolia Sm.,Swartzia,myrtifolia,0,0,0,0,0,,0,2013-07-26,2013,23.233177419354842,71.69,Swartzia,Ingeniero del Suelo - Fijador N
53728,7,Bosque de Tierra Firme,TF1,1a,504,NO,Fabaceae,Swartzia tomentifera (Ducke) Ducke,Swartzia,tomentifera,0,0,0,0,0,,0,2013-07-26,2013,23.233177419354842,71.69,Swartzia,Ingeniero del Suelo - Fijador N
53730,7,Bosque de Tierra Firme,TF1,1a,506,NO,Apocynaceae,Aspidosperma nitidum Benth. ex Müll.Arg.,Aspidosperma,nitidum,0,0,0,0,0,,0,2013-07-26,2013,23.233177419354842,71.69,Aspidosperma,Caja Fuerte - Maderable
53736,7,Bosque de Tierra Firme,TF1,1b,512,NO,Sapotaceae,Pouteria procera (Mart.) K.Hammer,Pouteria,procera,0,0,0,0,0,desfoliado,0,2013-07-26,2013,23.233177419354842,71.69,Pouteria,Estrella Comercial - Frutal
53737,7,Bosque de Tierra Firme,TF1,1b,513,NO,Euphorbiaceae,Croton sp.,Croton,sp,0,0,0,0,0,,0,2013-07-26,2013,23.233177419354842,71.69,Croton,Estrella Comercial - Industrial
53748,7,Bosque de Tierra Firme,TF1,2b,528,NO,Fabaceae,Erythrina ulei Harms,Erythrina,ulei,0,0,0,0,0,desfoliando,0,2013-07-26,2013,23.233177419354842,71.69,Erythrina,Ingeniero del Suelo - Fijador N
53749,7,Bosque de Tierra Firme,TF1,2b,529,NO,Fabaceae,Erythrina ulei Harms,Erythrina,ulei,0,0,0,0,0,,0,2013-07-26,2013,23.233177419354842,71.69,Erythrina,Ingeniero del Suelo - Fijador N
53761,7,Bosque de Tierra Firme,TF1,3b,547,NO,Fabaceae,Erythrina ulei Harms,Erythrina,ulei,0,0,0,0,0,,0,2013-07-26,2013,23.233177419354842,71.69,Erythrina,Ingeniero del Suelo - Fijador N
53769,7,Bosque de Tierra Firme,TF1,4b,559,NO,Sapotaceae,Pouteria pariry (Ducke) Baehni,Pouteria,pariry,0,0,0,0,0,,0,2013-07-26,2013,23.233177419354842,71.69,Pouteria,Estrella Comercial - Frutal
53770,7,Bosque de Tierra Firme,TF1,4b,560,NO,Fabaceae,Erythrina ulei Harms,Erythrina,ulei,0,0,0,0,0,muerto,0,2013-07-26,2013,23.233177419354842,71.69,Erythrina,Ingeniero del Suelo - Fijador N
53773,7,Bosque de Tierra Firme,TF1,5a,564,NO,Fabaceae,Hymenaea courbaril L.,Hymenaea,courbaril,0,0,1,0,0,,1,2013-07-26,2013,23.233177419354842,71.69,Hymenaea,Estrella Comercial - Frutal
53785,7,Bosque de Tierra Firme,TF1,6a,580,NO,Sapotaceae,Pouteria sp. 3,Pouteria,sp,0,0,0,0,0,,0,2013-07-26,2013,23.233177419354842,71.69,Pouteria,Estrella Comercial - Frutal
53786,7,Bosque de Tierra Firme,TF1,6a,581,NO,Fabaceae,Swartzia myrtifolia Sm.,Swartzia,myrtifolia,0,0,0,0,0,,0,2013-07-26,2013,23.233177419354842,71.69,Swartzia,Ingeniero del Suelo - Fijador N
53789,7,Bosque de Tierra Firme,TF1,6b,589,NO,Fabaceae,Hymenaea courbaril L.,Hymenaea,courbaril,0,0,3,3,0,,1,2013-07-26,2013,23.233177419354842,71.69,Hymenaea,Estrella Comercial - Frutal
53807,7,Bosque de Tierra Firme,TF2,1b,614,NO,Fabaceae,Copaifera reticulata Ducke,Copaifera,reticulata,0,0,0,0,0,,0,2013-07-26,2013,23.233177419354842,71.69,Copaifera,Estrella Comercial - Industrial
53810,7,Bosque de Tierra Firme,TF2,1b,617,NO,Sapotaceae,Pouteria sp. 2,Pouteria,sp,0,0,0,0,0,,0,2013-07-26,2013,23.233177419354842,71.69,Pouteria,Estrella Comercial - Frutal
53816,7,Bosque de Tierra Firme,TF2,1b,624,NO,Euphorbiaceae,Hevea guianensis Aubl.,Hevea,guianensis,0,0,0,0,0,,0,2013-07-26,2013,23.233177419354842,71.69,Hevea,Estrella Comercial - Industrial
53821,7,Bosque de Tierra Firme,TF2,2a,629,NO,Euphorbiaceae,Hevea guianensis Aubl.,Hevea,guianensis,0,0,0,0,0,,0,2013-07-26,2013,23.233177419354842,71.69,Hevea,Estrella Comercial - Industrial
53828,7,Bosque de Tierra Firme,TF2,2b,638,NO,Moraceae,Brosimum rubescens Taub.,Brosimum,rubescens,0,0,0,0,0,,0,2013-07-26,2013,23.233177419354842,71.69,Brosimum,Caja Fuerte - Maderable
53834,7,Bosque de Tierra Firme,TF2,3a,648,NO,Sapotaceae,Pouteria torta (Mart.) Radlk.,Pouteria,torta,0,0,0,0,0,,0,2013-07-26,2013,23.233177419354842,71.69,Pouteria,Estrella Comercial - Frutal
53839,7,Bosque de Tierra Firme,TF2,3b,654,NO,Fabaceae,Inga sapindoides Willd.,Inga,sapindoides,0,0,0,1,0,,1,2013-07-26,2013,23.233177419354842,71.69,Inga,Ingeniero del Suelo - Fijador N
53844,7,Bosque de Tierra Firme,TF2,4a,661,NO,Euphorbiaceae,Hevea guianensis Aubl.,Hevea,guianensis,0,0,0,0,0,,0,2013-07-26,2013,23.233177419354842,71.69,Hevea,Estrella Comercial - Industrial
53847,7,Bosque de Tierra Firme,TF2,4a,664,NO,Sapotaceae,Pouteria sp. 3,Pouteria,sp,0,0,0,0,0,,0,2013-07-26,2013,23.233177419354842,71.69,Pouteria,Estrella Comercial - Frutal
53851,7,Bosque de Tierra Firme,TF2,4a,669,NO,Fabaceae,Tachigali vasquezii Pipoly,Tachigali,vasquezii,0,0,0,0,0,,0,2013-07-26,2013,23.233177419354842,71.69,Tachigali,Ingeniero del Suelo - Fijador N
53859,7,Bosque de Tierra Firme,TF2,4b,681,NO,Malvaceae,Theobroma speciosum Willd. ex Spreng.,Theobroma,speciosum,0,0,0,0,0,,0,2013-07-26,2013,23.233177419354842,71.69,Theobroma,Estrella Comercial - Frutal
53872,7,Bosque de Tierra Firme,TF2,5a,695,NO,Arecaceae,Bactris gasipaes Kunth,Bactris,gasipaes,0,0,0,0,0,,0,2013-07-26,2013,23.233177419354842,71.69,Bactris,Estrella Comercial - Frutal
53875,7,Bosque de Tierra Firme,TF2,5a,698,NO,Meliaceae,Cedrela fissilis Vell.,Cedrela,fissilis,0,0,0,0,0,desfoliado,0,2013-07-26,2013,23.233177419354842,71.69,Cedrela,Caja Fuerte - Maderable
53897,7,Bosque de Tierra Firme,TF3,1b,721,NO,Moraceae,Brosimum rubescens Taub.,Brosimum,rubescens,0,0,0,0,0,muerto,0,2013-07-30,2013,23.233177419354842,71.69,Brosimum,Caja Fuerte - Maderable
53918,7,Bosque de Tierra Firme,TF3,2b,746,NO,Euphorbiaceae,Hevea guianensis Aubl.,Hevea,guianensis,0,0,0,0,0,,0,2013-07-30,2013,23.233177419354842,71.69,Hevea,Estrella Comercial - Industrial
53921,7,Bosque de Tierra Firme,TF3,2b,749,NO,Fabaceae,Cedrelinga catenaeformis (Ducke) Ducke,Cedrelinga,catenaeformis,0,0,0,0,0,,0,2013-07-30,2013,23.233177419354842,71.69,Cedrelinga,Caja Fuerte - Maderable / Fijador N
53924,7,Bosque de Tierra Firme,TF3,3a,756,NO,Fabaceae,Inga alba (Sw.) Willd.,Inga,alba,0,0,0,0,0,,0,2013-07-30,2013,23.233177419354842,71.69,Inga,Ingeniero del Suelo - Fijador N
53931,7,Bosque de Tierra Firme,TF3,4a,765,NO,Apocynaceae,Aspidosperma vargasii A.DC.,Aspidosperma,vargasii,0,0,0,0,0,,0,2013-07-30,2013,23.233177419354842,71.69,Aspidosperma,Caja Fuerte - Maderable
53940,7,Bosque de Tierra Firme,TF3,4b,777,NO,Euphorbiaceae,Hevea guianensis Aubl.,Hevea,guianensis,0,0,0,0,0,desfoliando,0,2013-07-30,2013,23.233177419354842,71.69,Hevea,Estrella Comercial - Industrial
53946,7,Bosque de Tierra Firme,TF3,5a,785,NO,Fabaceae,Copaifera reticulata Ducke,Copaifera,reticulata,0,0,0,0,0,desfoliando,0,2013-07-30,2013,23.233177419354842,71.69,Copaifera,Estrella Comercial - Industrial
53950,7,Bosque de Tierra Firme,TF3,5a,790,NO,Euphorbiaceae,Hevea guianensis Aubl.,Hevea,guianensis,0,0,0,0,0,,0,2013-07-30,2013,23.233177419354842,71.69,Hevea,Estrella Comercial - Industrial
53955,7,Bosque de Tierra Firme,TF3,5b,796,NO,Fabaceae,Copaifera reticulata Ducke,Copaifera,reticulata,0,0,0,0,0,,0,2013-07-30,2013,23.233177419354842,71.69,Copaifera,Estrella Comercial - Industrial
53963,7,Bosque de Tierra Firme,TF4,1a,807,NO,Euphorbiaceae,Hevea guianensis Aubl.,Hevea,guianensis,0,0,0,0,0,,0,2013-07-30,2013,23.233177419354842,71.69,Hevea,Estrella Comercial - Industrial
53967,7,Bosque de Tierra Firme,TF4,1a,811,NO,Euphorbiaceae,Hevea guianensis Aubl.,Hevea,guianensis,0,0,0,0,0,desfoliando,0,2013-07-30,2013,23.233177419354842,71.69,Hevea,Estrella Comercial - Industrial
53973,7,Bosque de Tierra Firme,TF4,1b,817,NO,Sapotaceae,Pouteria pariry (Ducke) Baehni,Pouteria,pariry,0,0,0,0,0,,0,2013-07-30,2013,23.233177419354842,71.69,Pouteria,Estrella Comercial - Frutal
53976,7,Bosque de Tierra Firme,TF4,1b,820,NO,Olacaceae,Aptandra tubicina (Poepp.) Benth. ex Miers,Aptandra,tubicina,0,3,0,0,0,,1,2013-07-30,2013,23.233177419354842,71.69,Aptandra,Ingeniero del Suelo - Pionera
53996,7,Bosque de Tierra Firme,TF4,2a,840,NO,Fabaceae,Inga stipularis DC.,Inga,stipularis,0,0,0,0,0,,0,2013-07-30,2013,23.233177419354842,71.69,Inga,Ingeniero del Suelo - Fijador N
54017,7,Bosque de Tierra Firme,TF4,3a,867,NO,Fabaceae,Inga punctata Willd.,Inga,punctata,0,0,0,0,0,,0,2013-07-30,2013,23.233177419354842,71.69,Inga,Ingeniero del Suelo - Fijador N
54025,7,Bosque de Tierra Firme,TF4,3a,876,NO,Bignonaceae,Jacaranda copaia (Aubl.) D.Don,Jacaranda,copaia,0,0,0,0,0,,0,2013-07-30,2013,23.233177419354842,71.69,Jacaranda,Ingeniero del Suelo - Pionera
54033,7,Bosque de Tierra Firme,TF4,3b,884,NO,Apocynaceae,Aspidosperma nitidum Benth. ex Müll.Arg.,Aspidosperma,nitidum,0,0,0,0,0,,0,2013-07-30,2013,23.233177419354842,71.69,Aspidosperma,Caja Fuerte - Maderable
54040,7,Bosque de Tierra Firme,TF4,3b,891,NO,Sapotaceae,Pouteria tarapotensis (Eichler ex Pierre) Baehni,Pouteria,tarapotensis,0,0,0,0,0,,0,2013-07-30,2013,23.233177419354842,71.69,Pouteria,Estrella Comercial - Frutal
54052,7,Bosque de Tierra Firme,TF5,1a,903,NO,Sapotaceae,Pouteria procera (Mart.) K.Hammer,Pouteria,procera,0,0,2,2,0,,1,2013-07-24,2013,23.233177419354842,71.69,Pouteria,Estrella Comercial - Frutal
54058,7,Bosque de Tierra Firme,TF5,1a,911,NO,Fabaceae,Inga auristellae Harms,Inga,auristellae,0,0,1,0,0,,1,2013-07-24,2013,23.233177419354842,71.69,Inga,Ingeniero del Suelo - Fijador N
54062,7,Bosque de Tierra Firme,TF5,1b,915,NO,Fabaceae,Inga sp. 2,Inga,sp,0,0,0,0,0,,0,2013-07-24,2013,23.233177419354842,71.69,Inga,Ingeniero del Suelo - Fijador N
54065,7,Bosque de Tierra Firme,TF5,1b,918,NO,Fabaceae,Inga cordistipula Mart.,Inga,cordistipula,0,0,0,0,0,,0,2013-07-24,2013,23.233177419354842,71.69,Inga,Ingeniero del Suelo - Fijador N
54069,7,Bosque de Tierra Firme,TF5,2a,923,NO,Malvaceae,Theobroma speciosum Willd. ex Spreng.,Theobroma,speciosum,0,0,0,0,0,,0,2013-07-24,2013,23.233177419354842,71.69,Theobroma,Estrella Comercial - Frutal
54075,7,Bosque de Tierra Firme,TF5,2a,930,NO,Apocynaceae,Aspidosperma rigidum Rusby,Aspidosperma,rigidum,0,0,0,1,0,,1,2013-07-24,2013,23.233177419354842,71.69,Aspidosperma,Caja Fuerte - Maderable
54076,7,Bosque de Tierra Firme,TF5,2b,934,NO,Fabaceae,Dipteryx micrantha Harms,Dipteryx,micrantha,0,0,0,0,0,,0,2013-07-24,2013,23.233177419354842,71.69,Dipteryx,Estrella Comercial - Industrial
54084,7,Bosque de Tierra Firme,TF5,3a,942,NO,Fabaceae,Inga edulis Mart.,Inga,edulis,1,0,1,0,0,,1,2013-07-24,2013,23.233177419354842,71.69,Inga,Ingeniero del Suelo - Fijador N
54088,7,Bosque de Tierra Firme,TF5,3a,946,NO,Fabaceae,Inga sp. 2,Inga,sp,2,2,0,0,0,,1,2013-07-24,2013,23.233177419354842,71.69,Inga,Ingeniero del Suelo - Fijador N
54096,7,Bosque de Tierra Firme,TF5,3b,959,NO,Fabaceae,Inga sp. 2,Inga,sp,0,0,0,0,0,,0,2013-07-24,2013,23.233177419354842,71.69,Inga,Ingeniero del Suelo - Fijador N
54102,7,Bosque de Tierra Firme,TF5,4a,968,NO,Sapotaceae,Pouteria sp. 3,Pouteria,sp,0,0,0,0,0,,0,2013-07-24,2013,23.233177419354842,71.69,Pouteria,Estrella Comercial - Frutal
54104,7,Bosque de Tierra Firme,TF5,4a,970,NO,Sapotaceae,Pouteria procera (Mart.) K.Hammer,Pouteria,procera,0,0,0,0,0,,0,2013-07-24,2013,23.233177419354842,71.69,Pouteria,Estrella Comercial - Frutal
54112,7,Bosque de Tierra Firme,TF5,4b,983,NO,Bignonaceae,Jacaranda copaia subsp. spectabilis (Mart. ex DC.) A.H.Gentry,Jacaranda,copaia subsp. spectabilis,0,0,0,0,0,,0,2013-07-24,2013,23.233177419354842,71.69,Jacaranda,Ingeniero del Suelo - Pionera
54115,7,Bosque de Tierra Firme,TF5,4b,986,NO,Sapotaceae,Pouteria tarapotensis (Eichler ex Pierre) Baehni,Pouteria,tarapotensis,0,0,2,0,0,,1,2013-07-24,2013,23.233177419354842,71.69,Pouteria,Estrella Comercial - Frutal
54117,7,Bosque de Tierra Firme,TF5,4b,988,NO,Moraceae,Brosimum acutifolium subsp. obovatum (Ducke) C.C.Berg,Brosimum,acutifolium subsp. obovatum,0,0,0,0,0,,0,2013-07-24,2013,23.233177419354842,71.69,Brosimum,Caja Fuerte - Maderable
54119,7,Bosque de Tierra Firme,TF5,4b,990,NO,Sapotaceae,Pouteria tarapotensis (Eichler ex Pierre) Baehni,Pouteria,tarapotensis,0,0,2,0,0,,1,2013-07-24,2013,23.233177419354842,71.69,Pouteria,Estrella Comercial - Frutal
54129,7,Bosque de Tierra Firme,TF5,5a,994A,NO,Apocynaceae,Aspidosperma rigidum Rusby,Aspidosperma,rigidum,0,0,0,0,0,,0,2013-07-24,2013,23.233177419354842,71.69,Aspidosperma,Caja Fuerte - Maderable
54132,7,Bosque de Tierra Firme,TF5,5b,998,NO,Fabaceae,Swartzia myrtifolia Sm.,Swartzia,myrtifolia,0,0,0,0,0,,0,2013-07-24,2013,23.233177419354842,71.69,Swartzia,Ingeniero del Suelo - Fijador N
54135,7,Bosque de Tierra Firme,TF5,5b,958A,NO,Apocynaceae,Aspidosperma vargasii A.DC.,Aspidosperma,vargasii,0,0,0,0,0,,0,2013-07-24,2013,23.233177419354842,71.69,Aspidosperma,Caja Fuerte - Maderable
55067,8,Bosque de Tierra Firme,TF1,1a,501,NO,Fabaceae,Swartzia myrtifolia Sm.,Swartzia,myrtifolia,0,0,0,0,0,liana,0,2013-08-16,2013,22.92983870967743,111.53999999999999,Swartzia,Ingeniero del Suelo - Fijador N
55070,8,Bosque de Tierra Firme,TF1,1a,504,NO,Fabaceae,Swartzia tomentifera (Ducke) Ducke,Swartzia,tomentifera,0,0,0,0,0,,0,2013-08-16,2013,22.92983870967743,111.53999999999999,Swartzia,Ingeniero del Suelo - Fijador N
55072,8,Bosque de Tierra Firme,TF1,1a,506,NO,Apocynaceae,Aspidosperma nitidum Benth. ex Müll.Arg.,Aspidosperma,nitidum,0,0,0,0,0,,0,2013-08-16,2013,22.92983870967743,111.53999999999999,Aspidosperma,Caja Fuerte - Maderable
55078,8,Bosque de Tierra Firme,TF1,1b,512,NO,Sapotaceae,Pouteria procera (Mart.) K.Hammer,Pouteria,procera,0,0,0,0,0,desfoliado,0,2013-08-16,2013,22.92983870967743,111.53999999999999,Pouteria,Estrella Comercial - Frutal
55079,8,Bosque de Tierra Firme,TF1,1b,513,NO,Euphorbiaceae,Croton sp.,Croton,sp,0,0,0,0,0,,0,2013-08-16,2013,22.92983870967743,111.53999999999999,Croton,Estrella Comercial - Industrial
55090,8,Bosque de Tierra Firme,TF1,2b,528,NO,Fabaceae,Erythrina ulei Harms,Erythrina,ulei,2,0,0,0,0,desfoliando,1,2013-08-16,2013,22.92983870967743,111.53999999999999,Erythrina,Ingeniero del Suelo - Fijador N
55091,8,Bosque de Tierra Firme,TF1,2b,529,NO,Fabaceae,Erythrina ulei Harms,Erythrina,ulei,3,0,0,0,0,,1,2013-08-16,2013,22.92983870967743,111.53999999999999,Erythrina,Ingeniero del Suelo - Fijador N
55103,8,Bosque de Tierra Firme,TF1,3b,547,NO,Fabaceae,Erythrina ulei Harms,Erythrina,ulei,0,0,0,0,0,,0,2013-08-16,2013,22.92983870967743,111.53999999999999,Erythrina,Ingeniero del Suelo - Fijador N
55111,8,Bosque de Tierra Firme,TF1,4b,559,NO,Sapotaceae,Pouteria pariry (Ducke) Baehni,Pouteria,pariry,0,0,0,0,0,,0,2013-08-16,2013,22.92983870967743,111.53999999999999,Pouteria,Estrella Comercial - Frutal
55112,8,Bosque de Tierra Firme,TF1,4b,560,NO,Fabaceae,Erythrina ulei Harms,Erythrina,ulei,0,0,0,0,0,muerto,0,2013-08-16,2013,22.92983870967743,111.53999999999999,Erythrina,Ingeniero del Suelo - Fijador N
55115,8,Bosque de Tierra Firme,TF1,5a,564,NO,Fabaceae,Hymenaea courbaril L.,Hymenaea,courbaril,0,0,0,1,0,,1,2013-08-16,2013,22.92983870967743,111.53999999999999,Hymenaea,Estrella Comercial - Frutal
55127,8,Bosque de Tierra Firme,TF1,6a,580,NO,Sapotaceae,Pouteria sp. 3,Pouteria,sp,1,0,1,0,0,,1,2013-08-16,2013,22.92983870967743,111.53999999999999,Pouteria,Estrella Comercial - Frutal
55128,8,Bosque de Tierra Firme,TF1,6a,581,NO,Fabaceae,Swartzia myrtifolia Sm.,Swartzia,myrtifolia,0,0,0,0,0,,0,2013-08-16,2013,22.92983870967743,111.53999999999999,Swartzia,Ingeniero del Suelo - Fijador N
55131,8,Bosque de Tierra Firme,TF1,6b,589,NO,Fabaceae,Hymenaea courbaril L.,Hymenaea,courbaril,0,0,3,2,0,,1,2013-08-16,2013,22.92983870967743,111.53999999999999,Hymenaea,Estrella Comercial - Frutal
55149,8,Bosque de Tierra Firme,TF2,1b,614,NO,Fabaceae,Copaifera reticulata Ducke,Copaifera,reticulata,0,0,0,0,0,,0,2013-08-16,2013,22.92983870967743,111.53999999999999,Copaifera,Estrella Comercial - Industrial
55152,8,Bosque de Tierra Firme,TF2,1b,617,NO,Sapotaceae,Pouteria sp. 2,Pouteria,sp,0,0,0,0,0,,0,2013-08-16,2013,22.92983870967743,111.53999999999999,Pouteria,Estrella Comercial - Frutal
55158,8,Bosque de Tierra Firme,TF2,1b,624,NO,Euphorbiaceae,Hevea guianensis Aubl.,Hevea,guianensis,0,0,0,0,0,desfoliado,0,2013-08-16,2013,22.92983870967743,111.53999999999999,Hevea,Estrella Comercial - Industrial
55163,8,Bosque de Tierra Firme,TF2,2a,629,NO,Euphorbiaceae,Hevea guianensis Aubl.,Hevea,guianensis,0,0,0,0,0,,0,2013-08-16,2013,22.92983870967743,111.53999999999999,Hevea,Estrella Comercial - Industrial
55170,8,Bosque de Tierra Firme,TF2,2b,638,NO,Moraceae,Brosimum rubescens Taub.,Brosimum,rubescens,0,0,0,0,0,,0,2013-08-16,2013,22.92983870967743,111.53999999999999,Brosimum,Caja Fuerte - Maderable
55176,8,Bosque de Tierra Firme,TF2,3a,648,NO,Sapotaceae,Pouteria torta (Mart.) Radlk.,Pouteria,torta,0,0,0,0,0,,0,2013-08-16,2013,22.92983870967743,111.53999999999999,Pouteria,Estrella Comercial - Frutal
55181,8,Bosque de Tierra Firme,TF2,3b,654,NO,Fabaceae,Inga sapindoides Willd.,Inga,sapindoides,0,0,0,1,0,,1,2013-08-16,2013,22.92983870967743,111.53999999999999,Inga,Ingeniero del Suelo - Fijador N
55186,8,Bosque de Tierra Firme,TF2,4a,661,NO,Euphorbiaceae,Hevea guianensis Aubl.,Hevea,guianensis,0,0,0,0,0,desfoliando,0,2013-08-16,2013,22.92983870967743,111.53999999999999,Hevea,Estrella Comercial - Industrial
55189,8,Bosque de Tierra Firme,TF2,4a,664,NO,Sapotaceae,Pouteria sp. 3,Pouteria,sp,0,0,0,0,0,,0,2013-08-16,2013,22.92983870967743,111.53999999999999,Pouteria,Estrella Comercial - Frutal
55193,8,Bosque de Tierra Firme,TF2,4a,669,NO,Fabaceae,Tachigali vasquezii Pipoly,Tachigali,vasquezii,0,0,0,0,0,,0,2013-08-16,2013,22.92983870967743,111.53999999999999,Tachigali,Ingeniero del Suelo - Fijador N
55201,8,Bosque de Tierra Firme,TF2,4b,681,NO,Malvaceae,Theobroma speciosum Willd. ex Spreng.,Theobroma,speciosum,0,0,0,0,0,,0,2013-08-16,2013,22.92983870967743,111.53999999999999,Theobroma,Estrella Comercial - Frutal
55214,8,Bosque de Tierra Firme,TF2,5a,695,NO,Arecaceae,Bactris gasipaes Kunth,Bactris,gasipaes,0,0,0,0,0,muerto,0,2013-08-16,2013,22.92983870967743,111.53999999999999,Bactris,Estrella Comercial - Frutal
55217,8,Bosque de Tierra Firme,TF2,5a,698,NO,Meliaceae,Cedrela fissilis Vell.,Cedrela,fissilis,0,0,0,0,0,desfoliado,0,2013-08-16,2013,22.92983870967743,111.53999999999999,Cedrela,Caja Fuerte - Maderable
55239,8,Bosque de Tierra Firme,TF3,1b,721,NO,Moraceae,Brosimum rubescens Taub.,Brosimum,rubescens,0,0,0,0,0,muerto,0,2013-08-26,2013,22.92983870967743,111.53999999999999,Brosimum,Caja Fuerte - Maderable
55260,8,Bosque de Tierra Firme,TF3,2b,746,NO,Euphorbiaceae,Hevea guianensis Aubl.,Hevea,guianensis,0,0,0,0,0,hojas nuevas,0,2013-08-26,2013,22.92983870967743,111.53999999999999,Hevea,Estrella Comercial - Industrial
55263,8,Bosque de Tierra Firme,TF3,2b,749,NO,Fabaceae,Cedrelinga catenaeformis (Ducke) Ducke,Cedrelinga,catenaeformis,0,0,0,0,0,,0,2013-08-26,2013,22.92983870967743,111.53999999999999,Cedrelinga,Caja Fuerte - Maderable / Fijador N
55266,8,Bosque de Tierra Firme,TF3,3a,756,NO,Fabaceae,Inga alba (Sw.) Willd.,Inga,alba,2,0,0,0,0,,1,2013-08-26,2013,22.92983870967743,111.53999999999999,Inga,Ingeniero del Suelo - Fijador N
55273,8,Bosque de Tierra Firme,TF3,4a,765,NO,Apocynaceae,Aspidosperma vargasii A.DC.,Aspidosperma,vargasii,0,0,0,0,0,,0,2013-08-26,2013,22.92983870967743,111.53999999999999,Aspidosperma,Caja Fuerte - Maderable
55282,8,Bosque de Tierra Firme,TF3,4b,777,NO,Euphorbiaceae,Hevea guianensis Aubl.,Hevea,guianensis,0,0,0,0,0,hojas nuevas,0,2013-08-26,2013,22.92983870967743,111.53999999999999,Hevea,Estrella Comercial - Industrial
55288,8,Bosque de Tierra Firme,TF3,5a,785,NO,Fabaceae,Copaifera reticulata Ducke,Copaifera,reticulata,0,0,0,0,0,desfoliando,0,2013-08-26,2013,22.92983870967743,111.53999999999999,Copaifera,Estrella Comercial - Industrial
55292,8,Bosque de Tierra Firme,TF3,5a,790,NO,Euphorbiaceae,Hevea guianensis Aubl.,Hevea,guianensis,3,0,0,0,0,,1,2013-08-26,2013,22.92983870967743,111.53999999999999,Hevea,Estrella Comercial - Industrial
55297,8,Bosque de Tierra Firme,TF3,5b,796,NO,Fabaceae,Copaifera reticulata Ducke,Copaifera,reticulata,0,0,0,0,0,hojas nuevas,0,2013-08-26,2013,22.92983870967743,111.53999999999999,Copaifera,Estrella Comercial - Industrial
55305,8,Bosque de Tierra Firme,TF4,1a,807,NO,Euphorbiaceae,Hevea guianensis Aubl.,Hevea,guianensis,0,0,0,0,0,hojas nuevas,0,2013-08-26,2013,22.92983870967743,111.53999999999999,Hevea,Estrella Comercial - Industrial
55309,8,Bosque de Tierra Firme,TF4,1a,811,NO,Euphorbiaceae,Hevea guianensis Aubl.,Hevea,guianensis,3,3,0,0,0,hojas nuevas,1,2013-08-26,2013,22.92983870967743,111.53999999999999,Hevea,Estrella Comercial - Industrial
55315,8,Bosque de Tierra Firme,TF4,1b,817,NO,Sapotaceae,Pouteria pariry (Ducke) Baehni,Pouteria,pariry,3,0,0,0,0,,1,2013-08-26,2013,22.92983870967743,111.53999999999999,Pouteria,Estrella Comercial - Frutal
55318,8,Bosque de Tierra Firme,TF4,1b,820,NO,Olacaceae,Aptandra tubicina (Poepp.) Benth. ex Miers,Aptandra,tubicina,0,0,0,0,0,,0,2013-08-26,2013,22.92983870967743,111.53999999999999,Aptandra,Ingeniero del Suelo - Pionera
55338,8,Bosque de Tierra Firme,TF4,2a,840,NO,Fabaceae,Inga stipularis DC.,Inga,stipularis,2,0,0,0,0,,1,2013-08-26,2013,22.92983870967743,111.53999999999999,Inga,Ingeniero del Suelo - Fijador N
55359,8,Bosque de Tierra Firme,TF4,3a,867,NO,Fabaceae,Inga punctata Willd.,Inga,punctata,0,0,0,0,0,,0,2013-08-26,2013,22.92983870967743,111.53999999999999,Inga,Ingeniero del Suelo - Fijador N
55367,8,Bosque de Tierra Firme,TF4,3a,876,NO,Bignonaceae,Jacaranda copaia (Aubl.) D.Don,Jacaranda,copaia,0,0,0,0,0,,0,2013-08-26,2013,22.92983870967743,111.53999999999999,Jacaranda,Ingeniero del Suelo - Pionera
55375,8,Bosque de Tierra Firme,TF4,3b,884,NO,Apocynaceae,Aspidosperma nitidum Benth. ex Müll.Arg.,Aspidosperma,nitidum,0,0,0,0,0,,0,2013-08-26,2013,22.92983870967743,111.53999999999999,Aspidosperma,Caja Fuerte - Maderable
55382,8,Bosque de Tierra Firme,TF4,3b,891,NO,Sapotaceae,Pouteria tarapotensis (Eichler ex Pierre) Baehni,Pouteria,tarapotensis,3,0,0,0,0,,1,2013-08-26,2013,22.92983870967743,111.53999999999999,Pouteria,Estrella Comercial - Frutal
55394,8,Bosque de Tierra Firme,TF5,1a,903,NO,Sapotaceae,Pouteria procera (Mart.) K.Hammer,Pouteria,procera,3,0,2,0,0,,1,2013-08-18,2013,22.92983870967743,111.53999999999999,Pouteria,Estrella Comercial - Frutal
55400,8,Bosque de Tierra Firme,TF5,1a,911,NO,Fabaceae,Inga auristellae Harms,Inga,auristellae,2,1,0,0,0,,1,2013-08-18,2013,22.92983870967743,111.53999999999999,Inga,Ingeniero del Suelo - Fijador N
55404,8,Bosque de Tierra Firme,TF5,1b,915,NO,Fabaceae,Inga sp. 2,Inga,sp,0,0,0,0,0,,0,2013-08-18,2013,22.92983870967743,111.53999999999999,Inga,Ingeniero del Suelo - Fijador N
55407,8,Bosque de Tierra Firme,TF5,1b,918,NO,Fabaceae,Inga cordistipula Mart.,Inga,cordistipula,0,0,0,0,0,,0,2013-08-18,2013,22.92983870967743,111.53999999999999,Inga,Ingeniero del Suelo - Fijador N
55411,8,Bosque de Tierra Firme,TF5,2a,923,NO,Malvaceae,Theobroma speciosum Willd. ex Spreng.,Theobroma,speciosum,0,0,0,0,0,,0,2013-08-18,2013,22.92983870967743,111.53999999999999,Theobroma,Estrella Comercial - Frutal
55417,8,Bosque de Tierra Firme,TF5,2a,930,NO,Apocynaceae,Aspidosperma rigidum Rusby,Aspidosperma,rigidum,0,0,0,1,0,,1,2013-08-18,2013,22.92983870967743,111.53999999999999,Aspidosperma,Caja Fuerte - Maderable
55418,8,Bosque de Tierra Firme,TF5,2b,934,NO,Fabaceae,Dipteryx micrantha Harms,Dipteryx,micrantha,0,0,0,0,0,,0,2013-08-18,2013,22.92983870967743,111.53999999999999,Dipteryx,Estrella Comercial - Industrial
55426,8,Bosque de Tierra Firme,TF5,3a,942,NO,Fabaceae,Inga edulis Mart.,Inga,edulis,3,3,0,0,0,,1,2013-08-18,2013,22.92983870967743,111.53999999999999,Inga,Ingeniero del Suelo - Fijador N
55430,8,Bosque de Tierra Firme,TF5,3a,946,NO,Fabaceae,Inga sp. 2,Inga,sp,4,0,2,0,0,,1,2013-08-18,2013,22.92983870967743,111.53999999999999,Inga,Ingeniero del Suelo - Fijador N
55438,8,Bosque de Tierra Firme,TF5,3b,959,NO,Fabaceae,Inga sp. 2,Inga,sp,3,0,0,0,0,,1,2013-08-18,2013,22.92983870967743,111.53999999999999,Inga,Ingeniero del Suelo - Fijador N
55444,8,Bosque de Tierra Firme,TF5,4a,968,NO,Sapotaceae,Pouteria sp. 3,Pouteria,sp,0,0,0,0,0,,0,2013-08-18,2013,22.92983870967743,111.53999999999999,Pouteria,Estrella Comercial - Frutal
55446,8,Bosque de Tierra Firme,TF5,4a,970,NO,Sapotaceae,Pouteria procera (Mart.) K.Hammer,Pouteria,procera,0,0,0,0,0,desfoliando,0,2013-08-18,2013,22.92983870967743,111.53999999999999,Pouteria,Estrella Comercial - Frutal
55454,8,Bosque de Tierra Firme,TF5,4b,983,NO,Bignonaceae,Jacaranda copaia subsp. spectabilis (Mart. ex DC.) A.H.Gentry,Jacaranda,copaia subsp. spectabilis,0,0,0,0,0,,0,2013-08-18,2013,22.92983870967743,111.53999999999999,Jacaranda,Ingeniero del Suelo - Pionera
55457,8,Bosque de Tierra Firme,TF5,4b,986,NO,Sapotaceae,Pouteria tarapotensis (Eichler ex Pierre) Baehni,Pouteria,tarapotensis,0,0,2,2,0,,1,2013-08-18,2013,22.92983870967743,111.53999999999999,Pouteria,Estrella Comercial - Frutal
55459,8,Bosque de Tierra Firme,TF5,4b,988,NO,Moraceae,Brosimum acutifolium subsp. obovatum (Ducke) C.C.Berg,Brosimum,acutifolium subsp. obovatum,0,0,0,0,0,,0,2013-08-18,2013,22.92983870967743,111.53999999999999,Brosimum,Caja Fuerte - Maderable
55461,8,Bosque de Tierra Firme,TF5,4b,990,NO,Sapotaceae,Pouteria tarapotensis (Eichler ex Pierre) Baehni,Pouteria,tarapotensis,3,3,2,0,0,,1,2013-08-18,2013,22.92983870967743,111.53999999999999,Pouteria,Estrella Comercial - Frutal
55471,8,Bosque de Tierra Firme,TF5,5a,994A,NO,Apocynaceae,Aspidosperma rigidum Rusby,Aspidosperma,rigidum,0,0,0,0,0,,0,2013-08-18,2013,22.92983870967743,111.53999999999999,Aspidosperma,Caja Fuerte - Maderable
55474,8,Bosque de Tierra Firme,TF5,5b,998,NO,Fabaceae,Swartzia myrtifolia Sm.,Swartzia,myrtifolia,0,0,0,0,0,,0,2013-08-18,2013,22.92983870967743,111.53999999999999,Swartzia,Ingeniero del Suelo - Fijador N
55477,8,Bosque de Tierra Firme,TF5,5b,958A,NO,Apocynaceae,Aspidosperma vargasii A.DC.,Aspidosperma,vargasii,0,0,0,0,0,,0,2013-08-18,2013,22.92983870967743,111.53999999999999,Aspidosperma,Caja Fuerte - Maderable
56410,9,Bosque de Tierra Firme,TF1,1a,501,NO,Fabaceae,Swartzia myrtifolia Sm.,Swartzia,myrtifolia,0,0,0,0,0,,0,2013-09-10,2013,24.47985,162.97000000000006,Swartzia,Ingeniero del Suelo - Fijador N
56413,9,Bosque de Tierra Firme,TF1,1a,504,NO,Fabaceae,Swartzia tomentifera (Ducke) Ducke,Swartzia,tomentifera,0,0,0,0,0,,0,2013-09-10,2013,24.47985,162.97000000000006,Swartzia,Ingeniero del Suelo - Fijador N
56415,9,Bosque de Tierra Firme,TF1,1a,506,NO,Apocynaceae,Aspidosperma nitidum Benth. ex Müll.Arg.,Aspidosperma,nitidum,0,0,0,0,0,,0,2013-09-10,2013,24.47985,162.97000000000006,Aspidosperma,Caja Fuerte - Maderable
56421,9,Bosque de Tierra Firme,TF1,1b,512,NO,Sapotaceae,Pouteria procera (Mart.) K.Hammer,Pouteria,procera,0,0,0,0,0,desfoliado,0,2013-09-10,2013,24.47985,162.97000000000006,Pouteria,Estrella Comercial - Frutal
56422,9,Bosque de Tierra Firme,TF1,1b,513,NO,Euphorbiaceae,Croton sp.,Croton,sp,0,0,0,0,0,,0,2013-09-10,2013,24.47985,162.97000000000006,Croton,Estrella Comercial - Industrial
56433,9,Bosque de Tierra Firme,TF1,2b,528,NO,Fabaceae,Erythrina ulei Harms,Erythrina,ulei,1,2,0,0,0,,1,2013-09-10,2013,24.47985,162.97000000000006,Erythrina,Ingeniero del Suelo - Fijador N
56434,9,Bosque de Tierra Firme,TF1,2b,529,NO,Fabaceae,Erythrina ulei Harms,Erythrina,ulei,0,3,2,0,0,,1,2013-09-10,2013,24.47985,162.97000000000006,Erythrina,Ingeniero del Suelo - Fijador N
56446,9,Bosque de Tierra Firme,TF1,3b,547,NO,Fabaceae,Erythrina ulei Harms,Erythrina,ulei,0,0,0,0,0,,0,2013-09-10,2013,24.47985,162.97000000000006,Erythrina,Ingeniero del Suelo - Fijador N
56454,9,Bosque de Tierra Firme,TF1,4b,559,NO,Sapotaceae,Pouteria pariry (Ducke) Baehni,Pouteria,pariry,0,0,0,0,0,,0,2013-09-10,2013,24.47985,162.97000000000006,Pouteria,Estrella Comercial - Frutal
56455,9,Bosque de Tierra Firme,TF1,4b,560,NO,Fabaceae,Erythrina ulei Harms,Erythrina,ulei,0,0,0,0,0,muerto,0,2013-09-10,2013,24.47985,162.97000000000006,Erythrina,Ingeniero del Suelo - Fijador N
56458,9,Bosque de Tierra Firme,TF1,5a,564,NO,Fabaceae,Hymenaea courbaril L.,Hymenaea,courbaril,0,0,0,1,0,,1,2013-09-10,2013,24.47985,162.97000000000006,Hymenaea,Estrella Comercial - Frutal
56470,9,Bosque de Tierra Firme,TF1,6a,580,NO,Sapotaceae,Pouteria sp. 3,Pouteria,sp,3,0,0,0,0,,1,2013-09-10,2013,24.47985,162.97000000000006,Pouteria,Estrella Comercial - Frutal
56471,9,Bosque de Tierra Firme,TF1,6a,581,NO,Fabaceae,Swartzia myrtifolia Sm.,Swartzia,myrtifolia,0,0,0,0,0,,0,2013-09-10,2013,24.47985,162.97000000000006,Swartzia,Ingeniero del Suelo - Fijador N
56474,9,Bosque de Tierra Firme,TF1,6b,589,NO,Fabaceae,Hymenaea courbaril L.,Hymenaea,courbaril,0,0,3,3,0,,1,2013-09-10,2013,24.47985,162.97000000000006,Hymenaea,Estrella Comercial - Frutal
56492,9,Bosque de Tierra Firme,TF2,1b,614,NO,Fabaceae,Copaifera reticulata Ducke,Copaifera,reticulata,0,0,0,0,0,,0,2013-09-10,2013,24.47985,162.97000000000006,Copaifera,Estrella Comercial - Industrial
56495,9,Bosque de Tierra Firme,TF2,1b,617,NO,Sapotaceae,Pouteria sp. 2,Pouteria,sp,0,0,0,0,0,,0,2013-09-10,2013,24.47985,162.97000000000006,Pouteria,Estrella Comercial - Frutal
56501,9,Bosque de Tierra Firme,TF2,1b,624,NO,Euphorbiaceae,Hevea guianensis Aubl.,Hevea,guianensis,0,0,0,0,0,desfoliado,0,2013-09-10,2013,24.47985,162.97000000000006,Hevea,Estrella Comercial - Industrial
56506,9,Bosque de Tierra Firme,TF2,2a,629,NO,Euphorbiaceae,Hevea guianensis Aubl.,Hevea,guianensis,0,0,0,0,0,,0,2013-09-10,2013,24.47985,162.97000000000006,Hevea,Estrella Comercial - Industrial
56513,9,Bosque de Tierra Firme,TF2,2b,638,NO,Moraceae,Brosimum rubescens Taub.,Brosimum,rubescens,0,0,0,0,0,,0,2013-09-10,2013,24.47985,162.97000000000006,Brosimum,Caja Fuerte - Maderable
56519,9,Bosque de Tierra Firme,TF2,3a,648,NO,Sapotaceae,Pouteria torta (Mart.) Radlk.,Pouteria,torta,0,0,0,0,0,,0,2013-09-10,2013,24.47985,162.97000000000006,Pouteria,Estrella Comercial - Frutal
56524,9,Bosque de Tierra Firme,TF2,3b,654,NO,Fabaceae,Inga sapindoides Willd.,Inga,sapindoides,0,0,0,1,0,,1,2013-09-10,2013,24.47985,162.97000000000006,Inga,Ingeniero del Suelo - Fijador N
56529,9,Bosque de Tierra Firme,TF2,4a,661,NO,Euphorbiaceae,Hevea guianensis Aubl.,Hevea,guianensis,0,0,0,0,0,desfoliando,0,2013-09-10,2013,24.47985,162.97000000000006,Hevea,Estrella Comercial - Industrial
56532,9,Bosque de Tierra Firme,TF2,4a,664,NO,Sapotaceae,Pouteria sp. 3,Pouteria,sp,0,0,0,0,0,,0,2013-09-10,2013,24.47985,162.97000000000006,Pouteria,Estrella Comercial - Frutal
56536,9,Bosque de Tierra Firme,TF2,4a,669,NO,Fabaceae,Tachigali vasquezii Pipoly,Tachigali,vasquezii,0,0,0,0,0,,0,2013-09-10,2013,24.47985,162.97000000000006,Tachigali,Ingeniero del Suelo - Fijador N
56544,9,Bosque de Tierra Firme,TF2,4b,681,NO,Malvaceae,Theobroma speciosum Willd. ex Spreng.,Theobroma,speciosum,0,0,0,0,0,,0,2013-09-10,2013,24.47985,162.97000000000006,Theobroma,Estrella Comercial - Frutal
56557,9,Bosque de Tierra Firme,TF2,5a,695,NO,Arecaceae,Bactris gasipaes Kunth,Bactris,gasipaes,0,0,0,0,0,muerto,0,2013-09-10,2013,24.47985,162.97000000000006,Bactris,Estrella Comercial - Frutal
56560,9,Bosque de Tierra Firme,TF2,5a,698,NO,Meliaceae,Cedrela fissilis Vell.,Cedrela,fissilis,0,0,0,0,0,desfoliado,0,2013-09-10,2013,24.47985,162.97000000000006,Cedrela,Caja Fuerte - Maderable
56582,9,Bosque de Tierra Firme,TF3,1b,721,NO,Moraceae,Brosimum rubescens Taub.,Brosimum,rubescens,0,0,0,0,0,muerto,0,2013-09-15,2013,24.47985,162.97000000000006,Brosimum,Caja Fuerte - Maderable
56603,9,Bosque de Tierra Firme,TF3,2b,746,NO,Euphorbiaceae,Hevea guianensis Aubl.,Hevea,guianensis,0,0,0,0,0,,0,2013-09-15,2013,24.47985,162.97000000000006,Hevea,Estrella Comercial - Industrial
56606,9,Bosque de Tierra Firme,TF3,2b,749,NO,Fabaceae,Cedrelinga catenaeformis (Ducke) Ducke,Cedrelinga,catenaeformis,0,0,0,0,0,,0,2013-09-15,2013,24.47985,162.97000000000006,Cedrelinga,Caja Fuerte - Maderable / Fijador N
56609,9,Bosque de Tierra Firme,TF3,3a,756,NO,Fabaceae,Inga alba (Sw.) Willd.,Inga,alba,0,0,0,0,0,,0,2013-09-15,2013,24.47985,162.97000000000006,Inga,Ingeniero del Suelo - Fijador N
56616,9,Bosque de Tierra Firme,TF3,4a,765,NO,Apocynaceae,Aspidosperma vargasii A.DC.,Aspidosperma,vargasii,0,0,0,0,0,,0,2013-09-15,2013,24.47985,162.97000000000006,Aspidosperma,Caja Fuerte - Maderable
56625,9,Bosque de Tierra Firme,TF3,4b,777,NO,Euphorbiaceae,Hevea guianensis Aubl.,Hevea,guianensis,0,0,0,0,0,,0,2013-09-15,2013,24.47985,162.97000000000006,Hevea,Estrella Comercial - Industrial
56631,9,Bosque de Tierra Firme,TF3,5a,785,NO,Fabaceae,Copaifera reticulata Ducke,Copaifera,reticulata,0,0,0,0,0,,0,2013-09-15,2013,24.47985,162.97000000000006,Copaifera,Estrella Comercial - Industrial
56635,9,Bosque de Tierra Firme,TF3,5a,790,NO,Euphorbiaceae,Hevea guianensis Aubl.,Hevea,guianensis,0,0,0,0,0,,0,2013-09-15,2013,24.47985,162.97000000000006,Hevea,Estrella Comercial - Industrial
56640,9,Bosque de Tierra Firme,TF3,5b,796,NO,Fabaceae,Copaifera reticulata Ducke,Copaifera,reticulata,0,0,0,0,0,hojas nuevas,0,2013-09-15,2013,24.47985,162.97000000000006,Copaifera,Estrella Comercial - Industrial
56648,9,Bosque de Tierra Firme,TF4,1a,807,NO,Euphorbiaceae,Hevea guianensis Aubl.,Hevea,guianensis,0,0,0,0,0,,0,2013-09-15,2013,24.47985,162.97000000000006,Hevea,Estrella Comercial - Industrial
56652,9,Bosque de Tierra Firme,TF4,1a,811,NO,Euphorbiaceae,Hevea guianensis Aubl.,Hevea,guianensis,0,0,0,0,0,,0,2013-09-15,2013,24.47985,162.97000000000006,Hevea,Estrella Comercial - Industrial
56658,9,Bosque de Tierra Firme,TF4,1b,817,NO,Sapotaceae,Pouteria pariry (Ducke) Baehni,Pouteria,pariry,3,0,0,0,0,,1,2013-09-15,2013,24.47985,162.97000000000006,Pouteria,Estrella Comercial - Frutal
56661,9,Bosque de Tierra Firme,TF4,1b,820,NO,Olacaceae,Aptandra tubicina (Poepp.) Benth. ex Miers,Aptandra,tubicina,0,0,0,0,0,,0,2013-09-15,2013,24.47985,162.97000000000006,Aptandra,Ingeniero del Suelo - Pionera
56681,9,Bosque de Tierra Firme,TF4,2a,840,NO,Fabaceae,Inga stipularis DC.,Inga,stipularis,2,0,0,0,0,,1,2013-09-15,2013,24.47985,162.97000000000006,Inga,Ingeniero del Suelo - Fijador N
56702,9,Bosque de Tierra Firme,TF4,3a,867,NO,Fabaceae,Inga punctata Willd.,Inga,punctata,0,0,0,0,0,,0,2013-09-15,2013,24.47985,162.97000000000006,Inga,Ingeniero del Suelo - Fijador N
56710,9,Bosque de Tierra Firme,TF4,3a,876,NO,Bignonaceae,Jacaranda copaia (Aubl.) D.Don,Jacaranda,copaia,0,0,0,0,0,,0,2013-09-15,2013,24.47985,162.97000000000006,Jacaranda,Ingeniero del Suelo - Pionera
56718,9,Bosque de Tierra Firme,TF4,3b,884,NO,Apocynaceae,Aspidosperma nitidum Benth. ex Müll.Arg.,Aspidosperma,nitidum,0,0,0,0,0,,0,2013-09-15,2013,24.47985,162.97000000000006,Aspidosperma,Caja Fuerte - Maderable
56725,9,Bosque de Tierra Firme,TF4,3b,891,NO,Sapotaceae,Pouteria tarapotensis (Eichler ex Pierre) Baehni,Pouteria,tarapotensis,0,3,0,0,0,,1,2013-09-15,2013,24.47985,162.97000000000006,Pouteria,Estrella Comercial - Frutal
56737,9,Bosque de Tierra Firme,TF5,1a,903,NO,Sapotaceae,Pouteria procera (Mart.) K.Hammer,Pouteria,procera,3,3,2,0,0,,1,2013-09-11,2013,24.47985,162.97000000000006,Pouteria,Estrella Comercial - Frutal
56743,9,Bosque de Tierra Firme,TF5,1a,911,NO,Fabaceae,Inga auristellae Harms,Inga,auristellae,0,0,0,0,0,,0,2013-09-11,2013,24.47985,162.97000000000006,Inga,Ingeniero del Suelo - Fijador N
56747,9,Bosque de Tierra Firme,TF5,1b,915,NO,Fabaceae,Inga sp. 2,Inga,sp,0,0,0,0,0,,0,2013-09-11,2013,24.47985,162.97000000000006,Inga,Ingeniero del Suelo - Fijador N
56750,9,Bosque de Tierra Firme,TF5,1b,918,NO,Fabaceae,Inga cordistipula Mart.,Inga,cordistipula,0,0,0,0,0,,0,2013-09-11,2013,24.47985,162.97000000000006,Inga,Ingeniero del Suelo - Fijador N
56754,9,Bosque de Tierra Firme,TF5,2a,923,NO,Malvaceae,Theobroma speciosum Willd. ex Spreng.,Theobroma,speciosum,0,0,0,0,0,,0,2013-09-11,2013,24.47985,162.97000000000006,Theobroma,Estrella Comercial - Frutal
56760,9,Bosque de Tierra Firme,TF5,2a,930,NO,Apocynaceae,Aspidosperma rigidum Rusby,Aspidosperma,rigidum,0,0,0,1,1,,1,2013-09-11,2013,24.47985,162.97000000000006,Aspidosperma,Caja Fuerte - Maderable
56761,9,Bosque de Tierra Firme,TF5,2b,934,NO,Fabaceae,Dipteryx micrantha Harms,Dipteryx,micrantha,0,0,0,0,0,,0,2013-09-11,2013,24.47985,162.97000000000006,Dipteryx,Estrella Comercial - Industrial
56769,9,Bosque de Tierra Firme,TF5,3a,942,NO,Fabaceae,Inga edulis Mart.,Inga,edulis,0,3,0,3,0,,1,2013-09-11,2013,24.47985,162.97000000000006,Inga,Ingeniero del Suelo - Fijador N
56773,9,Bosque de Tierra Firme,TF5,3a,946,NO,Fabaceae,Inga sp. 2,Inga,sp,3,3,2,0,0,,1,2013-09-11,2013,24.47985,162.97000000000006,Inga,Ingeniero del Suelo - Fijador N
56781,9,Bosque de Tierra Firme,TF5,3b,959,NO,Fabaceae,Inga sp. 2,Inga,sp,3,2,0,0,0,,1,2013-09-11,2013,24.47985,162.97000000000006,Inga,Ingeniero del Suelo - Fijador N
56787,9,Bosque de Tierra Firme,TF5,4a,968,NO,Sapotaceae,Pouteria sp. 3,Pouteria,sp,0,0,0,0,0,,0,2013-09-11,2013,24.47985,162.97000000000006,Pouteria,Estrella Comercial - Frutal
56789,9,Bosque de Tierra Firme,TF5,4a,970,NO,Sapotaceae,Pouteria procera (Mart.) K.Hammer,Pouteria,procera,0,0,0,0,0,,0,2013-09-11,2013,24.47985,162.97000000000006,Pouteria,Estrella Comercial - Frutal
56797,9,Bosque de Tierra Firme,TF5,4b,983,NO,Bignonaceae,Jacaranda copaia subsp. spectabilis (Mart. ex DC.) A.H.Gentry,Jacaranda,copaia subsp. spectabilis,0,0,0,0,0,,0,2013-09-11,2013,24.47985,162.97000000000006,Jacaranda,Ingeniero del Suelo - Pionera
56800,9,Bosque de Tierra Firme,TF5,4b,986,NO,Sapotaceae,Pouteria tarapotensis (Eichler ex Pierre) Baehni,Pouteria,tarapotensis,3,0,0,1,0,,1,2013-09-11,2013,24.47985,162.97000000000006,Pouteria,Estrella Comercial - Frutal
56802,9,Bosque de Tierra Firme,TF5,4b,988,NO,Moraceae,Brosimum acutifolium subsp. obovatum (Ducke) C.C.Berg,Brosimum,acutifolium subsp. obovatum,0,0,0,0,0,,0,2013-09-11,2013,24.47985,162.97000000000006,Brosimum,Caja Fuerte - Maderable
56804,9,Bosque de Tierra Firme,TF5,4b,990,NO,Sapotaceae,Pouteria tarapotensis (Eichler ex Pierre) Baehni,Pouteria,tarapotensis,3,0,0,0,0,,1,2013-09-11,2013,24.47985,162.97000000000006,Pouteria,Estrella Comercial - Frutal
56814,9,Bosque de Tierra Firme,TF5,5a,994A,NO,Apocynaceae,Aspidosperma rigidum Rusby,Aspidosperma,rigidum,0,0,0,0,0,,0,2013-09-11,2013,24.47985,162.97000000000006,Aspidosperma,Caja Fuerte - Maderable
56817,9,Bosque de Tierra Firme,TF5,5b,998,NO,Fabaceae,Swartzia myrtifolia Sm.,Swartzia,myrtifolia,0,0,0,0,0,hojas nuevas,0,2013-09-11,2013,24.47985,162.97000000000006,Swartzia,Ingeniero del Suelo - Fijador N
56820,9,Bosque de Tierra Firme,TF5,5b,958A,NO,Apocynaceae,Aspidosperma vargasii A.DC.,Aspidosperma,vargasii,0,0,0,0,0,,0,2013-09-11,2013,24.47985,162.97000000000006,Aspidosperma,Caja Fuerte - Maderable
57753,11,Bosque de Tierra Firme,TF1,1a,501,NO,Fabaceae,Swartzia myrtifolia Sm.,Swartzia,myrtifolia,0,0,0,0,0,,0,2013-11-13,2013,25.568016666666665,243.33999999999997,Swartzia,Ingeniero del Suelo - Fijador N
57756,11,Bosque de Tierra Firme,TF1,1a,504,NO,Fabaceae,Swartzia tomentifera (Ducke) Ducke,Swartzia,tomentifera,0,0,0,0,0,,0,2013-11-13,2013,25.568016666666665,243.33999999999997,Swartzia,Ingeniero del Suelo - Fijador N
57758,11,Bosque de Tierra Firme,TF1,1a,506,NO,Apocynaceae,Aspidosperma nitidum Benth. ex Müll.Arg.,Aspidosperma,nitidum,0,0,0,0,0,,0,2013-11-13,2013,25.568016666666665,243.33999999999997,Aspidosperma,Caja Fuerte - Maderable
57764,11,Bosque de Tierra Firme,TF1,1b,512,NO,Sapotaceae,Pouteria procera (Mart.) K.Hammer,Pouteria,procera,0,0,0,0,0,,0,2013-11-13,2013,25.568016666666665,243.33999999999997,Pouteria,Estrella Comercial - Frutal
57765,11,Bosque de Tierra Firme,TF1,1b,513,NO,Euphorbiaceae,Croton sp.,Croton,sp,0,0,0,0,0,desfoliado,0,2013-11-13,2013,25.568016666666665,243.33999999999997,Croton,Estrella Comercial - Industrial
57776,11,Bosque de Tierra Firme,TF1,2b,528,NO,Fabaceae,Erythrina ulei Harms,Erythrina,ulei,0,0,0,0,0,desfoliado,0,2013-11-13,2013,25.568016666666665,243.33999999999997,Erythrina,Ingeniero del Suelo - Fijador N
57777,11,Bosque de Tierra Firme,TF1,2b,529,NO,Fabaceae,Erythrina ulei Harms,Erythrina,ulei,0,0,0,0,0,desfoliado,0,2013-11-13,2013,25.568016666666665,243.33999999999997,Erythrina,Ingeniero del Suelo - Fijador N
57789,11,Bosque de Tierra Firme,TF1,3b,547,NO,Fabaceae,Erythrina ulei Harms,Erythrina,ulei,0,0,0,0,0,,0,2013-11-13,2013,25.568016666666665,243.33999999999997,Erythrina,Ingeniero del Suelo - Fijador N
57797,11,Bosque de Tierra Firme,TF1,4b,559,NO,Sapotaceae,Pouteria pariry (Ducke) Baehni,Pouteria,pariry,0,0,0,0,0,,0,2013-11-13,2013,25.568016666666665,243.33999999999997,Pouteria,Estrella Comercial - Frutal
57798,11,Bosque de Tierra Firme,TF1,4b,560,NO,Fabaceae,Erythrina ulei Harms,Erythrina,ulei,0,0,0,0,0,muerto,0,2013-11-13,2013,25.568016666666665,243.33999999999997,Erythrina,Ingeniero del Suelo - Fijador N
57801,11,Bosque de Tierra Firme,TF1,5a,564,NO,Fabaceae,Hymenaea courbaril L.,Hymenaea,courbaril,0,0,3,0,0,,1,2013-11-13,2013,25.568016666666665,243.33999999999997,Hymenaea,Estrella Comercial - Frutal
57813,11,Bosque de Tierra Firme,TF1,6a,580,NO,Sapotaceae,Pouteria sp. 3,Pouteria,sp,0,0,1,0,0,,1,2013-11-13,2013,25.568016666666665,243.33999999999997,Pouteria,Estrella Comercial - Frutal
57814,11,Bosque de Tierra Firme,TF1,6a,581,NO,Fabaceae,Swartzia myrtifolia Sm.,Swartzia,myrtifolia,0,0,0,0,0,hojas nuevas,0,2013-11-13,2013,25.568016666666665,243.33999999999997,Swartzia,Ingeniero del Suelo - Fijador N
57817,11,Bosque de Tierra Firme,TF1,6b,589,NO,Fabaceae,Hymenaea courbaril L.,Hymenaea,courbaril,0,0,0,3,0,,1,2013-11-13,2013,25.568016666666665,243.33999999999997,Hymenaea,Estrella Comercial - Frutal
57835,11,Bosque de Tierra Firme,TF2,1b,614,NO,Fabaceae,Copaifera reticulata Ducke,Copaifera,reticulata,0,0,0,0,0,,0,2013-11-13,2013,25.568016666666665,243.33999999999997,Copaifera,Estrella Comercial - Industrial
57838,11,Bosque de Tierra Firme,TF2,1b,617,NO,Sapotaceae,Pouteria sp. 2,Pouteria,sp,0,0,0,0,0,,0,2013-11-13,2013,25.568016666666665,243.33999999999997,Pouteria,Estrella Comercial - Frutal
57844,11,Bosque de Tierra Firme,TF2,1b,624,NO,Euphorbiaceae,Hevea guianensis Aubl.,Hevea,guianensis,0,0,0,0,0,,0,2013-11-13,2013,25.568016666666665,243.33999999999997,Hevea,Estrella Comercial - Industrial
57849,11,Bosque de Tierra Firme,TF2,2a,629,NO,Euphorbiaceae,Hevea guianensis Aubl.,Hevea,guianensis,0,0,0,0,0,,0,2013-11-13,2013,25.568016666666665,243.33999999999997,Hevea,Estrella Comercial - Industrial
57856,11,Bosque de Tierra Firme,TF2,2b,638,NO,Moraceae,Brosimum rubescens Taub.,Brosimum,rubescens,0,0,0,0,0,,0,2013-11-13,2013,25.568016666666665,243.33999999999997,Brosimum,Caja Fuerte - Maderable
57862,11,Bosque de Tierra Firme,TF2,3a,648,NO,Sapotaceae,Pouteria torta (Mart.) Radlk.,Pouteria,torta,0,0,0,0,0,,0,2013-11-13,2013,25.568016666666665,243.33999999999997,Pouteria,Estrella Comercial - Frutal
57867,11,Bosque de Tierra Firme,TF2,3b,654,NO,Fabaceae,Inga sapindoides Willd.,Inga,sapindoides,0,0,0,0,0,,0,2013-11-13,2013,25.568016666666665,243.33999999999997,Inga,Ingeniero del Suelo - Fijador N
57872,11,Bosque de Tierra Firme,TF2,4a,661,NO,Euphorbiaceae,Hevea guianensis Aubl.,Hevea,guianensis,0,0,0,0,0,,0,2013-11-13,2013,25.568016666666665,243.33999999999997,Hevea,Estrella Comercial - Industrial
57875,11,Bosque de Tierra Firme,TF2,4a,664,NO,Sapotaceae,Pouteria sp. 3,Pouteria,sp,0,0,0,0,0,,0,2013-11-13,2013,25.568016666666665,243.33999999999997,Pouteria,Estrella Comercial - Frutal
57879,11,Bosque de Tierra Firme,TF2,4a,669,NO,Fabaceae,Tachigali vasquezii Pipoly,Tachigali,vasquezii,0,0,0,0,0,,0,2013-11-13,2013,25.568016666666665,243.33999999999997,Tachigali,Ingeniero del Suelo - Fijador N
57887,11,Bosque de Tierra Firme,TF2,4b,681,NO,Malvaceae,Theobroma speciosum Willd. ex Spreng.,Theobroma,speciosum,0,0,0,0,0,,0,2013-11-13,2013,25.568016666666665,243.33999999999997,Theobroma,Estrella Comercial - Frutal
57900,11,Bosque de Tierra Firme,TF2,5a,695,NO,Arecaceae,Bactris gasipaes Kunth,Bactris,gasipaes,0,0,0,0,0,muerto,0,2013-11-13,2013,25.568016666666665,243.33999999999997,Bactris,Estrella Comercial - Frutal
57903,11,Bosque de Tierra Firme,TF2,5a,698,NO,Meliaceae,Cedrela fissilis Vell.,Cedrela,fissilis,0,0,0,0,0,,0,2013-11-13,2013,25.568016666666665,243.33999999999997,Cedrela,Caja Fuerte - Maderable
57925,11,Bosque de Tierra Firme,TF3,1b,721,NO,Moraceae,Brosimum rubescens Taub.,Brosimum,rubescens,0,0,0,0,0,muerto,0,2013-11-15,2013,25.568016666666665,243.33999999999997,Brosimum,Caja Fuerte - Maderable
57946,11,Bosque de Tierra Firme,TF3,2b,746,NO,Euphorbiaceae,Hevea guianensis Aubl.,Hevea,guianensis,0,0,0,0,0,,0,2013-11-15,2013,25.568016666666665,243.33999999999997,Hevea,Estrella Comercial - Industrial
57949,11,Bosque de Tierra Firme,TF3,2b,749,NO,Fabaceae,Cedrelinga catenaeformis (Ducke) Ducke,Cedrelinga,catenaeformis,0,0,0,0,0,,0,2013-11-15,2013,25.568016666666665,243.33999999999997,Cedrelinga,Caja Fuerte - Maderable / Fijador N
57952,11,Bosque de Tierra Firme,TF3,3a,756,NO,Fabaceae,Inga alba (Sw.) Willd.,Inga,alba,0,0,0,0,0,,0,2013-11-15,2013,25.568016666666665,243.33999999999997,Inga,Ingeniero del Suelo - Fijador N
57959,11,Bosque de Tierra Firme,TF3,4a,765,NO,Apocynaceae,Aspidosperma vargasii A.DC.,Aspidosperma,vargasii,0,0,0,0,0,,0,2013-11-15,2013,25.568016666666665,243.33999999999997,Aspidosperma,Caja Fuerte - Maderable
57968,11,Bosque de Tierra Firme,TF3,4b,777,NO,Euphorbiaceae,Hevea guianensis Aubl.,Hevea,guianensis,0,0,0,0,0,liana,0,2013-11-15,2013,25.568016666666665,243.33999999999997,Hevea,Estrella Comercial - Industrial
57974,11,Bosque de Tierra Firme,TF3,5a,785,NO,Fabaceae,Copaifera reticulata Ducke,Copaifera,reticulata,0,0,0,0,0,,0,2013-11-15,2013,25.568016666666665,243.33999999999997,Copaifera,Estrella Comercial - Industrial
57978,11,Bosque de Tierra Firme,TF3,5a,790,NO,Euphorbiaceae,Hevea guianensis Aubl.,Hevea,guianensis,0,0,0,0,0,,0,2013-11-15,2013,25.568016666666665,243.33999999999997,Hevea,Estrella Comercial - Industrial
57983,11,Bosque de Tierra Firme,TF3,5b,796,NO,Fabaceae,Copaifera reticulata Ducke,Copaifera,reticulata,0,0,0,0,0,,0,2013-11-15,2013,25.568016666666665,243.33999999999997,Copaifera,Estrella Comercial - Industrial
57991,11,Bosque de Tierra Firme,TF4,1a,807,NO,Euphorbiaceae,Hevea guianensis Aubl.,Hevea,guianensis,0,0,0,0,0,,0,2013-11-15,2013,25.568016666666665,243.33999999999997,Hevea,Estrella Comercial - Industrial
57995,11,Bosque de Tierra Firme,TF4,1a,811,NO,Euphorbiaceae,Hevea guianensis Aubl.,Hevea,guianensis,0,0,0,0,0,,0,2013-11-15,2013,25.568016666666665,243.33999999999997,Hevea,Estrella Comercial - Industrial
58001,11,Bosque de Tierra Firme,TF4,1b,817,NO,Sapotaceae,Pouteria pariry (Ducke) Baehni,Pouteria,pariry,0,0,0,0,0,,0,2013-11-15,2013,25.568016666666665,243.33999999999997,Pouteria,Estrella Comercial - Frutal
58004,11,Bosque de Tierra Firme,TF4,1b,820,NO,Olacaceae,Aptandra tubicina (Poepp.) Benth. ex Miers,Aptandra,tubicina,0,0,0,0,0,,0,2013-11-15,2013,25.568016666666665,243.33999999999997,Aptandra,Ingeniero del Suelo - Pionera
58024,11,Bosque de Tierra Firme,TF4,2a,840,NO,Fabaceae,Inga stipularis DC.,Inga,stipularis,0,0,0,0,0,,0,2013-11-15,2013,25.568016666666665,243.33999999999997,Inga,Ingeniero del Suelo - Fijador N
58045,11,Bosque de Tierra Firme,TF4,3a,867,NO,Fabaceae,Inga punctata Willd.,Inga,punctata,0,0,0,0,0,,0,2013-11-15,2013,25.568016666666665,243.33999999999997,Inga,Ingeniero del Suelo - Fijador N
58053,11,Bosque de Tierra Firme,TF4,3a,876,NO,Bignonaceae,Jacaranda copaia (Aubl.) D.Don,Jacaranda,copaia,0,0,0,0,0,,0,2013-11-15,2013,25.568016666666665,243.33999999999997,Jacaranda,Ingeniero del Suelo - Pionera
58061,11,Bosque de Tierra Firme,TF4,3b,884,NO,Apocynaceae,Aspidosperma nitidum Benth. ex Müll.Arg.,Aspidosperma,nitidum,0,0,0,0,0,,0,2013-11-15,2013,25.568016666666665,243.33999999999997,Aspidosperma,Caja Fuerte - Maderable
58068,11,Bosque de Tierra Firme,TF4,3b,891,NO,Sapotaceae,Pouteria tarapotensis (Eichler ex Pierre) Baehni,Pouteria,tarapotensis,0,0,0,1,0,,1,2013-11-15,2013,25.568016666666665,243.33999999999997,Pouteria,Estrella Comercial - Frutal
58080,11,Bosque de Tierra Firme,TF5,1a,903,NO,Sapotaceae,Pouteria procera (Mart.) K.Hammer,Pouteria,procera,0,0,3,0,0,,1,2013-11-12,2013,25.568016666666665,243.33999999999997,Pouteria,Estrella Comercial - Frutal
58086,11,Bosque de Tierra Firme,TF5,1a,911,NO,Fabaceae,Inga auristellae Harms,Inga,auristellae,0,0,0,0,0,,0,2013-11-12,2013,25.568016666666665,243.33999999999997,Inga,Ingeniero del Suelo - Fijador N
58090,11,Bosque de Tierra Firme,TF5,1b,915,NO,Fabaceae,Inga sp. 2,Inga,sp,0,0,0,0,0,,0,2013-11-12,2013,25.568016666666665,243.33999999999997,Inga,Ingeniero del Suelo - Fijador N
58093,11,Bosque de Tierra Firme,TF5,1b,918,NO,Fabaceae,Inga cordistipula Mart.,Inga,cordistipula,0,0,0,0,0,,0,2013-11-12,2013,25.568016666666665,243.33999999999997,Inga,Ingeniero del Suelo - Fijador N
58097,11,Bosque de Tierra Firme,TF5,2a,923,NO,Malvaceae,Theobroma speciosum Willd. ex Spreng.,Theobroma,speciosum,0,0,0,0,0,,0,2013-11-12,2013,25.568016666666665,243.33999999999997,Theobroma,Estrella Comercial - Frutal
58103,11,Bosque de Tierra Firme,TF5,2a,930,NO,Apocynaceae,Aspidosperma rigidum Rusby,Aspidosperma,rigidum,3,4,0,0,0,,1,2013-11-12,2013,25.568016666666665,243.33999999999997,Aspidosperma,Caja Fuerte - Maderable
58104,11,Bosque de Tierra Firme,TF5,2b,934,NO,Fabaceae,Dipteryx micrantha Harms,Dipteryx,micrantha,0,0,0,0,0,,0,2013-11-12,2013,25.568016666666665,243.33999999999997,Dipteryx,Estrella Comercial - Industrial
58112,11,Bosque de Tierra Firme,TF5,3a,942,NO,Fabaceae,Inga edulis Mart.,Inga,edulis,0,0,1,0,0,,1,2013-11-12,2013,25.568016666666665,243.33999999999997,Inga,Ingeniero del Suelo - Fijador N
58116,11,Bosque de Tierra Firme,TF5,3a,946,NO,Fabaceae,Inga sp. 2,Inga,sp,0,0,0,1,0,,1,2013-11-12,2013,25.568016666666665,243.33999999999997,Inga,Ingeniero del Suelo - Fijador N
58124,11,Bosque de Tierra Firme,TF5,3b,959,NO,Fabaceae,Inga sp. 2,Inga,sp,0,0,0,0,0,,0,2013-11-12,2013,25.568016666666665,243.33999999999997,Inga,Ingeniero del Suelo - Fijador N
58130,11,Bosque de Tierra Firme,TF5,4a,968,NO,Sapotaceae,Pouteria sp. 3,Pouteria,sp,0,0,0,0,0,,0,2013-11-12,2013,25.568016666666665,243.33999999999997,Pouteria,Estrella Comercial - Frutal
58132,11,Bosque de Tierra Firme,TF5,4a,970,NO,Sapotaceae,Pouteria procera (Mart.) K.Hammer,Pouteria,procera,0,0,0,0,0,,0,2013-11-12,2013,25.568016666666665,243.33999999999997,Pouteria,Estrella Comercial - Frutal
58140,11,Bosque de Tierra Firme,TF5,4b,983,NO,Bignonaceae,Jacaranda copaia subsp. spectabilis (Mart. ex DC.) A.H.Gentry,Jacaranda,copaia subsp. spectabilis,0,0,0,0,0,,0,2013-11-12,2013,25.568016666666665,243.33999999999997,Jacaranda,Ingeniero del Suelo - Pionera
58143,11,Bosque de Tierra Firme,TF5,4b,986,NO,Sapotaceae,Pouteria tarapotensis (Eichler ex Pierre) Baehni,Pouteria,tarapotensis,0,0,3,0,0,,1,2013-11-12,2013,25.568016666666665,243.33999999999997,Pouteria,Estrella Comercial - Frutal
58145,11,Bosque de Tierra Firme,TF5,4b,988,NO,Moraceae,Brosimum acutifolium subsp. obovatum (Ducke) C.C.Berg,Brosimum,acutifolium subsp. obovatum,0,0,0,0,0,,0,2013-11-12,2013,25.568016666666665,243.33999999999997,Brosimum,Caja Fuerte - Maderable
58147,11,Bosque de Tierra Firme,TF5,4b,990,NO,Sapotaceae,Pouteria tarapotensis (Eichler ex Pierre) Baehni,Pouteria,tarapotensis,0,0,3,0,0,,1,2013-11-12,2013,25.568016666666665,243.33999999999997,Pouteria,Estrella Comercial - Frutal
58157,11,Bosque de Tierra Firme,TF5,5a,994A,NO,Apocynaceae,Aspidosperma rigidum Rusby,Aspidosperma,rigidum,3,4,0,0,0,,1,2013-11-12,2013,25.568016666666665,243.33999999999997,Aspidosperma,Caja Fuerte - Maderable
58160,11,Bosque de Tierra Firme,TF5,5b,998,NO,Fabaceae,Swartzia myrtifolia Sm.,Swartzia,myrtifolia,0,0,0,0,0,,0,2013-11-12,2013,25.568016666666665,243.33999999999997,Swartzia,Ingeniero del Suelo - Fijador N
58163,11,Bosque de Tierra Firme,TF5,5b,958A,NO,Apocynaceae,Aspidosperma vargasii A.DC.,Aspidosperma,vargasii,0,0,0,0,0,,0,2013-11-12,2013,25.568016666666665,243.33999999999997,Aspidosperma,Caja Fuerte - Maderable
59096,12,Bosque de Tierra Firme,TF1,1a,501,NO,Fabaceae,Swartzia myrtifolia Sm.,Swartzia,myrtifolia,0,0,0,0,0,,0,2013-12-10,2013,25.96317741935484,432.24999999999994,Swartzia,Ingeniero del Suelo - Fijador N
59099,12,Bosque de Tierra Firme,TF1,1a,504,NO,Fabaceae,Swartzia tomentifera (Ducke) Ducke,Swartzia,tomentifera,0,0,0,0,0,,0,2013-12-10,2013,25.96317741935484,432.24999999999994,Swartzia,Ingeniero del Suelo - Fijador N
59101,12,Bosque de Tierra Firme,TF1,1a,506,NO,Apocynaceae,Aspidosperma nitidum Benth. ex Müll.Arg.,Aspidosperma,nitidum,0,0,0,0,0,,0,2013-12-10,2013,25.96317741935484,432.24999999999994,Aspidosperma,Caja Fuerte - Maderable
59107,12,Bosque de Tierra Firme,TF1,1b,512,NO,Sapotaceae,Pouteria procera (Mart.) K.Hammer,Pouteria,procera,0,0,0,0,0,,0,2013-12-10,2013,25.96317741935484,432.24999999999994,Pouteria,Estrella Comercial - Frutal
59108,12,Bosque de Tierra Firme,TF1,1b,513,NO,Euphorbiaceae,Croton sp.,Croton,sp,0,0,0,0,0,desfoliado,0,2013-12-10,2013,25.96317741935484,432.24999999999994,Croton,Estrella Comercial - Industrial
59119,12,Bosque de Tierra Firme,TF1,2b,528,NO,Fabaceae,Erythrina ulei Harms,Erythrina,ulei,0,0,0,0,0,desfoliado,0,2013-12-10,2013,25.96317741935484,432.24999999999994,Erythrina,Ingeniero del Suelo - Fijador N
59120,12,Bosque de Tierra Firme,TF1,2b,529,NO,Fabaceae,Erythrina ulei Harms,Erythrina,ulei,0,0,0,0,0,desfoliado,0,2013-12-10,2013,25.96317741935484,432.24999999999994,Erythrina,Ingeniero del Suelo - Fijador N
59132,12,Bosque de Tierra Firme,TF1,3b,547,NO,Fabaceae,Erythrina ulei Harms,Erythrina,ulei,0,0,0,0,0,,0,2013-12-10,2013,25.96317741935484,432.24999999999994,Erythrina,Ingeniero del Suelo - Fijador N
59140,12,Bosque de Tierra Firme,TF1,4b,559,NO,Sapotaceae,Pouteria pariry (Ducke) Baehni,Pouteria,pariry,0,0,0,0,0,,0,2013-12-10,2013,25.96317741935484,432.24999999999994,Pouteria,Estrella Comercial - Frutal
59141,12,Bosque de Tierra Firme,TF1,4b,560,NO,Fabaceae,Erythrina ulei Harms,Erythrina,ulei,0,0,0,0,0,muerto,0,2013-12-10,2013,25.96317741935484,432.24999999999994,Erythrina,Ingeniero del Suelo - Fijador N
59144,12,Bosque de Tierra Firme,TF1,5a,564,NO,Fabaceae,Hymenaea courbaril L.,Hymenaea,courbaril,0,0,2,0,0,,1,2013-12-10,2013,25.96317741935484,432.24999999999994,Hymenaea,Estrella Comercial - Frutal
59157,12,Bosque de Tierra Firme,TF1,6a,580,NO,Sapotaceae,Pouteria sp. 3,Pouteria,sp,0,0,0,0,0,,0,2013-12-10,2013,25.96317741935484,432.24999999999994,Pouteria,Estrella Comercial - Frutal
59158,12,Bosque de Tierra Firme,TF1,6a,581,NO,Fabaceae,Swartzia myrtifolia Sm.,Swartzia,myrtifolia,2,0,0,0,0,,1,2013-12-10,2013,25.96317741935484,432.24999999999994,Swartzia,Ingeniero del Suelo - Fijador N
59161,12,Bosque de Tierra Firme,TF1,6b,589,NO,Fabaceae,Hymenaea courbaril L.,Hymenaea,courbaril,0,0,0,3,0,,1,2013-12-10,2013,25.96317741935484,432.24999999999994,Hymenaea,Estrella Comercial - Frutal
59179,12,Bosque de Tierra Firme,TF2,1b,614,NO,Fabaceae,Copaifera reticulata Ducke,Copaifera,reticulata,0,0,0,0,0,,0,2013-12-10,2013,25.96317741935484,432.24999999999994,Copaifera,Estrella Comercial - Industrial
59182,12,Bosque de Tierra Firme,TF2,1b,617,NO,Sapotaceae,Pouteria sp. 2,Pouteria,sp,0,0,0,0,0,,0,2013-12-10,2013,25.96317741935484,432.24999999999994,Pouteria,Estrella Comercial - Frutal
59188,12,Bosque de Tierra Firme,TF2,1b,624,NO,Euphorbiaceae,Hevea guianensis Aubl.,Hevea,guianensis,0,0,0,0,0,,0,2013-12-10,2013,25.96317741935484,432.24999999999994,Hevea,Estrella Comercial - Industrial
59193,12,Bosque de Tierra Firme,TF2,2a,629,NO,Euphorbiaceae,Hevea guianensis Aubl.,Hevea,guianensis,0,0,0,0,0,,0,2013-12-10,2013,25.96317741935484,432.24999999999994,Hevea,Estrella Comercial - Industrial
59200,12,Bosque de Tierra Firme,TF2,2b,638,NO,Moraceae,Brosimum rubescens Taub.,Brosimum,rubescens,0,0,0,0,0,,0,2013-12-10,2013,25.96317741935484,432.24999999999994,Brosimum,Caja Fuerte - Maderable
59206,12,Bosque de Tierra Firme,TF2,3a,648,NO,Sapotaceae,Pouteria torta (Mart.) Radlk.,Pouteria,torta,0,0,0,0,0,,0,2013-12-10,2013,25.96317741935484,432.24999999999994,Pouteria,Estrella Comercial - Frutal
59211,12,Bosque de Tierra Firme,TF2,3b,654,NO,Fabaceae,Inga sapindoides Willd.,Inga,sapindoides,0,0,0,0,0,,0,2013-12-10,2013,25.96317741935484,432.24999999999994,Inga,Ingeniero del Suelo - Fijador N
59216,12,Bosque de Tierra Firme,TF2,4a,661,NO,Euphorbiaceae,Hevea guianensis Aubl.,Hevea,guianensis,0,0,0,0,0,,0,2013-12-10,2013,25.96317741935484,432.24999999999994,Hevea,Estrella Comercial - Industrial
59219,12,Bosque de Tierra Firme,TF2,4a,664,NO,Sapotaceae,Pouteria sp. 3,Pouteria,sp,0,0,0,0,0,,0,2013-12-10,2013,25.96317741935484,432.24999999999994,Pouteria,Estrella Comercial - Frutal
59223,12,Bosque de Tierra Firme,TF2,4a,669,NO,Fabaceae,Tachigali vasquezii Pipoly,Tachigali,vasquezii,0,0,0,0,0,,0,2013-12-10,2013,25.96317741935484,432.24999999999994,Tachigali,Ingeniero del Suelo - Fijador N
59231,12,Bosque de Tierra Firme,TF2,4b,681,NO,Malvaceae,Theobroma speciosum Willd. ex Spreng.,Theobroma,speciosum,0,0,0,0,0,,0,2013-12-10,2013,25.96317741935484,432.24999999999994,Theobroma,Estrella Comercial - Frutal
59244,12,Bosque de Tierra Firme,TF2,5a,695,NO,Arecaceae,Bactris gasipaes Kunth,Bactris,gasipaes,0,0,0,0,0,muerto,0,2013-12-10,2013,25.96317741935484,432.24999999999994,Bactris,Estrella Comercial - Frutal
59247,12,Bosque de Tierra Firme,TF2,5a,698,NO,Meliaceae,Cedrela fissilis Vell.,Cedrela,fissilis,0,0,0,0,0,,0,2013-12-10,2013,25.96317741935484,432.24999999999994,Cedrela,Caja Fuerte - Maderable
59269,12,Bosque de Tierra Firme,TF3,1b,721,NO,Moraceae,Brosimum rubescens Taub.,Brosimum,rubescens,0,0,0,0,0,muerto,0,2013-12-16,2013,25.96317741935484,432.24999999999994,Brosimum,Caja Fuerte - Maderable
59290,12,Bosque de Tierra Firme,TF3,2b,746,NO,Euphorbiaceae,Hevea guianensis Aubl.,Hevea,guianensis,0,0,0,0,0,,0,2013-12-16,2013,25.96317741935484,432.24999999999994,Hevea,Estrella Comercial - Industrial
59293,12,Bosque de Tierra Firme,TF3,2b,749,NO,Fabaceae,Cedrelinga catenaeformis (Ducke) Ducke,Cedrelinga,catenaeformis,0,0,0,0,0,,0,2013-12-16,2013,25.96317741935484,432.24999999999994,Cedrelinga,Caja Fuerte - Maderable / Fijador N
59296,12,Bosque de Tierra Firme,TF3,3a,756,NO,Fabaceae,Inga alba (Sw.) Willd.,Inga,alba,0,0,0,0,0,,0,2013-12-16,2013,25.96317741935484,432.24999999999994,Inga,Ingeniero del Suelo - Fijador N
59303,12,Bosque de Tierra Firme,TF3,4a,765,NO,Apocynaceae,Aspidosperma vargasii A.DC.,Aspidosperma,vargasii,0,0,0,0,0,,0,2013-12-16,2013,25.96317741935484,432.24999999999994,Aspidosperma,Caja Fuerte - Maderable
59312,12,Bosque de Tierra Firme,TF3,4b,777,NO,Euphorbiaceae,Hevea guianensis Aubl.,Hevea,guianensis,0,0,0,0,0,liana,0,2013-12-16,2013,25.96317741935484,432.24999999999994,Hevea,Estrella Comercial - Industrial
59318,12,Bosque de Tierra Firme,TF3,5a,785,NO,Fabaceae,Copaifera reticulata Ducke,Copaifera,reticulata,0,0,0,0,0,,0,2013-12-16,2013,25.96317741935484,432.24999999999994,Copaifera,Estrella Comercial - Industrial
59322,12,Bosque de Tierra Firme,TF3,5a,790,NO,Euphorbiaceae,Hevea guianensis Aubl.,Hevea,guianensis,0,0,1,0,0,,1,2013-12-16,2013,25.96317741935484,432.24999999999994,Hevea,Estrella Comercial - Industrial
59327,12,Bosque de Tierra Firme,TF3,5b,796,NO,Fabaceae,Copaifera reticulata Ducke,Copaifera,reticulata,0,0,0,0,0,,0,2013-12-16,2013,25.96317741935484,432.24999999999994,Copaifera,Estrella Comercial - Industrial
59335,12,Bosque de Tierra Firme,TF4,1a,807,NO,Euphorbiaceae,Hevea guianensis Aubl.,Hevea,guianensis,0,0,0,0,0,,0,2013-12-16,2013,25.96317741935484,432.24999999999994,Hevea,Estrella Comercial - Industrial
59339,12,Bosque de Tierra Firme,TF4,1a,811,NO,Euphorbiaceae,Hevea guianensis Aubl.,Hevea,guianensis,0,0,0,0,0,,0,2013-12-16,2013,25.96317741935484,432.24999999999994,Hevea,Estrella Comercial - Industrial
59345,12,Bosque de Tierra Firme,TF4,1b,817,NO,Sapotaceae,Pouteria pariry (Ducke) Baehni,Pouteria,pariry,0,0,0,0,0,,0,2013-12-16,2013,25.96317741935484,432.24999999999994,Pouteria,Estrella Comercial - Frutal
59348,12,Bosque de Tierra Firme,TF4,1b,820,NO,Olacaceae,Aptandra tubicina (Poepp.) Benth. ex Miers,Aptandra,tubicina,0,0,0,0,0,,0,2013-12-16,2013,25.96317741935484,432.24999999999994,Aptandra,Ingeniero del Suelo - Pionera
59368,12,Bosque de Tierra Firme,TF4,2a,840,NO,Fabaceae,Inga stipularis DC.,Inga,stipularis,0,0,0,0,0,,0,2013-12-16,2013,25.96317741935484,432.24999999999994,Inga,Ingeniero del Suelo - Fijador N
59389,12,Bosque de Tierra Firme,TF4,3a,867,NO,Fabaceae,Inga punctata Willd.,Inga,punctata,0,0,0,0,0,,0,2013-12-16,2013,25.96317741935484,432.24999999999994,Inga,Ingeniero del Suelo - Fijador N
59397,12,Bosque de Tierra Firme,TF4,3a,876,NO,Bignonaceae,Jacaranda copaia (Aubl.) D.Don,Jacaranda,copaia,0,0,0,0,0,,0,2013-12-16,2013,25.96317741935484,432.24999999999994,Jacaranda,Ingeniero del Suelo - Pionera
59405,12,Bosque de Tierra Firme,TF4,3b,884,NO,Apocynaceae,Aspidosperma nitidum Benth. ex Müll.Arg.,Aspidosperma,nitidum,0,0,0,0,0,,0,2013-12-16,2013,25.96317741935484,432.24999999999994,Aspidosperma,Caja Fuerte - Maderable
59412,12,Bosque de Tierra Firme,TF4,3b,891,NO,Sapotaceae,Pouteria tarapotensis (Eichler ex Pierre) Baehni,Pouteria,tarapotensis,0,0,0,1,0,,1,2013-12-16,2013,25.96317741935484,432.24999999999994,Pouteria,Estrella Comercial - Frutal
59424,12,Bosque de Tierra Firme,TF5,1a,903,NO,Sapotaceae,Pouteria procera (Mart.) K.Hammer,Pouteria,procera,0,0,2,2,0,,1,2013-12-12,2013,25.96317741935484,432.24999999999994,Pouteria,Estrella Comercial - Frutal
59430,12,Bosque de Tierra Firme,TF5,1a,911,NO,Fabaceae,Inga auristellae Harms,Inga,auristellae,0,0,0,0,0,,0,2013-12-12,2013,25.96317741935484,432.24999999999994,Inga,Ingeniero del Suelo - Fijador N
59434,12,Bosque de Tierra Firme,TF5,1b,915,NO,Fabaceae,Inga sp. 2,Inga,sp,0,0,0,0,0,,0,2013-12-12,2013,25.96317741935484,432.24999999999994,Inga,Ingeniero del Suelo - Fijador N
59437,12,Bosque de Tierra Firme,TF5,1b,918,NO,Fabaceae,Inga cordistipula Mart.,Inga,cordistipula,0,0,0,0,0,,0,2013-12-12,2013,25.96317741935484,432.24999999999994,Inga,Ingeniero del Suelo - Fijador N
59441,12,Bosque de Tierra Firme,TF5,2a,923,NO,Malvaceae,Theobroma speciosum Willd. ex Spreng.,Theobroma,speciosum,0,0,0,0,0,,0,2013-12-12,2013,25.96317741935484,432.24999999999994,Theobroma,Estrella Comercial - Frutal
59447,12,Bosque de Tierra Firme,TF5,2a,930,NO,Apocynaceae,Aspidosperma rigidum Rusby,Aspidosperma,rigidum,0,0,1,0,0,,1,2013-12-12,2013,25.96317741935484,432.24999999999994,Aspidosperma,Caja Fuerte - Maderable
59448,12,Bosque de Tierra Firme,TF5,2b,934,NO,Fabaceae,Dipteryx micrantha Harms,Dipteryx,micrantha,0,0,0,0,0,,0,2013-12-12,2013,25.96317741935484,432.24999999999994,Dipteryx,Estrella Comercial - Industrial
59456,12,Bosque de Tierra Firme,TF5,3a,942,NO,Fabaceae,Inga edulis Mart.,Inga,edulis,0,0,2,0,0,,1,2013-12-12,2013,25.96317741935484,432.24999999999994,Inga,Ingeniero del Suelo - Fijador N
59460,12,Bosque de Tierra Firme,TF5,3a,946,NO,Fabaceae,Inga sp. 2,Inga,sp,0,0,2,0,0,,1,2013-12-12,2013,25.96317741935484,432.24999999999994,Inga,Ingeniero del Suelo - Fijador N
59468,12,Bosque de Tierra Firme,TF5,3b,959,NO,Fabaceae,Inga sp. 2,Inga,sp,0,0,0,0,0,,0,2013-12-12,2013,25.96317741935484,432.24999999999994,Inga,Ingeniero del Suelo - Fijador N
59474,12,Bosque de Tierra Firme,TF5,4a,968,NO,Sapotaceae,Pouteria sp. 3,Pouteria,sp,0,0,0,0,0,,0,2013-12-12,2013,25.96317741935484,432.24999999999994,Pouteria,Estrella Comercial - Frutal
59476,12,Bosque de Tierra Firme,TF5,4a,970,NO,Sapotaceae,Pouteria procera (Mart.) K.Hammer,Pouteria,procera,0,0,0,0,0,,0,2013-12-12,2013,25.96317741935484,432.24999999999994,Pouteria,Estrella Comercial - Frutal
59484,12,Bosque de Tierra Firme,TF5,4b,983,NO,Bignonaceae,Jacaranda copaia subsp. spectabilis (Mart. ex DC.) A.H.Gentry,Jacaranda,copaia subsp. spectabilis,0,0,0,0,0,,0,2013-12-12,2013,25.96317741935484,432.24999999999994,Jacaranda,Ingeniero del Suelo - Pionera
59487,12,Bosque de Tierra Firme,TF5,4b,986,NO,Sapotaceae,Pouteria tarapotensis (Eichler ex Pierre) Baehni,Pouteria,tarapotensis,0,0,0,1,0,,1,2013-12-12,2013,25.96317741935484,432.24999999999994,Pouteria,Estrella Comercial - Frutal
59489,12,Bosque de Tierra Firme,TF5,4b,988,NO,Moraceae,Brosimum acutifolium subsp. obovatum (Ducke) C.C.Berg,Brosimum,acutifolium subsp. obovatum,0,0,0,0,0,,0,2013-12-12,2013,25.96317741935484,432.24999999999994,Brosimum,Caja Fuerte - Maderable
59491,12,Bosque de Tierra Firme,TF5,4b,990,NO,Sapotaceae,Pouteria tarapotensis (Eichler ex Pierre) Baehni,Pouteria,tarapotensis,0,0,2,2,0,,1,2013-12-12,2013,25.96317741935484,432.24999999999994,Pouteria,Estrella Comercial - Frutal
59501,12,Bosque de Tierra Firme,TF5,5a,994A,NO,Apocynaceae,Aspidosperma rigidum Rusby,Aspidosperma,rigidum,0,0,0,0,0,,0,2013-12-12,2013,25.96317741935484,432.24999999999994,Aspidosperma,Caja Fuerte - Maderable
59504,12,Bosque de Tierra Firme,TF5,5b,998,NO,Fabaceae,Swartzia myrtifolia Sm.,Swartzia,myrtifolia,0,0,0,0,0,,0,2013-12-12,2013,25.96317741935484,432.24999999999994,Swartzia,Ingeniero del Suelo - Fijador N
59507,12,Bosque de Tierra Firme,TF5,5b,958A,NO,Apocynaceae,Aspidosperma vargasii A.DC.,Aspidosperma,vargasii,0,0,0,0,0,,0,2013-12-12,2013,25.96317741935484,432.24999999999994,Aspidosperma,Caja Fuerte - Maderable
60423,1,Bosque de Tierra Firme,TF1,1a,501,NO,Fabaceae,Swartzia myrtifolia Sm.,Swartzia,myrtifolia,0,0,0,0,0,,0,2014-01-17,2014,25.241435483870973,942.7900000000003,Swartzia,Ingeniero del Suelo - Fijador N
60426,1,Bosque de Tierra Firme,TF1,1a,504,NO,Fabaceae,Swartzia tomentifera (Ducke) Ducke,Swartzia,tomentifera,0,0,0,0,0,,0,2014-01-17,2014,25.241435483870973,942.7900000000003,Swartzia,Ingeniero del Suelo - Fijador N
60428,1,Bosque de Tierra Firme,TF1,1a,506,NO,Apocynaceae,Aspidosperma nitidum Benth. ex Müll.Arg.,Aspidosperma,nitidum,0,0,0,0,0,,0,2014-01-17,2014,25.241435483870973,942.7900000000003,Aspidosperma,Caja Fuerte - Maderable
60434,1,Bosque de Tierra Firme,TF1,1b,512,NO,Sapotaceae,Pouteria procera (Mart.) K.Hammer,Pouteria,procera,0,0,0,0,0,,0,2014-01-17,2014,25.241435483870973,942.7900000000003,Pouteria,Estrella Comercial - Frutal
60435,1,Bosque de Tierra Firme,TF1,1b,513,NO,Euphorbiaceae,Croton sp.,Croton,sp,0,0,0,0,0,desfoliado,0,2014-01-17,2014,25.241435483870973,942.7900000000003,Croton,Estrella Comercial - Industrial
60445,1,Bosque de Tierra Firme,TF1,2b,528,NO,Fabaceae,Erythrina ulei Harms,Erythrina,ulei,0,0,0,0,0,hojas nuevas,0,2014-01-17,2014,25.241435483870973,942.7900000000003,Erythrina,Ingeniero del Suelo - Fijador N
60446,1,Bosque de Tierra Firme,TF1,2b,529,NO,Fabaceae,Erythrina ulei Harms,Erythrina,ulei,0,0,0,0,0,hojas nuevas,0,2014-01-17,2014,25.241435483870973,942.7900000000003,Erythrina,Ingeniero del Suelo - Fijador N
60457,1,Bosque de Tierra Firme,TF1,3b,547,NO,Fabaceae,Erythrina ulei Harms,Erythrina,ulei,0,0,0,0,0,,0,2014-01-17,2014,25.241435483870973,942.7900000000003,Erythrina,Ingeniero del Suelo - Fijador N
60465,1,Bosque de Tierra Firme,TF1,4b,559,NO,Sapotaceae,Pouteria pariry (Ducke) Baehni,Pouteria,pariry,0,0,0,0,0,,0,2014-01-17,2014,25.241435483870973,942.7900000000003,Pouteria,Estrella Comercial - Frutal
60468,1,Bosque de Tierra Firme,TF1,5a,564,NO,Fabaceae,Hymenaea courbaril L.,Hymenaea,courbaril,0,0,2,0,0,,1,2014-01-17,2014,25.241435483870973,942.7900000000003,Hymenaea,Estrella Comercial - Frutal
60481,1,Bosque de Tierra Firme,TF1,6a,580,NO,Sapotaceae,Pouteria sp. 3,Pouteria,sp,0,0,0,0,0,,0,2014-01-17,2014,25.241435483870973,942.7900000000003,Pouteria,Estrella Comercial - Frutal
60482,1,Bosque de Tierra Firme,TF1,6a,581,NO,Fabaceae,Swartzia myrtifolia Sm.,Swartzia,myrtifolia,0,0,0,0,0,,0,2014-01-17,2014,25.241435483870973,942.7900000000003,Swartzia,Ingeniero del Suelo - Fijador N
60485,1,Bosque de Tierra Firme,TF1,6b,589,NO,Fabaceae,Hymenaea courbaril L.,Hymenaea,courbaril,0,0,3,0,0,,1,2014-01-17,2014,25.241435483870973,942.7900000000003,Hymenaea,Estrella Comercial - Frutal
60502,1,Bosque de Tierra Firme,TF2,1b,614,NO,Fabaceae,Copaifera reticulata Ducke,Copaifera,reticulata,0,0,0,0,0,,0,2014-01-11,2014,25.241435483870973,942.7900000000003,Copaifera,Estrella Comercial - Industrial
60505,1,Bosque de Tierra Firme,TF2,1b,617,NO,Sapotaceae,Pouteria sp. 2,Pouteria,sp,0,0,0,0,0,,0,2014-01-11,2014,25.241435483870973,942.7900000000003,Pouteria,Estrella Comercial - Frutal
60511,1,Bosque de Tierra Firme,TF2,1b,624,NO,Euphorbiaceae,Hevea guianensis Aubl.,Hevea,guianensis,0,0,0,0,0,,0,2014-01-11,2014,25.241435483870973,942.7900000000003,Hevea,Estrella Comercial - Industrial
60516,1,Bosque de Tierra Firme,TF2,2a,629,NO,Euphorbiaceae,Hevea guianensis Aubl.,Hevea,guianensis,0,0,0,0,0,,0,2014-01-11,2014,25.241435483870973,942.7900000000003,Hevea,Estrella Comercial - Industrial
60523,1,Bosque de Tierra Firme,TF2,2b,638,NO,Moraceae,Brosimum rubescens Taub.,Brosimum,rubescens,0,0,0,0,0,,0,2014-01-11,2014,25.241435483870973,942.7900000000003,Brosimum,Caja Fuerte - Maderable
60529,1,Bosque de Tierra Firme,TF2,3a,648,NO,Sapotaceae,Pouteria torta (Mart.) Radlk.,Pouteria,torta,0,0,0,0,0,,0,2014-01-11,2014,25.241435483870973,942.7900000000003,Pouteria,Estrella Comercial - Frutal
60534,1,Bosque de Tierra Firme,TF2,3b,654,NO,Fabaceae,Inga sapindoides Willd.,Inga,sapindoides,0,0,0,0,0,,0,2014-01-11,2014,25.241435483870973,942.7900000000003,Inga,Ingeniero del Suelo - Fijador N
60539,1,Bosque de Tierra Firme,TF2,4a,661,NO,Euphorbiaceae,Hevea guianensis Aubl.,Hevea,guianensis,0,0,0,0,0,,0,2014-01-11,2014,25.241435483870973,942.7900000000003,Hevea,Estrella Comercial - Industrial
60542,1,Bosque de Tierra Firme,TF2,4a,664,NO,Sapotaceae,Pouteria sp. 3,Pouteria,sp,0,0,0,0,0,,0,2014-01-11,2014,25.241435483870973,942.7900000000003,Pouteria,Estrella Comercial - Frutal
60546,1,Bosque de Tierra Firme,TF2,4a,669,NO,Fabaceae,Tachigali vasquezii Pipoly,Tachigali,vasquezii,0,0,0,0,0,,0,2014-01-11,2014,25.241435483870973,942.7900000000003,Tachigali,Ingeniero del Suelo - Fijador N
60554,1,Bosque de Tierra Firme,TF2,4b,681,NO,Malvaceae,Theobroma speciosum Willd. ex Spreng.,Theobroma,speciosum,0,0,0,0,0,,0,2014-01-11,2014,25.241435483870973,942.7900000000003,Theobroma,Estrella Comercial - Frutal
60569,1,Bosque de Tierra Firme,TF2,5a,698,NO,Meliaceae,Cedrela fissilis Vell.,Cedrela,fissilis,0,0,0,0,0,,0,2014-01-11,2014,25.241435483870973,942.7900000000003,Cedrela,Caja Fuerte - Maderable
60607,1,Bosque de Tierra Firme,TF3,2b,746,NO,Euphorbiaceae,Hevea guianensis Aubl.,Hevea,guianensis,0,0,0,0,0,,0,2014-01-18,2014,25.241435483870973,942.7900000000003,Hevea,Estrella Comercial - Industrial
60610,1,Bosque de Tierra Firme,TF3,2b,749,NO,Fabaceae,Cedrelinga catenaeformis (Ducke) Ducke,Cedrelinga,catenaeformis,0,0,0,0,0,,0,2014-01-18,2014,25.241435483870973,942.7900000000003,Cedrelinga,Caja Fuerte - Maderable / Fijador N
60613,1,Bosque de Tierra Firme,TF3,3a,756,NO,Fabaceae,Inga alba (Sw.) Willd.,Inga,alba,0,0,0,0,0,,0,2014-01-18,2014,25.241435483870973,942.7900000000003,Inga,Ingeniero del Suelo - Fijador N
60620,1,Bosque de Tierra Firme,TF3,4a,765,NO,Apocynaceae,Aspidosperma vargasii A.DC.,Aspidosperma,vargasii,0,0,0,0,0,,0,2014-01-18,2014,25.241435483870973,942.7900000000003,Aspidosperma,Caja Fuerte - Maderable
60629,1,Bosque de Tierra Firme,TF3,4b,777,NO,Euphorbiaceae,Hevea guianensis Aubl.,Hevea,guianensis,0,0,0,0,0,liana,0,2014-01-18,2014,25.241435483870973,942.7900000000003,Hevea,Estrella Comercial - Industrial
60635,1,Bosque de Tierra Firme,TF3,5a,785,NO,Fabaceae,Copaifera reticulata Ducke,Copaifera,reticulata,0,0,0,0,0,desfoliado,0,2014-01-18,2014,25.241435483870973,942.7900000000003,Copaifera,Estrella Comercial - Industrial
60639,1,Bosque de Tierra Firme,TF3,5a,790,NO,Euphorbiaceae,Hevea guianensis Aubl.,Hevea,guianensis,0,0,1,1,0,,1,2014-01-18,2014,25.241435483870973,942.7900000000003,Hevea,Estrella Comercial - Industrial
60644,1,Bosque de Tierra Firme,TF3,5b,796,NO,Fabaceae,Copaifera reticulata Ducke,Copaifera,reticulata,0,0,0,0,0,,0,2014-01-18,2014,25.241435483870973,942.7900000000003,Copaifera,Estrella Comercial - Industrial
60652,1,Bosque de Tierra Firme,TF4,1a,807,NO,Euphorbiaceae,Hevea guianensis Aubl.,Hevea,guianensis,0,0,0,0,0,,0,2014-01-18,2014,25.241435483870973,942.7900000000003,Hevea,Estrella Comercial - Industrial
60656,1,Bosque de Tierra Firme,TF4,1a,811,NO,Euphorbiaceae,Hevea guianensis Aubl.,Hevea,guianensis,0,0,0,0,0,,0,2014-01-18,2014,25.241435483870973,942.7900000000003,Hevea,Estrella Comercial - Industrial
60662,1,Bosque de Tierra Firme,TF4,1b,817,NO,Sapotaceae,Pouteria pariry (Ducke) Baehni,Pouteria,pariry,2,0,0,0,0,,1,2014-01-18,2014,25.241435483870973,942.7900000000003,Pouteria,Estrella Comercial - Frutal
60665,1,Bosque de Tierra Firme,TF4,1b,820,NO,Olacaceae,Aptandra tubicina (Poepp.) Benth. ex Miers,Aptandra,tubicina,0,0,0,0,0,,0,2014-01-18,2014,25.241435483870973,942.7900000000003,Aptandra,Ingeniero del Suelo - Pionera
60685,1,Bosque de Tierra Firme,TF4,2a,840,NO,Fabaceae,Inga stipularis DC.,Inga,stipularis,0,0,0,0,0,,0,2014-01-18,2014,25.241435483870973,942.7900000000003,Inga,Ingeniero del Suelo - Fijador N
60706,1,Bosque de Tierra Firme,TF4,3a,867,NO,Fabaceae,Inga punctata Willd.,Inga,punctata,0,0,0,0,0,,0,2014-01-18,2014,25.241435483870973,942.7900000000003,Inga,Ingeniero del Suelo - Fijador N
60714,1,Bosque de Tierra Firme,TF4,3a,876,NO,Bignonaceae,Jacaranda copaia (Aubl.) D.Don,Jacaranda,copaia,0,0,0,0,0,,0,2014-01-18,2014,25.241435483870973,942.7900000000003,Jacaranda,Ingeniero del Suelo - Pionera
60721,1,Bosque de Tierra Firme,TF4,3b,884,NO,Apocynaceae,Aspidosperma nitidum Benth. ex Müll.Arg.,Aspidosperma,nitidum,0,0,0,0,0,,0,2014-01-18,2014,25.241435483870973,942.7900000000003,Aspidosperma,Caja Fuerte - Maderable
60728,1,Bosque de Tierra Firme,TF4,3b,891,NO,Sapotaceae,Pouteria tarapotensis (Eichler ex Pierre) Baehni,Pouteria,tarapotensis,0,0,0,0,0,,0,2014-01-18,2014,25.241435483870973,942.7900000000003,Pouteria,Estrella Comercial - Frutal
60740,1,Bosque de Tierra Firme,TF5,1a,903,NO,Sapotaceae,Pouteria procera (Mart.) K.Hammer,Pouteria,procera,0,0,3,1,0,,1,2014-01-11,2014,25.241435483870973,942.7900000000003,Pouteria,Estrella Comercial - Frutal
60746,1,Bosque de Tierra Firme,TF5,1a,911,NO,Fabaceae,Inga auristellae Harms,Inga,auristellae,0,0,0,0,0,,0,2014-01-11,2014,25.241435483870973,942.7900000000003,Inga,Ingeniero del Suelo - Fijador N
60750,1,Bosque de Tierra Firme,TF5,1b,915,NO,Fabaceae,Inga sp. 2,Inga,sp,0,0,0,0,0,,0,2014-01-11,2014,25.241435483870973,942.7900000000003,Inga,Ingeniero del Suelo - Fijador N
60753,1,Bosque de Tierra Firme,TF5,1b,918,NO,Fabaceae,Inga cordistipula Mart.,Inga,cordistipula,0,0,0,0,0,,0,2014-01-11,2014,25.241435483870973,942.7900000000003,Inga,Ingeniero del Suelo - Fijador N
60757,1,Bosque de Tierra Firme,TF5,2a,923,NO,Malvaceae,Theobroma speciosum Willd. ex Spreng.,Theobroma,speciosum,0,0,0,0,0,,0,2014-01-11,2014,25.241435483870973,942.7900000000003,Theobroma,Estrella Comercial - Frutal
60763,1,Bosque de Tierra Firme,TF5,2a,930,NO,Apocynaceae,Aspidosperma rigidum Rusby,Aspidosperma,rigidum,0,0,0,0,0,,0,2014-01-11,2014,25.241435483870973,942.7900000000003,Aspidosperma,Caja Fuerte - Maderable
60764,1,Bosque de Tierra Firme,TF5,2b,934,NO,Fabaceae,Dipteryx micrantha Harms,Dipteryx,micrantha,0,0,0,0,0,,0,2014-01-11,2014,25.241435483870973,942.7900000000003,Dipteryx,Estrella Comercial - Industrial
60771,1,Bosque de Tierra Firme,TF5,3a,942,NO,Fabaceae,Inga edulis Mart.,Inga,edulis,0,0,2,0,0,,1,2014-01-11,2014,25.241435483870973,942.7900000000003,Inga,Ingeniero del Suelo - Fijador N
60775,1,Bosque de Tierra Firme,TF5,3a,946,NO,Fabaceae,Inga sp. 2,Inga,sp,0,0,2,0,0,,1,2014-01-11,2014,25.241435483870973,942.7900000000003,Inga,Ingeniero del Suelo - Fijador N
60783,1,Bosque de Tierra Firme,TF5,3b,959,NO,Fabaceae,Inga sp. 2,Inga,sp,0,0,0,0,0,,0,2014-01-11,2014,25.241435483870973,942.7900000000003,Inga,Ingeniero del Suelo - Fijador N
60789,1,Bosque de Tierra Firme,TF5,4a,968,NO,Sapotaceae,Pouteria sp. 3,Pouteria,sp,0,0,0,0,0,,0,2014-01-11,2014,25.241435483870973,942.7900000000003,Pouteria,Estrella Comercial - Frutal
60791,1,Bosque de Tierra Firme,TF5,4a,970,NO,Sapotaceae,Pouteria procera (Mart.) K.Hammer,Pouteria,procera,0,0,0,0,0,,0,2014-01-11,2014,25.241435483870973,942.7900000000003,Pouteria,Estrella Comercial - Frutal
60799,1,Bosque de Tierra Firme,TF5,4b,983,NO,Bignonaceae,Jacaranda copaia subsp. spectabilis (Mart. ex DC.) A.H.Gentry,Jacaranda,copaia subsp. spectabilis,0,0,0,0,0,,0,2014-01-11,2014,25.241435483870973,942.7900000000003,Jacaranda,Ingeniero del Suelo - Pionera
60802,1,Bosque de Tierra Firme,TF5,4b,986,NO,Sapotaceae,Pouteria tarapotensis (Eichler ex Pierre) Baehni,Pouteria,tarapotensis,0,0,0,0,0,,0,2014-01-11,2014,25.241435483870973,942.7900000000003,Pouteria,Estrella Comercial - Frutal
60803,1,Bosque de Tierra Firme,TF5,4b,988,NO,Moraceae,Brosimum acutifolium subsp. obovatum (Ducke) C.C.Berg,Brosimum,acutifolium subsp. obovatum,0,0,0,0,0,,0,2014-01-11,2014,25.241435483870973,942.7900000000003,Brosimum,Caja Fuerte - Maderable
60805,1,Bosque de Tierra Firme,TF5,4b,990,NO,Sapotaceae,Pouteria tarapotensis (Eichler ex Pierre) Baehni,Pouteria,tarapotensis,0,0,1,0,0,,1,2014-01-11,2014,25.241435483870973,942.7900000000003,Pouteria,Estrella Comercial - Frutal
60815,1,Bosque de Tierra Firme,TF5,5a,994A,NO,Apocynaceae,Aspidosperma rigidum Rusby,Aspidosperma,rigidum,0,0,0,0,0,,0,2014-01-11,2014,25.241435483870973,942.7900000000003,Aspidosperma,Caja Fuerte - Maderable
60818,1,Bosque de Tierra Firme,TF5,5b,998,NO,Fabaceae,Swartzia myrtifolia Sm.,Swartzia,myrtifolia,0,0,0,0,0,,0,2014-01-11,2014,25.241435483870973,942.7900000000003,Swartzia,Ingeniero del Suelo - Fijador N
60821,1,Bosque de Tierra Firme,TF5,5b,958A,NO,Apocynaceae,Aspidosperma vargasii A.DC.,Aspidosperma,vargasii,0,0,0,0,0,,0,2014-01-11,2014,25.241435483870973,942.7900000000003,Aspidosperma,Caja Fuerte - Maderable
61737,3,Bosque de Tierra Firme,TF1,1a,501,NO,Fabaceae,Swartzia myrtifolia Sm.,Swartzia,myrtifolia,3,0,0,0,0,,1,2014-03-06,2014,25.897951612903224,375.90000000000003,Swartzia,Ingeniero del Suelo - Fijador N
61740,3,Bosque de Tierra Firme,TF1,1a,504,NO,Fabaceae,Swartzia tomentifera (Ducke) Ducke,Swartzia,tomentifera,0,0,0,0,0,,0,2014-03-06,2014,25.897951612903224,375.90000000000003,Swartzia,Ingeniero del Suelo - Fijador N
61742,3,Bosque de Tierra Firme,TF1,1a,506,NO,Apocynaceae,Aspidosperma nitidum Benth. ex Müll.Arg.,Aspidosperma,nitidum,0,0,0,0,0,,0,2014-03-06,2014,25.897951612903224,375.90000000000003,Aspidosperma,Caja Fuerte - Maderable
61748,3,Bosque de Tierra Firme,TF1,1b,512,NO,Sapotaceae,Pouteria procera (Mart.) K.Hammer,Pouteria,procera,0,0,0,0,0,desfoliado,0,2014-03-06,2014,25.897951612903224,375.90000000000003,Pouteria,Estrella Comercial - Frutal
61749,3,Bosque de Tierra Firme,TF1,1b,513,NO,Euphorbiaceae,Croton sp.,Croton,sp,0,0,0,0,0,desfoliado,0,2014-03-06,2014,25.897951612903224,375.90000000000003,Croton,Estrella Comercial - Industrial
61759,3,Bosque de Tierra Firme,TF1,2b,528,NO,Fabaceae,Erythrina ulei Harms,Erythrina,ulei,0,0,0,0,0,hojas nuevas,0,2014-03-06,2014,25.897951612903224,375.90000000000003,Erythrina,Ingeniero del Suelo - Fijador N
61760,3,Bosque de Tierra Firme,TF1,2b,529,NO,Fabaceae,Erythrina ulei Harms,Erythrina,ulei,0,0,0,0,0,hojas nuevas,0,2014-03-06,2014,25.897951612903224,375.90000000000003,Erythrina,Ingeniero del Suelo - Fijador N
61771,3,Bosque de Tierra Firme,TF1,3b,547,NO,Fabaceae,Erythrina ulei Harms,Erythrina,ulei,0,0,0,0,0,,0,2014-03-06,2014,25.897951612903224,375.90000000000003,Erythrina,Ingeniero del Suelo - Fijador N
61779,3,Bosque de Tierra Firme,TF1,4b,559,NO,Sapotaceae,Pouteria pariry (Ducke) Baehni,Pouteria,pariry,0,0,0,0,0,,0,2014-03-06,2014,25.897951612903224,375.90000000000003,Pouteria,Estrella Comercial - Frutal
61782,3,Bosque de Tierra Firme,TF1,5a,564,NO,Fabaceae,Hymenaea courbaril L.,Hymenaea,courbaril,0,0,0,2,0,,1,2014-03-06,2014,25.897951612903224,375.90000000000003,Hymenaea,Estrella Comercial - Frutal
61795,3,Bosque de Tierra Firme,TF1,6a,580,NO,Sapotaceae,Pouteria sp. 3,Pouteria,sp,0,0,0,0,0,,0,2014-03-06,2014,25.897951612903224,375.90000000000003,Pouteria,Estrella Comercial - Frutal
61796,3,Bosque de Tierra Firme,TF1,6a,581,NO,Fabaceae,Swartzia myrtifolia Sm.,Swartzia,myrtifolia,0,0,0,0,0,,0,2014-03-06,2014,25.897951612903224,375.90000000000003,Swartzia,Ingeniero del Suelo - Fijador N
61799,3,Bosque de Tierra Firme,TF1,6b,589,NO,Fabaceae,Hymenaea courbaril L.,Hymenaea,courbaril,0,0,0,3,0,,1,2014-03-06,2014,25.897951612903224,375.90000000000003,Hymenaea,Estrella Comercial - Frutal
61816,3,Bosque de Tierra Firme,TF2,1b,614,NO,Fabaceae,Copaifera reticulata Ducke,Copaifera,reticulata,0,0,0,0,0,,0,2014-03-07,2014,25.897951612903224,375.90000000000003,Copaifera,Estrella Comercial - Industrial
61819,3,Bosque de Tierra Firme,TF2,1b,617,NO,Sapotaceae,Pouteria sp. 2,Pouteria,sp,0,0,0,0,0,,0,2014-03-07,2014,25.897951612903224,375.90000000000003,Pouteria,Estrella Comercial - Frutal
61825,3,Bosque de Tierra Firme,TF2,1b,624,NO,Euphorbiaceae,Hevea guianensis Aubl.,Hevea,guianensis,0,0,0,0,0,,0,2014-03-07,2014,25.897951612903224,375.90000000000003,Hevea,Estrella Comercial - Industrial
61830,3,Bosque de Tierra Firme,TF2,2a,629,NO,Euphorbiaceae,Hevea guianensis Aubl.,Hevea,guianensis,0,0,0,0,0,,0,2014-03-07,2014,25.897951612903224,375.90000000000003,Hevea,Estrella Comercial - Industrial
61837,3,Bosque de Tierra Firme,TF2,2b,638,NO,Moraceae,Brosimum rubescens Taub.,Brosimum,rubescens,0,0,0,0,0,,0,2014-03-07,2014,25.897951612903224,375.90000000000003,Brosimum,Caja Fuerte - Maderable
61843,3,Bosque de Tierra Firme,TF2,3a,648,NO,Sapotaceae,Pouteria torta (Mart.) Radlk.,Pouteria,torta,0,0,0,0,0,,0,2014-03-07,2014,25.897951612903224,375.90000000000003,Pouteria,Estrella Comercial - Frutal
61848,3,Bosque de Tierra Firme,TF2,3b,654,NO,Fabaceae,Inga sapindoides Willd.,Inga,sapindoides,0,0,0,0,0,,0,2014-03-07,2014,25.897951612903224,375.90000000000003,Inga,Ingeniero del Suelo - Fijador N
61853,3,Bosque de Tierra Firme,TF2,4a,661,NO,Euphorbiaceae,Hevea guianensis Aubl.,Hevea,guianensis,0,0,0,0,0,,0,2014-03-07,2014,25.897951612903224,375.90000000000003,Hevea,Estrella Comercial - Industrial
61856,3,Bosque de Tierra Firme,TF2,4a,664,NO,Sapotaceae,Pouteria sp. 3,Pouteria,sp,0,0,0,0,0,,0,2014-03-07,2014,25.897951612903224,375.90000000000003,Pouteria,Estrella Comercial - Frutal
61860,3,Bosque de Tierra Firme,TF2,4a,669,NO,Fabaceae,Tachigali vasquezii Pipoly,Tachigali,vasquezii,0,0,0,0,0,,0,2014-03-07,2014,25.897951612903224,375.90000000000003,Tachigali,Ingeniero del Suelo - Fijador N
61868,3,Bosque de Tierra Firme,TF2,4b,681,NO,Malvaceae,Theobroma speciosum Willd. ex Spreng.,Theobroma,speciosum,0,0,0,0,0,,0,2014-03-07,2014,25.897951612903224,375.90000000000003,Theobroma,Estrella Comercial - Frutal
61883,3,Bosque de Tierra Firme,TF2,5a,698,NO,Meliaceae,Cedrela fissilis Vell.,Cedrela,fissilis,0,0,0,0,0,,0,2014-03-07,2014,25.897951612903224,375.90000000000003,Cedrela,Caja Fuerte - Maderable
61921,3,Bosque de Tierra Firme,TF3,2b,746,NO,Euphorbiaceae,Hevea guianensis Aubl.,Hevea,guianensis,0,0,0,0,0,,0,2014-03-10,2014,25.897951612903224,375.90000000000003,Hevea,Estrella Comercial - Industrial
61924,3,Bosque de Tierra Firme,TF3,2b,749,NO,Fabaceae,Cedrelinga catenaeformis (Ducke) Ducke,Cedrelinga,catenaeformis,0,0,0,0,0,,0,2014-03-10,2014,25.897951612903224,375.90000000000003,Cedrelinga,Caja Fuerte - Maderable / Fijador N
61927,3,Bosque de Tierra Firme,TF3,3a,756,NO,Fabaceae,Inga alba (Sw.) Willd.,Inga,alba,0,0,0,0,0,,0,2014-03-10,2014,25.897951612903224,375.90000000000003,Inga,Ingeniero del Suelo - Fijador N
61934,3,Bosque de Tierra Firme,TF3,4a,765,NO,Apocynaceae,Aspidosperma vargasii A.DC.,Aspidosperma,vargasii,0,0,0,0,0,,0,2014-03-10,2014,25.897951612903224,375.90000000000003,Aspidosperma,Caja Fuerte - Maderable
61943,3,Bosque de Tierra Firme,TF3,4b,777,NO,Euphorbiaceae,Hevea guianensis Aubl.,Hevea,guianensis,0,0,0,0,0,liana,0,2014-03-10,2014,25.897951612903224,375.90000000000003,Hevea,Estrella Comercial - Industrial
61949,3,Bosque de Tierra Firme,TF3,5a,785,NO,Fabaceae,Copaifera reticulata Ducke,Copaifera,reticulata,0,0,0,0,0,desfoliando,0,2014-03-10,2014,25.897951612903224,375.90000000000003,Copaifera,Estrella Comercial - Industrial
61953,3,Bosque de Tierra Firme,TF3,5a,790,NO,Euphorbiaceae,Hevea guianensis Aubl.,Hevea,guianensis,0,0,0,0,0,,0,2014-03-10,2014,25.897951612903224,375.90000000000003,Hevea,Estrella Comercial - Industrial
61958,3,Bosque de Tierra Firme,TF3,5b,796,NO,Fabaceae,Copaifera reticulata Ducke,Copaifera,reticulata,0,0,0,0,0,,0,2014-03-10,2014,25.897951612903224,375.90000000000003,Copaifera,Estrella Comercial - Industrial
61966,3,Bosque de Tierra Firme,TF4,1a,807,NO,Euphorbiaceae,Hevea guianensis Aubl.,Hevea,guianensis,0,0,0,0,0,,0,2014-03-10,2014,25.897951612903224,375.90000000000003,Hevea,Estrella Comercial - Industrial
61970,3,Bosque de Tierra Firme,TF4,1a,811,NO,Euphorbiaceae,Hevea guianensis Aubl.,Hevea,guianensis,0,0,0,0,0,,0,2014-03-10,2014,25.897951612903224,375.90000000000003,Hevea,Estrella Comercial - Industrial
61976,3,Bosque de Tierra Firme,TF4,1b,817,NO,Sapotaceae,Pouteria pariry (Ducke) Baehni,Pouteria,pariry,3,0,0,0,0,,1,2014-03-10,2014,25.897951612903224,375.90000000000003,Pouteria,Estrella Comercial - Frutal
61979,3,Bosque de Tierra Firme,TF4,1b,820,NO,Olacaceae,Aptandra tubicina (Poepp.) Benth. ex Miers,Aptandra,tubicina,0,0,0,0,0,,0,2014-03-10,2014,25.897951612903224,375.90000000000003,Aptandra,Ingeniero del Suelo - Pionera
61999,3,Bosque de Tierra Firme,TF4,2a,840,NO,Fabaceae,Inga stipularis DC.,Inga,stipularis,0,0,0,0,0,,0,2014-03-10,2014,25.897951612903224,375.90000000000003,Inga,Ingeniero del Suelo - Fijador N
62020,3,Bosque de Tierra Firme,TF4,3a,867,NO,Fabaceae,Inga punctata Willd.,Inga,punctata,0,0,0,0,0,,0,2014-03-10,2014,25.897951612903224,375.90000000000003,Inga,Ingeniero del Suelo - Fijador N
62028,3,Bosque de Tierra Firme,TF4,3a,876,NO,Bignonaceae,Jacaranda copaia (Aubl.) D.Don,Jacaranda,copaia,0,0,0,0,0,,0,2014-03-10,2014,25.897951612903224,375.90000000000003,Jacaranda,Ingeniero del Suelo - Pionera
62035,3,Bosque de Tierra Firme,TF4,3b,884,NO,Apocynaceae,Aspidosperma nitidum Benth. ex Müll.Arg.,Aspidosperma,nitidum,0,0,0,0,0,,0,2014-03-10,2014,25.897951612903224,375.90000000000003,Aspidosperma,Caja Fuerte - Maderable
62042,3,Bosque de Tierra Firme,TF4,3b,891,NO,Sapotaceae,Pouteria tarapotensis (Eichler ex Pierre) Baehni,Pouteria,tarapotensis,0,0,0,0,0,,0,2014-03-10,2014,25.897951612903224,375.90000000000003,Pouteria,Estrella Comercial - Frutal
62054,3,Bosque de Tierra Firme,TF5,1a,903,NO,Sapotaceae,Pouteria procera (Mart.) K.Hammer,Pouteria,procera,0,0,2,1,1,,1,2014-03-04,2014,25.897951612903224,375.90000000000003,Pouteria,Estrella Comercial - Frutal
62060,3,Bosque de Tierra Firme,TF5,1a,911,NO,Fabaceae,Inga auristellae Harms,Inga,auristellae,3,2,0,0,0,,1,2014-03-04,2014,25.897951612903224,375.90000000000003,Inga,Ingeniero del Suelo - Fijador N
62064,3,Bosque de Tierra Firme,TF5,1b,915,NO,Fabaceae,Inga sp. 2,Inga,sp,0,0,0,0,0,,0,2014-03-04,2014,25.897951612903224,375.90000000000003,Inga,Ingeniero del Suelo - Fijador N
62067,3,Bosque de Tierra Firme,TF5,1b,918,NO,Fabaceae,Inga cordistipula Mart.,Inga,cordistipula,0,0,0,0,0,,0,2014-03-04,2014,25.897951612903224,375.90000000000003,Inga,Ingeniero del Suelo - Fijador N
62071,3,Bosque de Tierra Firme,TF5,2a,923,NO,Malvaceae,Theobroma speciosum Willd. ex Spreng.,Theobroma,speciosum,0,0,0,0,0,,0,2014-03-04,2014,25.897951612903224,375.90000000000003,Theobroma,Estrella Comercial - Frutal
62077,3,Bosque de Tierra Firme,TF5,2a,930,NO,Apocynaceae,Aspidosperma rigidum Rusby,Aspidosperma,rigidum,0,0,2,0,0,,1,2014-03-04,2014,25.897951612903224,375.90000000000003,Aspidosperma,Caja Fuerte - Maderable
62078,3,Bosque de Tierra Firme,TF5,2b,934,NO,Fabaceae,Dipteryx micrantha Harms,Dipteryx,micrantha,0,0,1,0,0,,1,2014-03-04,2014,25.897951612903224,375.90000000000003,Dipteryx,Estrella Comercial - Industrial
62085,3,Bosque de Tierra Firme,TF5,3a,942,NO,Fabaceae,Inga edulis Mart.,Inga,edulis,0,0,2,1,0,,1,2014-03-04,2014,25.897951612903224,375.90000000000003,Inga,Ingeniero del Suelo - Fijador N
62089,3,Bosque de Tierra Firme,TF5,3a,946,NO,Fabaceae,Inga sp. 2,Inga,sp,0,0,2,1,0,,1,2014-03-04,2014,25.897951612903224,375.90000000000003,Inga,Ingeniero del Suelo - Fijador N
62097,3,Bosque de Tierra Firme,TF5,3b,959,NO,Fabaceae,Inga sp. 2,Inga,sp,0,0,0,0,0,,0,2014-03-04,2014,25.897951612903224,375.90000000000003,Inga,Ingeniero del Suelo - Fijador N
62103,3,Bosque de Tierra Firme,TF5,4a,968,NO,Sapotaceae,Pouteria sp. 3,Pouteria,sp,0,0,0,0,0,,0,2014-03-04,2014,25.897951612903224,375.90000000000003,Pouteria,Estrella Comercial - Frutal
62105,3,Bosque de Tierra Firme,TF5,4a,970,NO,Sapotaceae,Pouteria procera (Mart.) K.Hammer,Pouteria,procera,0,0,0,0,0,,0,2014-03-04,2014,25.897951612903224,375.90000000000003,Pouteria,Estrella Comercial - Frutal
62113,3,Bosque de Tierra Firme,TF5,4b,983,NO,Bignonaceae,Jacaranda copaia subsp. spectabilis (Mart. ex DC.) A.H.Gentry,Jacaranda,copaia subsp. spectabilis,0,0,0,0,0,,0,2014-03-04,2014,25.897951612903224,375.90000000000003,Jacaranda,Ingeniero del Suelo - Pionera
62116,3,Bosque de Tierra Firme,TF5,4b,986,NO,Sapotaceae,Pouteria tarapotensis (Eichler ex Pierre) Baehni,Pouteria,tarapotensis,0,0,1,0,0,,1,2014-03-04,2014,25.897951612903224,375.90000000000003,Pouteria,Estrella Comercial - Frutal
62117,3,Bosque de Tierra Firme,TF5,4b,988,NO,Moraceae,Brosimum acutifolium subsp. obovatum (Ducke) C.C.Berg,Brosimum,acutifolium subsp. obovatum,0,0,0,0,0,,0,2014-03-04,2014,25.897951612903224,375.90000000000003,Brosimum,Caja Fuerte - Maderable
62119,3,Bosque de Tierra Firme,TF5,4b,990,NO,Sapotaceae,Pouteria tarapotensis (Eichler ex Pierre) Baehni,Pouteria,tarapotensis,0,0,1,0,0,,1,2014-03-04,2014,25.897951612903224,375.90000000000003,Pouteria,Estrella Comercial - Frutal
62129,3,Bosque de Tierra Firme,TF5,5a,994A,NO,Apocynaceae,Aspidosperma rigidum Rusby,Aspidosperma,rigidum,0,0,0,0,0,,0,2014-03-04,2014,25.897951612903224,375.90000000000003,Aspidosperma,Caja Fuerte - Maderable
62132,3,Bosque de Tierra Firme,TF5,5b,998,NO,Fabaceae,Swartzia myrtifolia Sm.,Swartzia,myrtifolia,0,0,0,0,0,,0,2014-03-04,2014,25.897951612903224,375.90000000000003,Swartzia,Ingeniero del Suelo - Fijador N
62135,3,Bosque de Tierra Firme,TF5,5b,958A,NO,Apocynaceae,Aspidosperma vargasii A.DC.,Aspidosperma,vargasii,0,0,0,0,0,,0,2014-03-04,2014,25.897951612903224,375.90000000000003,Aspidosperma,Caja Fuerte - Maderable
63058,10,Bosque de Tierra Firme,TF1,1a,501,NO,Fabaceae,Swartzia myrtifolia Sm.,Swartzia,myrtifolia,0,0,0,0,0,,0,2015-10-30,2015,25.279048387096772,242.22,Swartzia,Ingeniero del Suelo - Fijador N
63061,10,Bosque de Tierra Firme,TF1,1a,504,NO,Fabaceae,Swartzia tomentifera (Ducke) Ducke,Swartzia,tomentifera,0,0,0,0,0,,0,2015-10-30,2015,25.279048387096772,242.22,Swartzia,Ingeniero del Suelo - Fijador N
63063,10,Bosque de Tierra Firme,TF1,1a,506,NO,Apocynaceae,Aspidosperma nitidum Benth. ex Müll.Arg.,Aspidosperma,nitidum,0,0,0,0,0,,0,2015-10-30,2015,25.279048387096772,242.22,Aspidosperma,Caja Fuerte - Maderable
63069,10,Bosque de Tierra Firme,TF1,1b,512,NO,Sapotaceae,Pouteria procera (Mart.) K.Hammer,Pouteria,procera,0,0,0,0,0,,0,2015-10-30,2015,25.279048387096772,242.22,Pouteria,Estrella Comercial - Frutal
63070,10,Bosque de Tierra Firme,TF1,1b,513,NO,Euphorbiaceae,Croton sp.,Croton,sp,0,0,0,0,0,muerto,0,2015-10-30,2015,25.279048387096772,242.22,Croton,Estrella Comercial - Industrial
63080,10,Bosque de Tierra Firme,TF1,2b,528,NO,Fabaceae,Erythrina ulei Harms,Erythrina,ulei,0,0,0,0,0,desfoliado,0,2015-10-30,2015,25.279048387096772,242.22,Erythrina,Ingeniero del Suelo - Fijador N
63081,10,Bosque de Tierra Firme,TF1,2b,529,NO,Fabaceae,Erythrina ulei Harms,Erythrina,ulei,0,0,0,0,0,desfoliado,0,2015-10-30,2015,25.279048387096772,242.22,Erythrina,Ingeniero del Suelo - Fijador N
63092,10,Bosque de Tierra Firme,TF1,3b,547,NO,Fabaceae,Erythrina ulei Harms,Erythrina,ulei,0,0,0,0,0,,0,2015-10-30,2015,25.279048387096772,242.22,Erythrina,Ingeniero del Suelo - Fijador N
63100,10,Bosque de Tierra Firme,TF1,4b,559,NO,Sapotaceae,Pouteria pariry (Ducke) Baehni,Pouteria,pariry,0,0,0,0,0,desfoliando,0,2015-10-30,2015,25.279048387096772,242.22,Pouteria,Estrella Comercial - Frutal
63103,10,Bosque de Tierra Firme,TF1,5a,564,NO,Fabaceae,Hymenaea courbaril L.,Hymenaea,courbaril,0,0,0,0,0,,0,2015-10-30,2015,25.279048387096772,242.22,Hymenaea,Estrella Comercial - Frutal
63116,10,Bosque de Tierra Firme,TF1,6a,580,NO,Sapotaceae,Pouteria sp. 3,Pouteria,sp,0,0,0,0,0,,0,2015-10-30,2015,25.279048387096772,242.22,Pouteria,Estrella Comercial - Frutal
63117,10,Bosque de Tierra Firme,TF1,6a,581,NO,Fabaceae,Swartzia myrtifolia Sm.,Swartzia,myrtifolia,0,0,0,0,0,,0,2015-10-30,2015,25.279048387096772,242.22,Swartzia,Ingeniero del Suelo - Fijador N
63120,10,Bosque de Tierra Firme,TF1,6b,589,NO,Fabaceae,Hymenaea courbaril L.,Hymenaea,courbaril,4,0,0,3,0,,1,2015-10-30,2015,25.279048387096772,242.22,Hymenaea,Estrella Comercial - Frutal
63137,10,Bosque de Tierra Firme,TF2,1b,614,NO,Fabaceae,Copaifera reticulata Ducke,Copaifera,reticulata,0,0,0,0,0,,0,2015-10-30,2015,25.279048387096772,242.22,Copaifera,Estrella Comercial - Industrial
63140,10,Bosque de Tierra Firme,TF2,1b,617,NO,Sapotaceae,Pouteria sp. 2,Pouteria,sp,0,0,0,0,0,,0,2015-10-30,2015,25.279048387096772,242.22,Pouteria,Estrella Comercial - Frutal
63146,10,Bosque de Tierra Firme,TF2,1b,624,NO,Euphorbiaceae,Hevea guianensis Aubl.,Hevea,guianensis,0,0,0,0,0,,0,2015-10-30,2015,25.279048387096772,242.22,Hevea,Estrella Comercial - Industrial
63151,10,Bosque de Tierra Firme,TF2,2a,629,NO,Euphorbiaceae,Hevea guianensis Aubl.,Hevea,guianensis,0,0,0,0,0,,0,2015-10-30,2015,25.279048387096772,242.22,Hevea,Estrella Comercial - Industrial
63158,10,Bosque de Tierra Firme,TF2,2b,638,NO,Moraceae,Brosimum rubescens Taub.,Brosimum,rubescens,0,0,0,0,0,,0,2015-10-30,2015,25.279048387096772,242.22,Brosimum,Caja Fuerte - Maderable
63164,10,Bosque de Tierra Firme,TF2,3a,648,NO,Sapotaceae,Pouteria torta (Mart.) Radlk.,Pouteria,torta,0,0,0,0,0,,0,2015-10-30,2015,25.279048387096772,242.22,Pouteria,Estrella Comercial - Frutal
63169,10,Bosque de Tierra Firme,TF2,3b,654,NO,Fabaceae,Inga sapindoides Willd.,Inga,sapindoides,0,0,0,0,0,,0,2015-10-30,2015,25.279048387096772,242.22,Inga,Ingeniero del Suelo - Fijador N
63174,10,Bosque de Tierra Firme,TF2,4a,661,NO,Euphorbiaceae,Hevea guianensis Aubl.,Hevea,guianensis,0,0,0,0,0,,0,2015-10-30,2015,25.279048387096772,242.22,Hevea,Estrella Comercial - Industrial
63177,10,Bosque de Tierra Firme,TF2,4a,664,NO,Sapotaceae,Pouteria sp. 3,Pouteria,sp,0,0,0,0,0,,0,2015-10-30,2015,25.279048387096772,242.22,Pouteria,Estrella Comercial - Frutal
63181,10,Bosque de Tierra Firme,TF2,4a,669,NO,Fabaceae,Tachigali vasquezii Pipoly,Tachigali,vasquezii,0,0,0,0,0,,0,2015-10-30,2015,25.279048387096772,242.22,Tachigali,Ingeniero del Suelo - Fijador N
63189,10,Bosque de Tierra Firme,TF2,4b,681,NO,Malvaceae,Theobroma speciosum Willd. ex Spreng.,Theobroma,speciosum,0,0,0,0,0,,0,2015-10-30,2015,25.279048387096772,242.22,Theobroma,Estrella Comercial - Frutal
63204,10,Bosque de Tierra Firme,TF2,5a,698,NO,Meliaceae,Cedrela fissilis Vell.,Cedrela,fissilis,0,0,0,0,0,,0,2015-10-30,2015,25.279048387096772,242.22,Cedrela,Caja Fuerte - Maderable
63242,10,Bosque de Tierra Firme,TF3,2b,746,NO,Euphorbiaceae,Hevea guianensis Aubl.,Hevea,guianensis,0,0,0,0,0,,0,2015-10-30,2015,25.279048387096772,242.22,Hevea,Estrella Comercial - Industrial
63245,10,Bosque de Tierra Firme,TF3,2b,749,NO,Fabaceae,Cedrelinga catenaeformis (Ducke) Ducke,Cedrelinga,catenaeformis,0,0,0,0,0,,0,2015-10-30,2015,25.279048387096772,242.22,Cedrelinga,Caja Fuerte - Maderable / Fijador N
63248,10,Bosque de Tierra Firme,TF3,3a,756,NO,Fabaceae,Inga alba (Sw.) Willd.,Inga,alba,0,2,0,0,0,,1,2015-10-30,2015,25.279048387096772,242.22,Inga,Ingeniero del Suelo - Fijador N
63255,10,Bosque de Tierra Firme,TF3,4a,765,NO,Apocynaceae,Aspidosperma vargasii A.DC.,Aspidosperma,vargasii,0,0,0,0,0,,0,2015-10-30,2015,25.279048387096772,242.22,Aspidosperma,Caja Fuerte - Maderable
63264,10,Bosque de Tierra Firme,TF3,4b,777,NO,Euphorbiaceae,Hevea guianensis Aubl.,Hevea,guianensis,0,0,0,0,0,liana,0,2015-10-30,2015,25.279048387096772,242.22,Hevea,Estrella Comercial - Industrial
63270,10,Bosque de Tierra Firme,TF3,5a,785,NO,Fabaceae,Copaifera reticulata Ducke,Copaifera,reticulata,0,0,0,0,0,,0,2015-10-30,2015,25.279048387096772,242.22,Copaifera,Estrella Comercial - Industrial
63274,10,Bosque de Tierra Firme,TF3,5a,790,NO,Euphorbiaceae,Hevea guianensis Aubl.,Hevea,guianensis,0,0,0,0,0,,0,2015-10-30,2015,25.279048387096772,242.22,Hevea,Estrella Comercial - Industrial
63279,10,Bosque de Tierra Firme,TF3,5b,796,NO,Fabaceae,Copaifera reticulata Ducke,Copaifera,reticulata,0,0,0,0,0,,0,2015-10-30,2015,25.279048387096772,242.22,Copaifera,Estrella Comercial - Industrial
63287,10,Bosque de Tierra Firme,TF4,1a,807,NO,Euphorbiaceae,Hevea guianensis Aubl.,Hevea,guianensis,0,0,0,0,0,,0,2015-10-30,2015,25.279048387096772,242.22,Hevea,Estrella Comercial - Industrial
63291,10,Bosque de Tierra Firme,TF4,1a,811,NO,Euphorbiaceae,Hevea guianensis Aubl.,Hevea,guianensis,0,0,0,0,0,,0,2015-10-30,2015,25.279048387096772,242.22,Hevea,Estrella Comercial - Industrial
63297,10,Bosque de Tierra Firme,TF4,1b,817,NO,Sapotaceae,Pouteria pariry (Ducke) Baehni,Pouteria,pariry,0,0,0,0,0,,0,2015-10-30,2015,25.279048387096772,242.22,Pouteria,Estrella Comercial - Frutal
63300,10,Bosque de Tierra Firme,TF4,1b,820,NO,Olacaceae,Aptandra tubicina (Poepp.) Benth. ex Miers,Aptandra,tubicina,0,0,0,0,0,,0,2015-10-30,2015,25.279048387096772,242.22,Aptandra,Ingeniero del Suelo - Pionera
63320,10,Bosque de Tierra Firme,TF4,2a,840,NO,Fabaceae,Inga stipularis DC.,Inga,stipularis,0,0,0,0,0,desfoliando,0,2015-10-30,2015,25.279048387096772,242.22,Inga,Ingeniero del Suelo - Fijador N
63341,10,Bosque de Tierra Firme,TF4,3a,867,NO,Fabaceae,Inga punctata Willd.,Inga,punctata,2,0,0,0,0,,1,2015-10-30,2015,25.279048387096772,242.22,Inga,Ingeniero del Suelo - Fijador N
63349,10,Bosque de Tierra Firme,TF4,3a,876,NO,Bignonaceae,Jacaranda copaia (Aubl.) D.Don,Jacaranda,copaia,0,0,0,0,0,,0,2015-10-30,2015,25.279048387096772,242.22,Jacaranda,Ingeniero del Suelo - Pionera
63356,10,Bosque de Tierra Firme,TF4,3b,884,NO,Apocynaceae,Aspidosperma nitidum Benth. ex Müll.Arg.,Aspidosperma,nitidum,0,0,0,0,0,,0,2015-10-30,2015,25.279048387096772,242.22,Aspidosperma,Caja Fuerte - Maderable
63363,10,Bosque de Tierra Firme,TF4,3b,891,NO,Sapotaceae,Pouteria tarapotensis (Eichler ex Pierre) Baehni,Pouteria,tarapotensis,0,0,0,0,0,,0,2015-10-30,2015,25.279048387096772,242.22,Pouteria,Estrella Comercial - Frutal
63375,10,Bosque de Tierra Firme,TF5,1a,903,NO,Sapotaceae,Pouteria procera (Mart.) K.Hammer,Pouteria,procera,0,0,3,0,0,,1,2015-10-29,2015,25.279048387096772,242.22,Pouteria,Estrella Comercial - Frutal
63381,10,Bosque de Tierra Firme,TF5,1a,911,NO,Fabaceae,Inga auristellae Harms,Inga,auristellae,0,0,0,0,0,,0,2015-10-29,2015,25.279048387096772,242.22,Inga,Ingeniero del Suelo - Fijador N
63385,10,Bosque de Tierra Firme,TF5,1b,915,NO,Fabaceae,Inga sp. 2,Inga,sp,0,0,0,0,0,,0,2015-10-29,2015,25.279048387096772,242.22,Inga,Ingeniero del Suelo - Fijador N
63388,10,Bosque de Tierra Firme,TF5,1b,918,NO,Fabaceae,Inga cordistipula Mart.,Inga,cordistipula,0,0,0,0,0,,0,2015-10-29,2015,25.279048387096772,242.22,Inga,Ingeniero del Suelo - Fijador N
63392,10,Bosque de Tierra Firme,TF5,2a,923,NO,Malvaceae,Theobroma speciosum Willd. ex Spreng.,Theobroma,speciosum,0,0,0,0,0,,0,2015-10-29,2015,25.279048387096772,242.22,Theobroma,Estrella Comercial - Frutal
63398,10,Bosque de Tierra Firme,TF5,2a,930,NO,Apocynaceae,Aspidosperma rigidum Rusby,Aspidosperma,rigidum,3,3,0,0,0,,1,2015-10-29,2015,25.279048387096772,242.22,Aspidosperma,Caja Fuerte - Maderable
63399,10,Bosque de Tierra Firme,TF5,2b,934,NO,Fabaceae,Dipteryx micrantha Harms,Dipteryx,micrantha,0,0,0,0,0,,0,2015-10-29,2015,25.279048387096772,242.22,Dipteryx,Estrella Comercial - Industrial
63406,10,Bosque de Tierra Firme,TF5,3a,942,NO,Fabaceae,Inga edulis Mart.,Inga,edulis,0,0,0,0,0,,0,2015-10-29,2015,25.279048387096772,242.22,Inga,Ingeniero del Suelo - Fijador N
63410,10,Bosque de Tierra Firme,TF5,3a,946,NO,Fabaceae,Inga sp. 2,Inga,sp,0,0,0,0,0,muerto,0,2015-10-29,2015,25.279048387096772,242.22,Inga,Ingeniero del Suelo - Fijador N
63421,10,Bosque de Tierra Firme,TF5,3b,2632,NO,Arecaceae,Bactris gasipaes Kunth,Bactris,gasipaes,0,0,0,0,0,,0,2015-10-29,2015,25.279048387096772,242.22,Bactris,Estrella Comercial - Frutal
63424,10,Bosque de Tierra Firme,TF5,3a,965,NO,Fabaceae,Copaifera reticulata Ducke,Copaifera,reticulata,0,0,0,0,0,,0,2015-10-29,2015,25.279048387096772,242.22,Copaifera,Estrella Comercial - Industrial
63427,10,Bosque de Tierra Firme,TF5,4a,968,NO,Sapotaceae,Pouteria sp. 3,Pouteria,sp,0,0,0,0,0,,0,2015-10-29,2015,25.279048387096772,242.22,Pouteria,Estrella Comercial - Frutal
63429,10,Bosque de Tierra Firme,TF5,4a,970,NO,Sapotaceae,Pouteria procera (Mart.) K.Hammer,Pouteria,procera,0,0,0,0,0,,0,2015-10-29,2015,25.279048387096772,242.22,Pouteria,Estrella Comercial - Frutal
63432,10,Bosque de Tierra Firme,TF5,4a,973,NO,Urticaceae,Cecropia sp. 1,Cecropia,sp,0,0,0,0,0,,0,2015-10-29,2015,25.279048387096772,242.22,Cecropia,Ingeniero del Suelo - Pionera
63437,10,Bosque de Tierra Firme,TF5,4a,978,NO,Fabaceae,Swartzia myrtifolia Sm.,Swartzia,myrtifolia,0,0,0,0,0,,0,2015-10-29,2015,25.279048387096772,242.22,Swartzia,Ingeniero del Suelo - Fijador N
63441,10,Bosque de Tierra Firme,TF5,4b,983,NO,Bignonaceae,Jacaranda copaia subsp. spectabilis (Mart. ex DC.) A.H.Gentry,Jacaranda,copaia subsp. spectabilis,0,0,0,0,0,,0,2015-10-29,2015,25.279048387096772,242.22,Jacaranda,Ingeniero del Suelo - Pionera
63444,10,Bosque de Tierra Firme,TF5,4b,986,NO,Sapotaceae,Pouteria tarapotensis (Eichler ex Pierre) Baehni,Pouteria,tarapotensis,0,0,0,0,0,,0,2015-10-29,2015,25.279048387096772,242.22,Pouteria,Estrella Comercial - Frutal
63445,10,Bosque de Tierra Firme,TF5,4b,2577,NO,Fabaceae,Inga sp. 2,Inga,sp,0,0,0,0,0,,0,2015-10-29,2015,25.279048387096772,242.22,Inga,Ingeniero del Suelo - Fijador N
63446,10,Bosque de Tierra Firme,TF5,4b,988,NO,Moraceae,Brosimum acutifolium subsp. obovatum (Ducke) C.C.Berg,Brosimum,acutifolium subsp. obovatum,0,0,0,0,0,,0,2015-10-29,2015,25.279048387096772,242.22,Brosimum,Caja Fuerte - Maderable
63448,10,Bosque de Tierra Firme,TF5,4b,990,NO,Sapotaceae,Pouteria tarapotensis (Eichler ex Pierre) Baehni,Pouteria,tarapotensis,2,2,0,0,0,,1,2015-10-29,2015,25.279048387096772,242.22,Pouteria,Estrella Comercial - Frutal
63452,10,Bosque de Tierra Firme,TF5,4b,994,NO,Fabaceae,Inga sp. 2,Inga,sp,0,0,0,0,0,,0,2015-10-29,2015,25.279048387096772,242.22,Inga,Ingeniero del Suelo - Fijador N
63459,10,Bosque de Tierra Firme,TF5,5a,994A,NO,Apocynaceae,Aspidosperma rigidum Rusby,Aspidosperma,rigidum,0,0,0,0,0,,0,2015-10-29,2015,25.279048387096772,242.22,Aspidosperma,Caja Fuerte - Maderable
63462,10,Bosque de Tierra Firme,TF5,5b,998,NO,Fabaceae,Swartzia myrtifolia Sm.,Swartzia,myrtifolia,0,0,0,0,0,hojas nuevas,0,2015-10-29,2015,25.279048387096772,242.22,Swartzia,Ingeniero del Suelo - Fijador N
63465,10,Bosque de Tierra Firme,TF5,5b,958A,NO,Apocynaceae,Aspidosperma vargasii A.DC.,Aspidosperma,vargasii,0,0,0,0,0,,0,2015-10-29,2015,25.279048387096772,242.22,Aspidosperma,Caja Fuerte - Maderable
64431,11,Bosque de Tierra Firme,TF1,1a,501,NO,Fabaceae,Swartzia myrtifolia Sm.,Swartzia,myrtifolia,0,0,0,0,0,,0,2015-11-19,2015,25.846899999999994,225.76,Swartzia,Ingeniero del Suelo - Fijador N
64434,11,Bosque de Tierra Firme,TF1,1a,504,NO,Fabaceae,Swartzia tomentifera (Ducke) Ducke,Swartzia,tomentifera,0,0,0,0,0,,0,2015-11-19,2015,25.846899999999994,225.76,Swartzia,Ingeniero del Suelo - Fijador N
64436,11,Bosque de Tierra Firme,TF1,1a,506,NO,Apocynaceae,Aspidosperma nitidum Benth. ex Müll.Arg.,Aspidosperma,nitidum,0,0,0,0,0,,0,2015-11-19,2015,25.846899999999994,225.76,Aspidosperma,Caja Fuerte - Maderable
64442,11,Bosque de Tierra Firme,TF1,1b,512,NO,Sapotaceae,Pouteria procera (Mart.) K.Hammer,Pouteria,procera,0,0,0,0,0,,0,2015-11-19,2015,25.846899999999994,225.76,Pouteria,Estrella Comercial - Frutal
64443,11,Bosque de Tierra Firme,TF1,1b,513,NO,Euphorbiaceae,Croton sp.,Croton,sp,0,0,0,0,0,muerto,0,2015-11-19,2015,25.846899999999994,225.76,Croton,Estrella Comercial - Industrial
64455,11,Bosque de Tierra Firme,TF1,2b,528,NO,Fabaceae,Erythrina ulei Harms,Erythrina,ulei,0,0,0,0,0,desfoliado,0,2015-11-19,2015,25.846899999999994,225.76,Erythrina,Ingeniero del Suelo - Fijador N
64456,11,Bosque de Tierra Firme,TF1,2b,529,NO,Fabaceae,Erythrina ulei Harms,Erythrina,ulei,0,0,0,0,0,desfoliado,0,2015-11-19,2015,25.846899999999994,225.76,Erythrina,Ingeniero del Suelo - Fijador N
64467,11,Bosque de Tierra Firme,TF1,3b,547,NO,Fabaceae,Erythrina ulei Harms,Erythrina,ulei,0,0,0,0,0,desfoliado,0,2015-11-19,2015,25.846899999999994,225.76,Erythrina,Ingeniero del Suelo - Fijador N
64475,11,Bosque de Tierra Firme,TF1,4b,559,NO,Sapotaceae,Pouteria pariry (Ducke) Baehni,Pouteria,pariry,0,0,0,0,0,desfoliando,0,2015-11-19,2015,25.846899999999994,225.76,Pouteria,Estrella Comercial - Frutal
64478,11,Bosque de Tierra Firme,TF1,5a,564,NO,Fabaceae,Hymenaea courbaril L.,Hymenaea,courbaril,0,0,0,0,0,,0,2015-11-19,2015,25.846899999999994,225.76,Hymenaea,Estrella Comercial - Frutal
64491,11,Bosque de Tierra Firme,TF1,6a,580,NO,Sapotaceae,Pouteria sp. 3,Pouteria,sp,0,0,0,0,0,,0,2015-11-19,2015,25.846899999999994,225.76,Pouteria,Estrella Comercial - Frutal
64492,11,Bosque de Tierra Firme,TF1,6a,581,NO,Fabaceae,Swartzia myrtifolia Sm.,Swartzia,myrtifolia,0,0,0,0,0,,0,2015-11-19,2015,25.846899999999994,225.76,Swartzia,Ingeniero del Suelo - Fijador N
64495,11,Bosque de Tierra Firme,TF1,6b,589,NO,Fabaceae,Hymenaea courbaril L.,Hymenaea,courbaril,4,0,3,0,0,,1,2015-11-19,2015,25.846899999999994,225.76,Hymenaea,Estrella Comercial - Frutal
64512,11,Bosque de Tierra Firme,TF2,1b,614,NO,Fabaceae,Copaifera reticulata Ducke,Copaifera,reticulata,0,0,0,0,0,,0,2015-11-19,2015,25.846899999999994,225.76,Copaifera,Estrella Comercial - Industrial
64515,11,Bosque de Tierra Firme,TF2,1b,617,NO,Sapotaceae,Pouteria sp. 2,Pouteria,sp,0,0,0,0,0,,0,2015-11-19,2015,25.846899999999994,225.76,Pouteria,Estrella Comercial - Frutal
64521,11,Bosque de Tierra Firme,TF2,1b,624,NO,Euphorbiaceae,Hevea guianensis Aubl.,Hevea,guianensis,0,0,0,0,0,,0,2015-11-19,2015,25.846899999999994,225.76,Hevea,Estrella Comercial - Industrial
64526,11,Bosque de Tierra Firme,TF2,2a,629,NO,Euphorbiaceae,Hevea guianensis Aubl.,Hevea,guianensis,0,0,0,0,0,,0,2015-11-19,2015,25.846899999999994,225.76,Hevea,Estrella Comercial - Industrial
64533,11,Bosque de Tierra Firme,TF2,2b,638,NO,Moraceae,Brosimum rubescens Taub.,Brosimum,rubescens,0,0,0,0,0,,0,2015-11-19,2015,25.846899999999994,225.76,Brosimum,Caja Fuerte - Maderable
64539,11,Bosque de Tierra Firme,TF2,3a,648,NO,Sapotaceae,Pouteria torta (Mart.) Radlk.,Pouteria,torta,0,0,0,0,0,,0,2015-11-19,2015,25.846899999999994,225.76,Pouteria,Estrella Comercial - Frutal
64544,11,Bosque de Tierra Firme,TF2,3b,654,NO,Fabaceae,Inga sapindoides Willd.,Inga,sapindoides,0,0,0,0,0,,0,2015-11-19,2015,25.846899999999994,225.76,Inga,Ingeniero del Suelo - Fijador N
64549,11,Bosque de Tierra Firme,TF2,4a,661,NO,Euphorbiaceae,Hevea guianensis Aubl.,Hevea,guianensis,0,0,0,0,0,,0,2015-11-19,2015,25.846899999999994,225.76,Hevea,Estrella Comercial - Industrial
64552,11,Bosque de Tierra Firme,TF2,4a,664,NO,Sapotaceae,Pouteria sp. 3,Pouteria,sp,0,0,0,0,0,,0,2015-11-19,2015,25.846899999999994,225.76,Pouteria,Estrella Comercial - Frutal
64556,11,Bosque de Tierra Firme,TF2,4a,669,NO,Fabaceae,Tachigali vasquezii Pipoly,Tachigali,vasquezii,0,0,0,0,0,,0,2015-11-19,2015,25.846899999999994,225.76,Tachigali,Ingeniero del Suelo - Fijador N
64564,11,Bosque de Tierra Firme,TF2,4b,681,NO,Malvaceae,Theobroma speciosum Willd. ex Spreng.,Theobroma,speciosum,0,0,0,0,0,,0,2015-11-19,2015,25.846899999999994,225.76,Theobroma,Estrella Comercial - Frutal
64579,11,Bosque de Tierra Firme,TF2,5a,698,NO,Meliaceae,Cedrela fissilis Vell.,Cedrela,fissilis,0,0,0,0,0,,0,2015-11-19,2015,25.846899999999994,225.76,Cedrela,Caja Fuerte - Maderable
64617,11,Bosque de Tierra Firme,TF3,2b,746,NO,Euphorbiaceae,Hevea guianensis Aubl.,Hevea,guianensis,0,0,0,0,0,,0,2015-11-21,2015,25.846899999999994,225.76,Hevea,Estrella Comercial - Industrial
64620,11,Bosque de Tierra Firme,TF3,2b,749,NO,Fabaceae,Cedrelinga catenaeformis (Ducke) Ducke,Cedrelinga,catenaeformis,0,0,0,0,0,,0,2015-11-21,2015,25.846899999999994,225.76,Cedrelinga,Caja Fuerte - Maderable / Fijador N
64623,11,Bosque de Tierra Firme,TF3,3a,756,NO,Fabaceae,Inga alba (Sw.) Willd.,Inga,alba,0,0,0,0,0,,0,2015-11-21,2015,25.846899999999994,225.76,Inga,Ingeniero del Suelo - Fijador N
64630,11,Bosque de Tierra Firme,TF3,4a,765,NO,Apocynaceae,Aspidosperma vargasii A.DC.,Aspidosperma,vargasii,0,0,0,0,0,,0,2015-11-21,2015,25.846899999999994,225.76,Aspidosperma,Caja Fuerte - Maderable
64639,11,Bosque de Tierra Firme,TF3,4b,777,NO,Euphorbiaceae,Hevea guianensis Aubl.,Hevea,guianensis,0,0,0,0,0,liana,0,2015-11-21,2015,25.846899999999994,225.76,Hevea,Estrella Comercial - Industrial
64645,11,Bosque de Tierra Firme,TF3,5a,785,NO,Fabaceae,Copaifera reticulata Ducke,Copaifera,reticulata,0,0,0,0,0,,0,2015-11-21,2015,25.846899999999994,225.76,Copaifera,Estrella Comercial - Industrial
64649,11,Bosque de Tierra Firme,TF3,5a,790,NO,Euphorbiaceae,Hevea guianensis Aubl.,Hevea,guianensis,0,0,0,0,0,,0,2015-11-21,2015,25.846899999999994,225.76,Hevea,Estrella Comercial - Industrial
64654,11,Bosque de Tierra Firme,TF3,5b,796,NO,Fabaceae,Copaifera reticulata Ducke,Copaifera,reticulata,0,0,0,0,0,,0,2015-11-21,2015,25.846899999999994,225.76,Copaifera,Estrella Comercial - Industrial
64662,11,Bosque de Tierra Firme,TF4,1a,807,NO,Euphorbiaceae,Hevea guianensis Aubl.,Hevea,guianensis,0,0,0,0,0,,0,2015-11-21,2015,25.846899999999994,225.76,Hevea,Estrella Comercial - Industrial
64666,11,Bosque de Tierra Firme,TF4,1a,811,NO,Euphorbiaceae,Hevea guianensis Aubl.,Hevea,guianensis,0,0,0,0,0,,0,2015-11-21,2015,25.846899999999994,225.76,Hevea,Estrella Comercial - Industrial
64672,11,Bosque de Tierra Firme,TF4,1b,817,NO,Sapotaceae,Pouteria pariry (Ducke) Baehni,Pouteria,pariry,0,0,0,0,0,,0,2015-11-21,2015,25.846899999999994,225.76,Pouteria,Estrella Comercial - Frutal
64675,11,Bosque de Tierra Firme,TF4,1b,820,NO,Olacaceae,Aptandra tubicina (Poepp.) Benth. ex Miers,Aptandra,tubicina,0,0,0,0,0,,0,2015-11-21,2015,25.846899999999994,225.76,Aptandra,Ingeniero del Suelo - Pionera
64695,11,Bosque de Tierra Firme,TF4,2a,840,NO,Fabaceae,Inga stipularis DC.,Inga,stipularis,0,0,0,0,0,desfoliando,0,2015-11-21,2015,25.846899999999994,225.76,Inga,Ingeniero del Suelo - Fijador N
64716,11,Bosque de Tierra Firme,TF4,3a,867,NO,Fabaceae,Inga punctata Willd.,Inga,punctata,0,0,0,0,0,,0,2015-11-21,2015,25.846899999999994,225.76,Inga,Ingeniero del Suelo - Fijador N
64724,11,Bosque de Tierra Firme,TF4,3a,876,NO,Bignonaceae,Jacaranda copaia (Aubl.) D.Don,Jacaranda,copaia,0,0,0,0,0,,0,2015-11-21,2015,25.846899999999994,225.76,Jacaranda,Ingeniero del Suelo - Pionera
64731,11,Bosque de Tierra Firme,TF4,3b,884,NO,Apocynaceae,Aspidosperma nitidum Benth. ex Müll.Arg.,Aspidosperma,nitidum,0,0,0,0,0,,0,2015-11-21,2015,25.846899999999994,225.76,Aspidosperma,Caja Fuerte - Maderable
64738,11,Bosque de Tierra Firme,TF4,3b,891,NO,Sapotaceae,Pouteria tarapotensis (Eichler ex Pierre) Baehni,Pouteria,tarapotensis,0,0,0,0,0,,0,2015-11-21,2015,25.846899999999994,225.76,Pouteria,Estrella Comercial - Frutal
64750,11,Bosque de Tierra Firme,TF5,1a,903,NO,Sapotaceae,Pouteria procera (Mart.) K.Hammer,Pouteria,procera,0,0,3,0,0,,1,2015-11-19,2015,25.846899999999994,225.76,Pouteria,Estrella Comercial - Frutal
64756,11,Bosque de Tierra Firme,TF5,1a,911,NO,Fabaceae,Inga auristellae Harms,Inga,auristellae,0,0,0,0,0,,0,2015-11-19,2015,25.846899999999994,225.76,Inga,Ingeniero del Suelo - Fijador N
64760,11,Bosque de Tierra Firme,TF5,1b,915,NO,Fabaceae,Inga sp. 2,Inga,sp,0,0,0,0,0,,0,2015-11-19,2015,25.846899999999994,225.76,Inga,Ingeniero del Suelo - Fijador N
64763,11,Bosque de Tierra Firme,TF5,1b,918,NO,Fabaceae,Inga cordistipula Mart.,Inga,cordistipula,0,0,0,0,0,,0,2015-11-19,2015,25.846899999999994,225.76,Inga,Ingeniero del Suelo - Fijador N
64767,11,Bosque de Tierra Firme,TF5,2a,923,NO,Malvaceae,Theobroma speciosum Willd. ex Spreng.,Theobroma,speciosum,0,0,0,0,0,,0,2015-11-19,2015,25.846899999999994,225.76,Theobroma,Estrella Comercial - Frutal
64773,11,Bosque de Tierra Firme,TF5,2a,930,NO,Apocynaceae,Aspidosperma rigidum Rusby,Aspidosperma,rigidum,2,2,0,0,0,,1,2015-11-19,2015,25.846899999999994,225.76,Aspidosperma,Caja Fuerte - Maderable
64774,11,Bosque de Tierra Firme,TF5,2b,934,NO,Fabaceae,Dipteryx micrantha Harms,Dipteryx,micrantha,0,0,0,0,0,desfoliando,0,2015-11-19,2015,25.846899999999994,225.76,Dipteryx,Estrella Comercial - Industrial
64781,11,Bosque de Tierra Firme,TF5,3a,942,NO,Fabaceae,Inga edulis Mart.,Inga,edulis,0,0,0,0,0,,0,2015-11-19,2015,25.846899999999994,225.76,Inga,Ingeniero del Suelo - Fijador N
64785,11,Bosque de Tierra Firme,TF5,3a,946,NO,Fabaceae,Inga sp. 2,Inga,sp,0,0,0,0,0,muerto,0,2015-11-19,2015,25.846899999999994,225.76,Inga,Ingeniero del Suelo - Fijador N
64796,11,Bosque de Tierra Firme,TF5,3b,2632,NO,Arecaceae,Bactris gasipaes Kunth,Bactris,gasipaes,0,0,0,0,0,,0,2015-11-19,2015,25.846899999999994,225.76,Bactris,Estrella Comercial - Frutal
64799,11,Bosque de Tierra Firme,TF5,4a,965,NO,Fabaceae,Copaifera reticulata Ducke,Copaifera,reticulata,0,0,0,0,2,,0,2015-11-19,2015,25.846899999999994,225.76,Copaifera,Estrella Comercial - Industrial
64802,11,Bosque de Tierra Firme,TF5,4a,968,NO,Sapotaceae,Pouteria sp. 3,Pouteria,sp,0,0,0,0,0,,0,2015-11-19,2015,25.846899999999994,225.76,Pouteria,Estrella Comercial - Frutal
64804,11,Bosque de Tierra Firme,TF5,4a,970,NO,Sapotaceae,Pouteria procera (Mart.) K.Hammer,Pouteria,procera,0,0,0,0,0,,0,2015-11-19,2015,25.846899999999994,225.76,Pouteria,Estrella Comercial - Frutal
64807,11,Bosque de Tierra Firme,TF5,4a,973,NO,Urticaceae,Cecropia sp. 1,Cecropia,sp,0,0,0,0,0,,0,2015-11-19,2015,25.846899999999994,225.76,Cecropia,Ingeniero del Suelo - Pionera
64812,11,Bosque de Tierra Firme,TF5,4a,978,NO,Fabaceae,Swartzia myrtifolia Sm.,Swartzia,myrtifolia,0,0,0,0,0,,0,2015-11-19,2015,25.846899999999994,225.76,Swartzia,Ingeniero del Suelo - Fijador N
64816,11,Bosque de Tierra Firme,TF5,4b,983,NO,Bignonaceae,Jacaranda copaia subsp. spectabilis (Mart. ex DC.) A.H.Gentry,Jacaranda,copaia subsp. spectabilis,0,0,0,0,0,,0,2015-11-19,2015,25.846899999999994,225.76,Jacaranda,Ingeniero del Suelo - Pionera
64819,11,Bosque de Tierra Firme,TF5,4b,986,NO,Sapotaceae,Pouteria tarapotensis (Eichler ex Pierre) Baehni,Pouteria,tarapotensis,0,0,0,0,0,,0,2015-11-19,2015,25.846899999999994,225.76,Pouteria,Estrella Comercial - Frutal
64820,11,Bosque de Tierra Firme,TF5,4b,2577,NO,Fabaceae,Inga sp. 2,Inga,sp,0,0,0,0,0,,0,2015-11-19,2015,25.846899999999994,225.76,Inga,Ingeniero del Suelo - Fijador N
64821,11,Bosque de Tierra Firme,TF5,4b,988,NO,Moraceae,Brosimum acutifolium subsp. obovatum (Ducke) C.C.Berg,Brosimum,acutifolium subsp. obovatum,0,0,0,0,0,,0,2015-11-19,2015,25.846899999999994,225.76,Brosimum,Caja Fuerte - Maderable
64823,11,Bosque de Tierra Firme,TF5,4b,990,NO,Sapotaceae,Pouteria tarapotensis (Eichler ex Pierre) Baehni,Pouteria,tarapotensis,0,0,0,0,0,,0,2015-11-19,2015,25.846899999999994,225.76,Pouteria,Estrella Comercial - Frutal
64827,11,Bosque de Tierra Firme,TF5,4b,994,NO,Fabaceae,Inga sp. 2,Inga,sp,0,0,0,0,0,,0,2015-11-19,2015,25.846899999999994,225.76,Inga,Ingeniero del Suelo - Fijador N
64834,11,Bosque de Tierra Firme,TF5,5a,994A,NO,Apocynaceae,Aspidosperma rigidum Rusby,Aspidosperma,rigidum,0,0,0,0,0,,0,2015-11-19,2015,25.846899999999994,225.76,Aspidosperma,Caja Fuerte - Maderable
64837,11,Bosque de Tierra Firme,TF5,5b,998,NO,Fabaceae,Swartzia myrtifolia Sm.,Swartzia,myrtifolia,0,0,0,0,0,,0,2015-11-19,2015,25.846899999999994,225.76,Swartzia,Ingeniero del Suelo - Fijador N
64840,11,Bosque de Tierra Firme,TF5,5b,958A,NO,Apocynaceae,Aspidosperma vargasii A.DC.,Aspidosperma,vargasii,0,0,0,0,0,,0,2015-11-19,2015,25.846899999999994,225.76,Aspidosperma,Caja Fuerte - Maderable
65806,12,Bosque de Tierra Firme,TF1,1a,501,NO,Fabaceae,Swartzia myrtifolia Sm.,Swartzia,myrtifolia,0,0,0,0,0,,0,2015-12-13,2015,26.14587096774194,207.84,Swartzia,Ingeniero del Suelo - Fijador N
65809,12,Bosque de Tierra Firme,TF1,1a,504,NO,Fabaceae,Swartzia tomentifera (Ducke) Ducke,Swartzia,tomentifera,0,0,0,0,0,,0,2015-12-13,2015,26.14587096774194,207.84,Swartzia,Ingeniero del Suelo - Fijador N
65811,12,Bosque de Tierra Firme,TF1,1a,506,NO,Apocynaceae,Aspidosperma nitidum Benth. ex Müll.Arg.,Aspidosperma,nitidum,0,0,0,0,0,,0,2015-12-13,2015,26.14587096774194,207.84,Aspidosperma,Caja Fuerte - Maderable
65817,12,Bosque de Tierra Firme,TF1,1b,512,NO,Sapotaceae,Pouteria procera (Mart.) K.Hammer,Pouteria,procera,0,0,0,0,0,,0,2015-12-13,2015,26.14587096774194,207.84,Pouteria,Estrella Comercial - Frutal
65818,12,Bosque de Tierra Firme,TF1,1b,513,NO,Euphorbiaceae,Croton sp.,Croton,sp,0,0,0,0,0,muerto,0,2015-12-13,2015,26.14587096774194,207.84,Croton,Estrella Comercial - Industrial
65830,12,Bosque de Tierra Firme,TF1,2b,528,NO,Fabaceae,Erythrina ulei Harms,Erythrina,ulei,0,0,0,0,0,desfoliado,0,2015-12-13,2015,26.14587096774194,207.84,Erythrina,Ingeniero del Suelo - Fijador N
65831,12,Bosque de Tierra Firme,TF1,2b,529,NO,Fabaceae,Erythrina ulei Harms,Erythrina,ulei,0,0,0,0,0,desfoliado,0,2015-12-13,2015,26.14587096774194,207.84,Erythrina,Ingeniero del Suelo - Fijador N
65842,12,Bosque de Tierra Firme,TF1,3b,547,NO,Fabaceae,Erythrina ulei Harms,Erythrina,ulei,0,0,0,0,0,,0,2015-12-13,2015,26.14587096774194,207.84,Erythrina,Ingeniero del Suelo - Fijador N
65850,12,Bosque de Tierra Firme,TF1,4b,559,NO,Sapotaceae,Pouteria pariry (Ducke) Baehni,Pouteria,pariry,0,0,0,0,0,,0,2015-12-13,2015,26.14587096774194,207.84,Pouteria,Estrella Comercial - Frutal
65853,12,Bosque de Tierra Firme,TF1,5a,564,NO,Fabaceae,Hymenaea courbaril L.,Hymenaea,courbaril,0,0,0,0,0,,0,2015-12-13,2015,26.14587096774194,207.84,Hymenaea,Estrella Comercial - Frutal
65866,12,Bosque de Tierra Firme,TF1,6a,580,NO,Sapotaceae,Pouteria sp. 3,Pouteria,sp,0,0,0,0,0,,0,2015-12-13,2015,26.14587096774194,207.84,Pouteria,Estrella Comercial - Frutal
65867,12,Bosque de Tierra Firme,TF1,6a,581,NO,Fabaceae,Swartzia myrtifolia Sm.,Swartzia,myrtifolia,0,0,0,0,0,,0,2015-12-13,2015,26.14587096774194,207.84,Swartzia,Ingeniero del Suelo - Fijador N
65870,12,Bosque de Tierra Firme,TF1,6b,589,NO,Fabaceae,Hymenaea courbaril L.,Hymenaea,courbaril,4,3,0,3,0,,1,2015-12-13,2015,26.14587096774194,207.84,Hymenaea,Estrella Comercial - Frutal
65887,12,Bosque de Tierra Firme,TF2,1b,614,NO,Fabaceae,Copaifera reticulata Ducke,Copaifera,reticulata,0,0,0,0,0,,0,2015-12-13,2015,26.14587096774194,207.84,Copaifera,Estrella Comercial - Industrial
65890,12,Bosque de Tierra Firme,TF2,1b,617,NO,Sapotaceae,Pouteria sp. 2,Pouteria,sp,0,0,0,0,0,,0,2015-12-13,2015,26.14587096774194,207.84,Pouteria,Estrella Comercial - Frutal
65896,12,Bosque de Tierra Firme,TF2,1b,624,NO,Euphorbiaceae,Hevea guianensis Aubl.,Hevea,guianensis,0,0,0,0,0,,0,2015-12-13,2015,26.14587096774194,207.84,Hevea,Estrella Comercial - Industrial
65901,12,Bosque de Tierra Firme,TF2,2a,629,NO,Euphorbiaceae,Hevea guianensis Aubl.,Hevea,guianensis,0,0,0,0,0,,0,2015-12-13,2015,26.14587096774194,207.84,Hevea,Estrella Comercial - Industrial
65908,12,Bosque de Tierra Firme,TF2,2b,638,NO,Moraceae,Brosimum rubescens Taub.,Brosimum,rubescens,0,0,0,0,0,,0,2015-12-13,2015,26.14587096774194,207.84,Brosimum,Caja Fuerte - Maderable
65914,12,Bosque de Tierra Firme,TF2,3a,648,NO,Sapotaceae,Pouteria torta (Mart.) Radlk.,Pouteria,torta,0,0,0,0,0,,0,2015-12-13,2015,26.14587096774194,207.84,Pouteria,Estrella Comercial - Frutal
65919,12,Bosque de Tierra Firme,TF2,3b,654,NO,Fabaceae,Inga sapindoides Willd.,Inga,sapindoides,0,0,0,0,0,,0,2015-12-13,2015,26.14587096774194,207.84,Inga,Ingeniero del Suelo - Fijador N
65924,12,Bosque de Tierra Firme,TF2,4a,661,NO,Euphorbiaceae,Hevea guianensis Aubl.,Hevea,guianensis,0,0,0,0,0,,0,2015-12-13,2015,26.14587096774194,207.84,Hevea,Estrella Comercial - Industrial
65927,12,Bosque de Tierra Firme,TF2,4a,664,NO,Sapotaceae,Pouteria sp. 3,Pouteria,sp,0,0,0,0,0,,0,2015-12-13,2015,26.14587096774194,207.84,Pouteria,Estrella Comercial - Frutal
65931,12,Bosque de Tierra Firme,TF2,4a,669,NO,Fabaceae,Tachigali vasquezii Pipoly,Tachigali,vasquezii,0,0,0,0,0,,0,2015-12-13,2015,26.14587096774194,207.84,Tachigali,Ingeniero del Suelo - Fijador N
65939,12,Bosque de Tierra Firme,TF2,4b,681,NO,Malvaceae,Theobroma speciosum Willd. ex Spreng.,Theobroma,speciosum,0,0,0,0,0,,0,2015-12-13,2015,26.14587096774194,207.84,Theobroma,Estrella Comercial - Frutal
65954,12,Bosque de Tierra Firme,TF2,5a,698,NO,Meliaceae,Cedrela fissilis Vell.,Cedrela,fissilis,0,0,0,0,0,,0,2015-12-13,2015,26.14587096774194,207.84,Cedrela,Caja Fuerte - Maderable
65992,12,Bosque de Tierra Firme,TF3,2b,746,NO,Euphorbiaceae,Hevea guianensis Aubl.,Hevea,guianensis,0,0,0,0,0,,0,2015-12-17,2015,26.14587096774194,207.84,Hevea,Estrella Comercial - Industrial
65995,12,Bosque de Tierra Firme,TF3,2b,749,NO,Fabaceae,Cedrelinga catenaeformis (Ducke) Ducke,Cedrelinga,catenaeformis,0,0,0,0,0,,0,2015-12-17,2015,26.14587096774194,207.84,Cedrelinga,Caja Fuerte - Maderable / Fijador N
65998,12,Bosque de Tierra Firme,TF3,3a,756,NO,Fabaceae,Inga alba (Sw.) Willd.,Inga,alba,0,0,0,0,0,,0,2015-12-17,2015,26.14587096774194,207.84,Inga,Ingeniero del Suelo - Fijador N
66005,12,Bosque de Tierra Firme,TF3,4a,765,NO,Apocynaceae,Aspidosperma vargasii A.DC.,Aspidosperma,vargasii,0,0,0,0,0,,0,2015-12-17,2015,26.14587096774194,207.84,Aspidosperma,Caja Fuerte - Maderable
66014,12,Bosque de Tierra Firme,TF3,4b,777,NO,Euphorbiaceae,Hevea guianensis Aubl.,Hevea,guianensis,0,0,0,0,0,liana,0,2015-12-17,2015,26.14587096774194,207.84,Hevea,Estrella Comercial - Industrial
66020,12,Bosque de Tierra Firme,TF3,5a,785,NO,Fabaceae,Copaifera reticulata Ducke,Copaifera,reticulata,0,0,0,0,0,,0,2015-12-17,2015,26.14587096774194,207.84,Copaifera,Estrella Comercial - Industrial
66024,12,Bosque de Tierra Firme,TF3,5a,790,NO,Euphorbiaceae,Hevea guianensis Aubl.,Hevea,guianensis,0,0,0,0,0,,0,2015-12-17,2015,26.14587096774194,207.84,Hevea,Estrella Comercial - Industrial
66029,12,Bosque de Tierra Firme,TF3,5b,796,NO,Fabaceae,Copaifera reticulata Ducke,Copaifera,reticulata,0,0,0,0,0,,0,2015-12-17,2015,26.14587096774194,207.84,Copaifera,Estrella Comercial - Industrial
66037,12,Bosque de Tierra Firme,TF4,1a,807,NO,Euphorbiaceae,Hevea guianensis Aubl.,Hevea,guianensis,0,0,0,0,0,,0,2015-12-17,2015,26.14587096774194,207.84,Hevea,Estrella Comercial - Industrial
66041,12,Bosque de Tierra Firme,TF4,1a,811,NO,Euphorbiaceae,Hevea guianensis Aubl.,Hevea,guianensis,0,0,0,0,0,,0,2015-12-17,2015,26.14587096774194,207.84,Hevea,Estrella Comercial - Industrial
66047,12,Bosque de Tierra Firme,TF4,1b,817,NO,Sapotaceae,Pouteria pariry (Ducke) Baehni,Pouteria,pariry,4,0,0,0,0,,1,2015-12-17,2015,26.14587096774194,207.84,Pouteria,Estrella Comercial - Frutal
66050,12,Bosque de Tierra Firme,TF4,1b,820,NO,Olacaceae,Aptandra tubicina (Poepp.) Benth. ex Miers,Aptandra,tubicina,0,0,0,0,0,,0,2015-12-17,2015,26.14587096774194,207.84,Aptandra,Ingeniero del Suelo - Pionera
66070,12,Bosque de Tierra Firme,TF4,2a,840,NO,Fabaceae,Inga stipularis DC.,Inga,stipularis,0,0,0,0,0,,0,2015-12-17,2015,26.14587096774194,207.84,Inga,Ingeniero del Suelo - Fijador N
66092,12,Bosque de Tierra Firme,TF4,3a,867,NO,Fabaceae,Inga punctata Willd.,Inga,punctata,0,0,0,0,0,,0,2015-12-17,2015,26.14587096774194,207.84,Inga,Ingeniero del Suelo - Fijador N
66100,12,Bosque de Tierra Firme,TF4,3a,876,NO,Bignonaceae,Jacaranda copaia (Aubl.) D.Don,Jacaranda,copaia,0,0,0,0,0,,0,2015-12-17,2015,26.14587096774194,207.84,Jacaranda,Ingeniero del Suelo - Pionera
66107,12,Bosque de Tierra Firme,TF4,3b,884,NO,Apocynaceae,Aspidosperma nitidum Benth. ex Müll.Arg.,Aspidosperma,nitidum,0,0,0,0,0,,0,2015-12-17,2015,26.14587096774194,207.84,Aspidosperma,Caja Fuerte - Maderable
66114,12,Bosque de Tierra Firme,TF4,3b,891,NO,Sapotaceae,Pouteria tarapotensis (Eichler ex Pierre) Baehni,Pouteria,tarapotensis,0,0,0,0,0,,0,2015-12-17,2015,26.14587096774194,207.84,Pouteria,Estrella Comercial - Frutal
66126,12,Bosque de Tierra Firme,TF5,1a,903,NO,Sapotaceae,Pouteria procera (Mart.) K.Hammer,Pouteria,procera,0,0,3,0,0,,1,2015-12-13,2015,26.14587096774194,207.84,Pouteria,Estrella Comercial - Frutal
66132,12,Bosque de Tierra Firme,TF5,1a,911,NO,Fabaceae,Inga auristellae Harms,Inga,auristellae,2,0,0,0,0,,1,2015-12-13,2015,26.14587096774194,207.84,Inga,Ingeniero del Suelo - Fijador N
66136,12,Bosque de Tierra Firme,TF5,1b,915,NO,Fabaceae,Inga sp. 2,Inga,sp,0,0,0,0,0,,0,2015-12-13,2015,26.14587096774194,207.84,Inga,Ingeniero del Suelo - Fijador N
66139,12,Bosque de Tierra Firme,TF5,1b,918,NO,Fabaceae,Inga cordistipula Mart.,Inga,cordistipula,0,0,0,0,0,,0,2015-12-13,2015,26.14587096774194,207.84,Inga,Ingeniero del Suelo - Fijador N
66144,12,Bosque de Tierra Firme,TF5,2a,923,NO,Malvaceae,Theobroma speciosum Willd. ex Spreng.,Theobroma,speciosum,0,0,0,0,0,desfoliado,0,2015-12-13,2015,26.14587096774194,207.84,Theobroma,Estrella Comercial - Frutal
66151,12,Bosque de Tierra Firme,TF5,2a,930,NO,Apocynaceae,Aspidosperma rigidum Rusby,Aspidosperma,rigidum,0,0,1,0,0,,1,2015-12-13,2015,26.14587096774194,207.84,Aspidosperma,Caja Fuerte - Maderable
66152,12,Bosque de Tierra Firme,TF5,2b,934,NO,Fabaceae,Dipteryx micrantha Harms,Dipteryx,micrantha,0,0,0,0,0,,0,2015-12-13,2015,26.14587096774194,207.84,Dipteryx,Estrella Comercial - Industrial
66159,12,Bosque de Tierra Firme,TF5,3a,942,NO,Fabaceae,Inga edulis Mart.,Inga,edulis,0,0,0,0,0,,0,2015-12-13,2015,26.14587096774194,207.84,Inga,Ingeniero del Suelo - Fijador N
66163,12,Bosque de Tierra Firme,TF5,3a,946,NO,Fabaceae,Inga sp. 2,Inga,sp,0,0,0,0,0,muerto,0,2015-12-13,2015,26.14587096774194,207.84,Inga,Ingeniero del Suelo - Fijador N
66174,12,Bosque de Tierra Firme,TF5,3b,2632,NO,Arecaceae,Bactris gasipaes Kunth,Bactris,gasipaes,0,0,0,0,0,,0,2015-12-13,2015,26.14587096774194,207.84,Bactris,Estrella Comercial - Frutal
66177,12,Bosque de Tierra Firme,TF5,4a,965,NO,Fabaceae,Copaifera reticulata Ducke,Copaifera,reticulata,0,0,0,0,0,,0,2015-12-13,2015,26.14587096774194,207.84,Copaifera,Estrella Comercial - Industrial
66180,12,Bosque de Tierra Firme,TF5,4a,968,NO,Sapotaceae,Pouteria sp. 3,Pouteria,sp,0,0,0,0,0,,0,2015-12-13,2015,26.14587096774194,207.84,Pouteria,Estrella Comercial - Frutal
66182,12,Bosque de Tierra Firme,TF5,4a,970,NO,Sapotaceae,Pouteria procera (Mart.) K.Hammer,Pouteria,procera,0,0,0,0,0,,0,2015-12-13,2015,26.14587096774194,207.84,Pouteria,Estrella Comercial - Frutal
66185,12,Bosque de Tierra Firme,TF5,4a,973,NO,Urticaceae,Cecropia sp. 1,Cecropia,sp,0,0,0,0,0,,0,2015-12-13,2015,26.14587096774194,207.84,Cecropia,Ingeniero del Suelo - Pionera
66190,12,Bosque de Tierra Firme,TF5,4a,978,NO,Fabaceae,Swartzia myrtifolia Sm.,Swartzia,myrtifolia,0,0,0,0,0,,0,2015-12-13,2015,26.14587096774194,207.84,Swartzia,Ingeniero del Suelo - Fijador N
66194,12,Bosque de Tierra Firme,TF5,4b,983,NO,Bignonaceae,Jacaranda copaia subsp. spectabilis (Mart. ex DC.) A.H.Gentry,Jacaranda,copaia subsp. spectabilis,0,0,0,0,0,desfoliado,0,2015-12-13,2015,26.14587096774194,207.84,Jacaranda,Ingeniero del Suelo - Pionera
66197,12,Bosque de Tierra Firme,TF5,4b,986,NO,Sapotaceae,Pouteria tarapotensis (Eichler ex Pierre) Baehni,Pouteria,tarapotensis,0,0,0,0,0,,0,2015-12-13,2015,26.14587096774194,207.84,Pouteria,Estrella Comercial - Frutal
66198,12,Bosque de Tierra Firme,TF5,4b,2577,NO,Fabaceae,Inga sp. 2,Inga,sp,0,0,0,0,0,,0,2015-12-13,2015,26.14587096774194,207.84,Inga,Ingeniero del Suelo - Fijador N
66199,12,Bosque de Tierra Firme,TF5,4b,988,NO,Moraceae,Brosimum acutifolium subsp. obovatum (Ducke) C.C.Berg,Brosimum,acutifolium subsp. obovatum,0,0,0,0,0,,0,2015-12-13,2015,26.14587096774194,207.84,Brosimum,Caja Fuerte - Maderable
66201,12,Bosque de Tierra Firme,TF5,4b,990,NO,Sapotaceae,Pouteria tarapotensis (Eichler ex Pierre) Baehni,Pouteria,tarapotensis,0,0,0,0,0,,0,2015-12-13,2015,26.14587096774194,207.84,Pouteria,Estrella Comercial - Frutal
66205,12,Bosque de Tierra Firme,TF5,4b,994,NO,Fabaceae,Inga sp. 2,Inga,sp,0,0,0,0,0,,0,2015-12-13,2015,26.14587096774194,207.84,Inga,Ingeniero del Suelo - Fijador N
66212,12,Bosque de Tierra Firme,TF5,5a,994A,NO,Apocynaceae,Aspidosperma rigidum Rusby,Aspidosperma,rigidum,0,0,0,0,0,,0,2015-12-13,2015,26.14587096774194,207.84,Aspidosperma,Caja Fuerte - Maderable
66215,12,Bosque de Tierra Firme,TF5,5b,998,NO,Fabaceae,Swartzia myrtifolia Sm.,Swartzia,myrtifolia,0,0,0,0,0,,0,2015-12-13,2015,26.14587096774194,207.84,Swartzia,Ingeniero del Suelo - Fijador N
66218,12,Bosque de Tierra Firme,TF5,5b,958A,NO,Apocynaceae,Aspidosperma vargasii A.DC.,Aspidosperma,vargasii,0,0,0,0,0,,0,2015-12-13,2015,26.14587096774194,207.84,Aspidosperma,Caja Fuerte - Maderable
67187,1,Bosque de Tierra Firme,TF1,1a,501,NO,Fabaceae,Swartzia myrtifolia Sm.,Swartzia,myrtifolia,0,0,0,0,0,,0,2016-01-20,2016,26.390919354838708,561.6300000000001,Swartzia,Ingeniero del Suelo - Fijador N
67190,1,Bosque de Tierra Firme,TF1,1a,504,NO,Fabaceae,Swartzia tomentifera (Ducke) Ducke,Swartzia,tomentifera,0,0,0,0,0,,0,2016-01-20,2016,26.390919354838708,561.6300000000001,Swartzia,Ingeniero del Suelo - Fijador N
67192,1,Bosque de Tierra Firme,TF1,1a,506,NO,Apocynaceae,Aspidosperma nitidum Benth. ex Müll.Arg.,Aspidosperma,nitidum,0,0,0,0,0,,0,2016-01-20,2016,26.390919354838708,561.6300000000001,Aspidosperma,Caja Fuerte - Maderable
67198,1,Bosque de Tierra Firme,TF1,1b,512,NO,Sapotaceae,Pouteria procera (Mart.) K.Hammer,Pouteria,procera,0,0,0,0,0,,0,2016-01-20,2016,26.390919354838708,561.6300000000001,Pouteria,Estrella Comercial - Frutal
67199,1,Bosque de Tierra Firme,TF1,1b,513,NO,Euphorbiaceae,Croton sp.,Croton,sp,0,0,0,0,0,muerto,0,2016-01-20,2016,26.390919354838708,561.6300000000001,Croton,Estrella Comercial - Industrial
67214,1,Bosque de Tierra Firme,TF1,2b,528,NO,Fabaceae,Erythrina ulei Harms,Erythrina,ulei,0,0,0,0,0,desfoliado,0,2016-01-20,2016,26.390919354838708,561.6300000000001,Erythrina,Ingeniero del Suelo - Fijador N
67215,1,Bosque de Tierra Firme,TF1,2b,529,NO,Fabaceae,Erythrina ulei Harms,Erythrina,ulei,0,0,0,0,0,desfoliado,0,2016-01-20,2016,26.390919354838708,561.6300000000001,Erythrina,Ingeniero del Suelo - Fijador N
67231,1,Bosque de Tierra Firme,TF1,3b,547,NO,Fabaceae,Erythrina ulei Harms,Erythrina,ulei,0,0,0,0,0,,0,2016-01-20,2016,26.390919354838708,561.6300000000001,Erythrina,Ingeniero del Suelo - Fijador N
67241,1,Bosque de Tierra Firme,TF1,4b,559,NO,Sapotaceae,Pouteria pariry (Ducke) Baehni,Pouteria,pariry,0,0,0,0,0,,0,2016-01-20,2016,26.390919354838708,561.6300000000001,Pouteria,Estrella Comercial - Frutal
67244,1,Bosque de Tierra Firme,TF1,5a,564,NO,Fabaceae,Hymenaea courbaril L.,Hymenaea,courbaril,0,0,0,0,0,,0,2016-01-20,2016,26.390919354838708,561.6300000000001,Hymenaea,Estrella Comercial - Frutal
67260,1,Bosque de Tierra Firme,TF1,6a,580,NO,Sapotaceae,Pouteria sp. 3,Pouteria,sp,0,0,0,0,0,liana,0,2016-01-20,2016,26.390919354838708,561.6300000000001,Pouteria,Estrella Comercial - Frutal
67261,1,Bosque de Tierra Firme,TF1,6a,581,NO,Fabaceae,Swartzia myrtifolia Sm.,Swartzia,myrtifolia,0,0,0,0,0,,0,2016-01-20,2016,26.390919354838708,561.6300000000001,Swartzia,Ingeniero del Suelo - Fijador N
67264,1,Bosque de Tierra Firme,TF1,6b,589,NO,Fabaceae,Hymenaea courbaril L.,Hymenaea,courbaril,3,3,0,0,0,,1,2016-01-20,2016,26.390919354838708,561.6300000000001,Hymenaea,Estrella Comercial - Frutal
67281,1,Bosque de Tierra Firme,TF2,1b,614,NO,Fabaceae,Copaifera reticulata Ducke,Copaifera,reticulata,0,0,0,0,0,,0,2016-01-20,2016,26.390919354838708,561.6300000000001,Copaifera,Estrella Comercial - Industrial
67284,1,Bosque de Tierra Firme,TF2,1b,617,NO,Sapotaceae,Pouteria sp. 2,Pouteria,sp,0,0,0,0,0,,0,2016-01-20,2016,26.390919354838708,561.6300000000001,Pouteria,Estrella Comercial - Frutal
67290,1,Bosque de Tierra Firme,TF2,1b,624,NO,Euphorbiaceae,Hevea guianensis Aubl.,Hevea,guianensis,0,0,0,0,0,,0,2016-01-20,2016,26.390919354838708,561.6300000000001,Hevea,Estrella Comercial - Industrial
67295,1,Bosque de Tierra Firme,TF2,2a,629,NO,Euphorbiaceae,Hevea guianensis Aubl.,Hevea,guianensis,0,0,0,0,0,,0,2016-01-20,2016,26.390919354838708,561.6300000000001,Hevea,Estrella Comercial - Industrial
67302,1,Bosque de Tierra Firme,TF2,2b,638,NO,Moraceae,Brosimum rubescens Taub.,Brosimum,rubescens,0,0,0,0,0,,0,2016-01-20,2016,26.390919354838708,561.6300000000001,Brosimum,Caja Fuerte - Maderable
67308,1,Bosque de Tierra Firme,TF2,3a,648,NO,Sapotaceae,Pouteria torta (Mart.) Radlk.,Pouteria,torta,0,0,0,0,0,,0,2016-01-20,2016,26.390919354838708,561.6300000000001,Pouteria,Estrella Comercial - Frutal
67313,1,Bosque de Tierra Firme,TF2,3b,654,NO,Fabaceae,Inga sapindoides Willd.,Inga,sapindoides,0,0,0,0,0,,0,2016-01-20,2016,26.390919354838708,561.6300000000001,Inga,Ingeniero del Suelo - Fijador N
67318,1,Bosque de Tierra Firme,TF2,4a,661,NO,Euphorbiaceae,Hevea guianensis Aubl.,Hevea,guianensis,0,0,0,0,0,,0,2016-01-20,2016,26.390919354838708,561.6300000000001,Hevea,Estrella Comercial - Industrial
67321,1,Bosque de Tierra Firme,TF2,4a,664,NO,Sapotaceae,Pouteria sp. 3,Pouteria,sp,0,0,0,0,0,,0,2016-01-20,2016,26.390919354838708,561.6300000000001,Pouteria,Estrella Comercial - Frutal
67325,1,Bosque de Tierra Firme,TF2,4a,669,NO,Fabaceae,Tachigali vasquezii Pipoly,Tachigali,vasquezii,0,0,0,0,0,,0,2016-01-20,2016,26.390919354838708,561.6300000000001,Tachigali,Ingeniero del Suelo - Fijador N
67333,1,Bosque de Tierra Firme,TF2,4b,681,NO,Malvaceae,Theobroma speciosum Willd. ex Spreng.,Theobroma,speciosum,0,0,0,0,0,,0,2016-01-20,2016,26.390919354838708,561.6300000000001,Theobroma,Estrella Comercial - Frutal
67348,1,Bosque de Tierra Firme,TF2,5a,698,NO,Meliaceae,Cedrela fissilis Vell.,Cedrela,fissilis,0,0,0,0,0,,0,2016-01-20,2016,26.390919354838708,561.6300000000001,Cedrela,Caja Fuerte - Maderable
67386,1,Bosque de Tierra Firme,TF3,2b,746,NO,Euphorbiaceae,Hevea guianensis Aubl.,Hevea,guianensis,0,0,0,0,0,,0,2016-01-17,2016,26.390919354838708,561.6300000000001,Hevea,Estrella Comercial - Industrial
67389,1,Bosque de Tierra Firme,TF3,2b,749,NO,Fabaceae,Cedrelinga catenaeformis (Ducke) Ducke,Cedrelinga,catenaeformis,0,0,0,0,0,,0,2016-01-17,2016,26.390919354838708,561.6300000000001,Cedrelinga,Caja Fuerte - Maderable / Fijador N
67392,1,Bosque de Tierra Firme,TF3,3a,756,NO,Fabaceae,Inga alba (Sw.) Willd.,Inga,alba,0,0,0,0,0,,0,2016-01-17,2016,26.390919354838708,561.6300000000001,Inga,Ingeniero del Suelo - Fijador N
67399,1,Bosque de Tierra Firme,TF3,4a,765,NO,Apocynaceae,Aspidosperma vargasii A.DC.,Aspidosperma,vargasii,0,0,0,0,0,,0,2016-01-17,2016,26.390919354838708,561.6300000000001,Aspidosperma,Caja Fuerte - Maderable
67408,1,Bosque de Tierra Firme,TF3,4b,777,NO,Euphorbiaceae,Hevea guianensis Aubl.,Hevea,guianensis,0,0,0,0,0,liana,0,2016-01-17,2016,26.390919354838708,561.6300000000001,Hevea,Estrella Comercial - Industrial
67414,1,Bosque de Tierra Firme,TF3,5a,785,NO,Fabaceae,Copaifera reticulata Ducke,Copaifera,reticulata,0,0,0,0,0,,0,2016-01-17,2016,26.390919354838708,561.6300000000001,Copaifera,Estrella Comercial - Industrial
67418,1,Bosque de Tierra Firme,TF3,5a,790,NO,Euphorbiaceae,Hevea guianensis Aubl.,Hevea,guianensis,0,0,0,0,0,,0,2016-01-17,2016,26.390919354838708,561.6300000000001,Hevea,Estrella Comercial - Industrial
67423,1,Bosque de Tierra Firme,TF3,5b,796,NO,Fabaceae,Copaifera reticulata Ducke,Copaifera,reticulata,0,0,0,0,0,,0,2016-01-17,2016,26.390919354838708,561.6300000000001,Copaifera,Estrella Comercial - Industrial
67431,1,Bosque de Tierra Firme,TF4,1a,807,NO,Euphorbiaceae,Hevea guianensis Aubl.,Hevea,guianensis,0,0,0,0,0,,0,2016-01-17,2016,26.390919354838708,561.6300000000001,Hevea,Estrella Comercial - Industrial
67435,1,Bosque de Tierra Firme,TF4,1a,811,NO,Euphorbiaceae,Hevea guianensis Aubl.,Hevea,guianensis,0,0,0,0,0,,0,2016-01-17,2016,26.390919354838708,561.6300000000001,Hevea,Estrella Comercial - Industrial
67441,1,Bosque de Tierra Firme,TF4,1b,817,NO,Sapotaceae,Pouteria pariry (Ducke) Baehni,Pouteria,pariry,0,0,2,3,0,,1,2016-01-17,2016,26.390919354838708,561.6300000000001,Pouteria,Estrella Comercial - Frutal
67444,1,Bosque de Tierra Firme,TF4,1b,820,NO,Olacaceae,Aptandra tubicina (Poepp.) Benth. ex Miers,Aptandra,tubicina,0,0,0,0,0,,0,2016-01-17,2016,26.390919354838708,561.6300000000001,Aptandra,Ingeniero del Suelo - Pionera
67464,1,Bosque de Tierra Firme,TF4,2a,840,NO,Fabaceae,Inga stipularis DC.,Inga,stipularis,0,0,0,0,0,,0,2016-01-17,2016,26.390919354838708,561.6300000000001,Inga,Ingeniero del Suelo - Fijador N
67486,1,Bosque de Tierra Firme,TF4,3a,867,NO,Fabaceae,Inga punctata Willd.,Inga,punctata,0,0,0,0,0,,0,2016-01-17,2016,26.390919354838708,561.6300000000001,Inga,Ingeniero del Suelo - Fijador N
67494,1,Bosque de Tierra Firme,TF4,3a,876,NO,Bignonaceae,Jacaranda copaia (Aubl.) D.Don,Jacaranda,copaia,0,0,0,0,0,,0,2016-01-17,2016,26.390919354838708,561.6300000000001,Jacaranda,Ingeniero del Suelo - Pionera
67501,1,Bosque de Tierra Firme,TF4,3b,884,NO,Apocynaceae,Aspidosperma nitidum Benth. ex Müll.Arg.,Aspidosperma,nitidum,0,0,0,0,0,,0,2016-01-17,2016,26.390919354838708,561.6300000000001,Aspidosperma,Caja Fuerte - Maderable
67508,1,Bosque de Tierra Firme,TF4,3b,891,NO,Sapotaceae,Pouteria tarapotensis (Eichler ex Pierre) Baehni,Pouteria,tarapotensis,0,0,0,0,0,,0,2016-01-17,2016,26.390919354838708,561.6300000000001,Pouteria,Estrella Comercial - Frutal
67520,1,Bosque de Tierra Firme,TF5,1a,903,NO,Sapotaceae,Pouteria procera (Mart.) K.Hammer,Pouteria,procera,0,0,3,0,0,,1,2016-01-20,2016,26.390919354838708,561.6300000000001,Pouteria,Estrella Comercial - Frutal
67526,1,Bosque de Tierra Firme,TF5,1a,911,NO,Fabaceae,Inga auristellae Harms,Inga,auristellae,0,0,0,0,0,,0,2016-01-20,2016,26.390919354838708,561.6300000000001,Inga,Ingeniero del Suelo - Fijador N
67530,1,Bosque de Tierra Firme,TF5,1b,915,NO,Fabaceae,Inga sp. 2,Inga,sp,0,0,0,0,0,,0,2016-01-20,2016,26.390919354838708,561.6300000000001,Inga,Ingeniero del Suelo - Fijador N
67533,1,Bosque de Tierra Firme,TF5,1b,918,NO,Fabaceae,Inga cordistipula Mart.,Inga,cordistipula,0,0,0,0,0,,0,2016-01-20,2016,26.390919354838708,561.6300000000001,Inga,Ingeniero del Suelo - Fijador N
67538,1,Bosque de Tierra Firme,TF5,2a,923,NO,Malvaceae,Theobroma speciosum Willd. ex Spreng.,Theobroma,speciosum,0,0,0,0,0,desfoliado,0,2016-01-20,2016,26.390919354838708,561.6300000000001,Theobroma,Estrella Comercial - Frutal
67545,1,Bosque de Tierra Firme,TF5,2a,930,NO,Apocynaceae,Aspidosperma rigidum Rusby,Aspidosperma,rigidum,0,0,1,0,0,,1,2016-01-20,2016,26.390919354838708,561.6300000000001,Aspidosperma,Caja Fuerte - Maderable
67546,1,Bosque de Tierra Firme,TF5,2b,934,NO,Fabaceae,Dipteryx micrantha Harms,Dipteryx,micrantha,0,0,0,0,0,,0,2016-01-20,2016,26.390919354838708,561.6300000000001,Dipteryx,Estrella Comercial - Industrial
67553,1,Bosque de Tierra Firme,TF5,3a,942,NO,Fabaceae,Inga edulis Mart.,Inga,edulis,0,0,0,0,0,,0,2016-01-20,2016,26.390919354838708,561.6300000000001,Inga,Ingeniero del Suelo - Fijador N
67557,1,Bosque de Tierra Firme,TF5,3a,946,NO,Fabaceae,Inga sp. 2,Inga,sp,0,0,0,0,0,muerto,0,2016-01-20,2016,26.390919354838708,561.6300000000001,Inga,Ingeniero del Suelo - Fijador N
67568,1,Bosque de Tierra Firme,TF5,3b,2632,NO,Arecaceae,Bactris gasipaes Kunth,Bactris,gasipaes,0,0,0,0,0,,0,2016-01-20,2016,26.390919354838708,561.6300000000001,Bactris,Estrella Comercial - Frutal
67571,1,Bosque de Tierra Firme,TF5,4a,965,NO,Fabaceae,Copaifera reticulata Ducke,Copaifera,reticulata,0,0,0,0,0,,0,2016-01-20,2016,26.390919354838708,561.6300000000001,Copaifera,Estrella Comercial - Industrial
67574,1,Bosque de Tierra Firme,TF5,4a,968,NO,Sapotaceae,Pouteria sp. 3,Pouteria,sp,0,0,0,0,0,,0,2016-01-20,2016,26.390919354838708,561.6300000000001,Pouteria,Estrella Comercial - Frutal
67576,1,Bosque de Tierra Firme,TF5,4a,970,NO,Sapotaceae,Pouteria procera (Mart.) K.Hammer,Pouteria,procera,0,0,0,0,0,,0,2016-01-20,2016,26.390919354838708,561.6300000000001,Pouteria,Estrella Comercial - Frutal
67579,1,Bosque de Tierra Firme,TF5,4a,973,NO,Urticaceae,Cecropia sp. 1,Cecropia,sp,0,0,0,0,0,,0,2016-01-20,2016,26.390919354838708,561.6300000000001,Cecropia,Ingeniero del Suelo - Pionera
67584,1,Bosque de Tierra Firme,TF5,4a,978,NO,Fabaceae,Swartzia myrtifolia Sm.,Swartzia,myrtifolia,0,0,0,0,0,,0,2016-01-20,2016,26.390919354838708,561.6300000000001,Swartzia,Ingeniero del Suelo - Fijador N
67588,1,Bosque de Tierra Firme,TF5,4b,983,NO,Bignonaceae,Jacaranda copaia subsp. spectabilis (Mart. ex DC.) A.H.Gentry,Jacaranda,copaia subsp. spectabilis,0,0,0,0,0,desfoliado,0,2016-01-20,2016,26.390919354838708,561.6300000000001,Jacaranda,Ingeniero del Suelo - Pionera
67591,1,Bosque de Tierra Firme,TF5,4b,986,NO,Sapotaceae,Pouteria tarapotensis (Eichler ex Pierre) Baehni,Pouteria,tarapotensis,0,0,0,0,0,,0,2016-01-20,2016,26.390919354838708,561.6300000000001,Pouteria,Estrella Comercial - Frutal
67592,1,Bosque de Tierra Firme,TF5,4b,2577,NO,Fabaceae,Inga sp. 2,Inga,sp,0,0,0,0,0,,0,2016-01-20,2016,26.390919354838708,561.6300000000001,Inga,Ingeniero del Suelo - Fijador N
67593,1,Bosque de Tierra Firme,TF5,4b,988,NO,Moraceae,Brosimum acutifolium subsp. obovatum (Ducke) C.C.Berg,Brosimum,acutifolium subsp. obovatum,0,0,0,0,0,,0,2016-01-20,2016,26.390919354838708,561.6300000000001,Brosimum,Caja Fuerte - Maderable
67595,1,Bosque de Tierra Firme,TF5,4b,990,NO,Sapotaceae,Pouteria tarapotensis (Eichler ex Pierre) Baehni,Pouteria,tarapotensis,0,0,0,0,0,,0,2016-01-20,2016,26.390919354838708,561.6300000000001,Pouteria,Estrella Comercial - Frutal
67599,1,Bosque de Tierra Firme,TF5,4b,994,NO,Fabaceae,Inga sp. 2,Inga,sp,0,0,0,0,0,,0,2016-01-20,2016,26.390919354838708,561.6300000000001,Inga,Ingeniero del Suelo - Fijador N
67606,1,Bosque de Tierra Firme,TF5,5a,994A,NO,Apocynaceae,Aspidosperma rigidum Rusby,Aspidosperma,rigidum,0,0,0,0,0,,0,2016-01-20,2016,26.390919354838708,561.6300000000001,Aspidosperma,Caja Fuerte - Maderable
67609,1,Bosque de Tierra Firme,TF5,5b,998,NO,Fabaceae,Swartzia myrtifolia Sm.,Swartzia,myrtifolia,0,0,0,0,0,,0,2016-01-20,2016,26.390919354838708,561.6300000000001,Swartzia,Ingeniero del Suelo - Fijador N
67612,1,Bosque de Tierra Firme,TF5,5b,958A,NO,Apocynaceae,Aspidosperma vargasii A.DC.,Aspidosperma,vargasii,0,0,0,0,0,,0,2016-01-20,2016,26.390919354838708,561.6300000000001,Aspidosperma,Caja Fuerte - Maderable
68581,2,Bosque de Tierra Firme,TF1,1a,501,NO,Fabaceae,Swartzia myrtifolia Sm.,Swartzia,myrtifolia,0,0,0,0,0,,0,2016-02-09,2016,26.028362068965514,428.6300000000001,Swartzia,Ingeniero del Suelo - Fijador N
68584,2,Bosque de Tierra Firme,TF1,1a,504,NO,Fabaceae,Swartzia tomentifera (Ducke) Ducke,Swartzia,tomentifera,0,0,0,0,0,,0,2016-02-09,2016,26.028362068965514,428.6300000000001,Swartzia,Ingeniero del Suelo - Fijador N
68586,2,Bosque de Tierra Firme,TF1,1a,506,NO,Apocynaceae,Aspidosperma nitidum Benth. ex Müll.Arg.,Aspidosperma,nitidum,0,0,0,0,0,,0,2016-02-09,2016,26.028362068965514,428.6300000000001,Aspidosperma,Caja Fuerte - Maderable
68592,2,Bosque de Tierra Firme,TF1,1b,512,NO,Sapotaceae,Pouteria procera (Mart.) K.Hammer,Pouteria,procera,0,0,0,0,0,,0,2016-02-09,2016,26.028362068965514,428.6300000000001,Pouteria,Estrella Comercial - Frutal
68593,2,Bosque de Tierra Firme,TF1,1b,513,NO,Euphorbiaceae,Croton sp.,Croton,sp,0,0,0,0,0,muerto,0,2016-02-09,2016,26.028362068965514,428.6300000000001,Croton,Estrella Comercial - Industrial
68608,2,Bosque de Tierra Firme,TF1,2b,528,NO,Fabaceae,Erythrina ulei Harms,Erythrina,ulei,0,0,0,0,0,desfoliado,0,2016-02-09,2016,26.028362068965514,428.6300000000001,Erythrina,Ingeniero del Suelo - Fijador N
68609,2,Bosque de Tierra Firme,TF1,2b,529,NO,Fabaceae,Erythrina ulei Harms,Erythrina,ulei,0,0,0,0,0,desfoliado,0,2016-02-09,2016,26.028362068965514,428.6300000000001,Erythrina,Ingeniero del Suelo - Fijador N
68625,2,Bosque de Tierra Firme,TF1,3b,547,NO,Fabaceae,Erythrina ulei Harms,Erythrina,ulei,0,0,0,0,0,,0,2016-02-09,2016,26.028362068965514,428.6300000000001,Erythrina,Ingeniero del Suelo - Fijador N
68635,2,Bosque de Tierra Firme,TF1,4b,559,NO,Sapotaceae,Pouteria pariry (Ducke) Baehni,Pouteria,pariry,0,0,0,0,0,,0,2016-02-09,2016,26.028362068965514,428.6300000000001,Pouteria,Estrella Comercial - Frutal
68638,2,Bosque de Tierra Firme,TF1,5a,564,NO,Fabaceae,Hymenaea courbaril L.,Hymenaea,courbaril,0,0,0,0,0,,0,2016-02-09,2016,26.028362068965514,428.6300000000001,Hymenaea,Estrella Comercial - Frutal
68654,2,Bosque de Tierra Firme,TF1,6a,580,NO,Sapotaceae,Pouteria sp. 3,Pouteria,sp,0,0,0,0,0,liana,0,2016-02-09,2016,26.028362068965514,428.6300000000001,Pouteria,Estrella Comercial - Frutal
68655,2,Bosque de Tierra Firme,TF1,6a,581,NO,Fabaceae,Swartzia myrtifolia Sm.,Swartzia,myrtifolia,0,0,0,0,0,,0,2016-02-09,2016,26.028362068965514,428.6300000000001,Swartzia,Ingeniero del Suelo - Fijador N
68658,2,Bosque de Tierra Firme,TF1,6b,589,NO,Fabaceae,Hymenaea courbaril L.,Hymenaea,courbaril,0,3,4,0,0,,1,2016-02-09,2016,26.028362068965514,428.6300000000001,Hymenaea,Estrella Comercial - Frutal
68675,2,Bosque de Tierra Firme,TF2,1b,614,NO,Fabaceae,Copaifera reticulata Ducke,Copaifera,reticulata,0,0,0,0,0,,0,2016-02-09,2016,26.028362068965514,428.6300000000001,Copaifera,Estrella Comercial - Industrial
68678,2,Bosque de Tierra Firme,TF2,1b,617,NO,Sapotaceae,Pouteria sp. 2,Pouteria,sp,0,0,0,0,0,,0,2016-02-09,2016,26.028362068965514,428.6300000000001,Pouteria,Estrella Comercial - Frutal
68684,2,Bosque de Tierra Firme,TF2,1b,624,NO,Euphorbiaceae,Hevea guianensis Aubl.,Hevea,guianensis,0,0,0,0,0,,0,2016-02-09,2016,26.028362068965514,428.6300000000001,Hevea,Estrella Comercial - Industrial
68689,2,Bosque de Tierra Firme,TF2,2a,629,NO,Euphorbiaceae,Hevea guianensis Aubl.,Hevea,guianensis,0,0,0,0,0,,0,2016-02-09,2016,26.028362068965514,428.6300000000001,Hevea,Estrella Comercial - Industrial
68696,2,Bosque de Tierra Firme,TF2,2b,638,NO,Moraceae,Brosimum rubescens Taub.,Brosimum,rubescens,0,0,0,0,0,,0,2016-02-09,2016,26.028362068965514,428.6300000000001,Brosimum,Caja Fuerte - Maderable
68702,2,Bosque de Tierra Firme,TF2,3a,648,NO,Sapotaceae,Pouteria torta (Mart.) Radlk.,Pouteria,torta,0,0,0,0,0,,0,2016-02-09,2016,26.028362068965514,428.6300000000001,Pouteria,Estrella Comercial - Frutal
68707,2,Bosque de Tierra Firme,TF2,3b,654,NO,Fabaceae,Inga sapindoides Willd.,Inga,sapindoides,0,0,0,0,0,,0,2016-02-09,2016,26.028362068965514,428.6300000000001,Inga,Ingeniero del Suelo - Fijador N
68712,2,Bosque de Tierra Firme,TF2,4a,661,NO,Euphorbiaceae,Hevea guianensis Aubl.,Hevea,guianensis,0,0,0,0,0,,0,2016-02-09,2016,26.028362068965514,428.6300000000001,Hevea,Estrella Comercial - Industrial
68715,2,Bosque de Tierra Firme,TF2,4a,664,NO,Sapotaceae,Pouteria sp. 3,Pouteria,sp,0,0,0,0,0,,0,2016-02-09,2016,26.028362068965514,428.6300000000001,Pouteria,Estrella Comercial - Frutal
68719,2,Bosque de Tierra Firme,TF2,4a,669,NO,Fabaceae,Tachigali vasquezii Pipoly,Tachigali,vasquezii,0,0,0,0,0,,0,2016-02-09,2016,26.028362068965514,428.6300000000001,Tachigali,Ingeniero del Suelo - Fijador N
68727,2,Bosque de Tierra Firme,TF2,4b,681,NO,Malvaceae,Theobroma speciosum Willd. ex Spreng.,Theobroma,speciosum,0,0,0,0,0,,0,2016-02-09,2016,26.028362068965514,428.6300000000001,Theobroma,Estrella Comercial - Frutal
68742,2,Bosque de Tierra Firme,TF2,5a,698,NO,Meliaceae,Cedrela fissilis Vell.,Cedrela,fissilis,0,0,0,0,0,,0,2016-02-09,2016,26.028362068965514,428.6300000000001,Cedrela,Caja Fuerte - Maderable
68780,2,Bosque de Tierra Firme,TF3,2b,746,NO,Euphorbiaceae,Hevea guianensis Aubl.,Hevea,guianensis,0,0,0,0,0,,0,2016-02-15,2016,26.028362068965514,428.6300000000001,Hevea,Estrella Comercial - Industrial
68783,2,Bosque de Tierra Firme,TF3,2b,749,NO,Fabaceae,Cedrelinga catenaeformis (Ducke) Ducke,Cedrelinga,catenaeformis,0,0,0,0,0,,0,2016-02-15,2016,26.028362068965514,428.6300000000001,Cedrelinga,Caja Fuerte - Maderable / Fijador N
68786,2,Bosque de Tierra Firme,TF3,3a,756,NO,Fabaceae,Inga alba (Sw.) Willd.,Inga,alba,0,0,0,0,0,,0,2016-02-15,2016,26.028362068965514,428.6300000000001,Inga,Ingeniero del Suelo - Fijador N
68793,2,Bosque de Tierra Firme,TF3,4a,765,NO,Apocynaceae,Aspidosperma vargasii A.DC.,Aspidosperma,vargasii,0,0,0,0,0,,0,2016-02-15,2016,26.028362068965514,428.6300000000001,Aspidosperma,Caja Fuerte - Maderable
68802,2,Bosque de Tierra Firme,TF3,4b,777,NO,Euphorbiaceae,Hevea guianensis Aubl.,Hevea,guianensis,0,0,0,0,0,liana,0,2016-02-15,2016,26.028362068965514,428.6300000000001,Hevea,Estrella Comercial - Industrial
68808,2,Bosque de Tierra Firme,TF3,5a,785,NO,Fabaceae,Copaifera reticulata Ducke,Copaifera,reticulata,4,0,0,0,0,,1,2016-02-15,2016,26.028362068965514,428.6300000000001,Copaifera,Estrella Comercial - Industrial
68812,2,Bosque de Tierra Firme,TF3,5a,790,NO,Euphorbiaceae,Hevea guianensis Aubl.,Hevea,guianensis,0,0,0,0,0,,0,2016-02-15,2016,26.028362068965514,428.6300000000001,Hevea,Estrella Comercial - Industrial
68817,2,Bosque de Tierra Firme,TF3,5b,796,NO,Fabaceae,Copaifera reticulata Ducke,Copaifera,reticulata,0,0,0,0,0,,0,2016-02-15,2016,26.028362068965514,428.6300000000001,Copaifera,Estrella Comercial - Industrial
68825,2,Bosque de Tierra Firme,TF4,1a,807,NO,Euphorbiaceae,Hevea guianensis Aubl.,Hevea,guianensis,0,0,0,0,0,,0,2016-02-15,2016,26.028362068965514,428.6300000000001,Hevea,Estrella Comercial - Industrial
68829,2,Bosque de Tierra Firme,TF4,1a,811,NO,Euphorbiaceae,Hevea guianensis Aubl.,Hevea,guianensis,0,0,0,0,0,,0,2016-02-15,2016,26.028362068965514,428.6300000000001,Hevea,Estrella Comercial - Industrial
68835,2,Bosque de Tierra Firme,TF4,1b,817,NO,Sapotaceae,Pouteria pariry (Ducke) Baehni,Pouteria,pariry,0,0,0,0,0,,0,2016-02-15,2016,26.028362068965514,428.6300000000001,Pouteria,Estrella Comercial - Frutal
68838,2,Bosque de Tierra Firme,TF4,1b,820,NO,Olacaceae,Aptandra tubicina (Poepp.) Benth. ex Miers,Aptandra,tubicina,0,0,0,0,0,,0,2016-02-15,2016,26.028362068965514,428.6300000000001,Aptandra,Ingeniero del Suelo - Pionera
68858,2,Bosque de Tierra Firme,TF4,2a,840,NO,Fabaceae,Inga stipularis DC.,Inga,stipularis,0,0,0,0,0,,0,2016-02-15,2016,26.028362068965514,428.6300000000001,Inga,Ingeniero del Suelo - Fijador N
68880,2,Bosque de Tierra Firme,TF4,3a,867,NO,Fabaceae,Inga punctata Willd.,Inga,punctata,0,0,0,0,0,,0,2016-02-15,2016,26.028362068965514,428.6300000000001,Inga,Ingeniero del Suelo - Fijador N
68888,2,Bosque de Tierra Firme,TF4,3a,876,NO,Bignonaceae,Jacaranda copaia (Aubl.) D.Don,Jacaranda,copaia,0,0,0,0,0,,0,2016-02-15,2016,26.028362068965514,428.6300000000001,Jacaranda,Ingeniero del Suelo - Pionera
68895,2,Bosque de Tierra Firme,TF4,3b,884,NO,Apocynaceae,Aspidosperma nitidum Benth. ex Müll.Arg.,Aspidosperma,nitidum,0,0,0,0,0,,0,2016-02-15,2016,26.028362068965514,428.6300000000001,Aspidosperma,Caja Fuerte - Maderable
68902,2,Bosque de Tierra Firme,TF4,3b,891,NO,Sapotaceae,Pouteria tarapotensis (Eichler ex Pierre) Baehni,Pouteria,tarapotensis,0,0,0,0,0,,0,2016-02-15,2016,26.028362068965514,428.6300000000001,Pouteria,Estrella Comercial - Frutal
68914,2,Bosque de Tierra Firme,TF5,1a,903,NO,Sapotaceae,Pouteria procera (Mart.) K.Hammer,Pouteria,procera,0,0,3,0,0,,1,2016-02-11,2016,26.028362068965514,428.6300000000001,Pouteria,Estrella Comercial - Frutal
68920,2,Bosque de Tierra Firme,TF5,1a,911,NO,Fabaceae,Inga auristellae Harms,Inga,auristellae,4,2,0,0,0,,1,2016-02-11,2016,26.028362068965514,428.6300000000001,Inga,Ingeniero del Suelo - Fijador N
68924,2,Bosque de Tierra Firme,TF5,1b,915,NO,Fabaceae,Inga sp. 2,Inga,sp,0,0,0,0,0,,0,2016-02-11,2016,26.028362068965514,428.6300000000001,Inga,Ingeniero del Suelo - Fijador N
68927,2,Bosque de Tierra Firme,TF5,1b,918,NO,Fabaceae,Inga cordistipula Mart.,Inga,cordistipula,0,0,0,0,0,,0,2016-02-11,2016,26.028362068965514,428.6300000000001,Inga,Ingeniero del Suelo - Fijador N
68932,2,Bosque de Tierra Firme,TF5,2a,923,NO,Malvaceae,Theobroma speciosum Willd. ex Spreng.,Theobroma,speciosum,0,0,0,0,0,desfoliado,0,2016-02-11,2016,26.028362068965514,428.6300000000001,Theobroma,Estrella Comercial - Frutal
68939,2,Bosque de Tierra Firme,TF5,2a,930,NO,Apocynaceae,Aspidosperma rigidum Rusby,Aspidosperma,rigidum,0,0,1,0,0,,1,2016-02-11,2016,26.028362068965514,428.6300000000001,Aspidosperma,Caja Fuerte - Maderable
68940,2,Bosque de Tierra Firme,TF5,2b,934,NO,Fabaceae,Dipteryx micrantha Harms,Dipteryx,micrantha,0,0,0,0,0,,0,2016-02-11,2016,26.028362068965514,428.6300000000001,Dipteryx,Estrella Comercial - Industrial
68947,2,Bosque de Tierra Firme,TF5,3a,942,NO,Fabaceae,Inga edulis Mart.,Inga,edulis,0,0,0,0,0,,0,2016-02-11,2016,26.028362068965514,428.6300000000001,Inga,Ingeniero del Suelo - Fijador N
68951,2,Bosque de Tierra Firme,TF5,3a,946,NO,Fabaceae,Inga sp. 2,Inga,sp,0,0,0,0,0,muerto,0,2016-02-11,2016,26.028362068965514,428.6300000000001,Inga,Ingeniero del Suelo - Fijador N
68962,2,Bosque de Tierra Firme,TF5,3b,2632,NO,Arecaceae,Bactris gasipaes Kunth,Bactris,gasipaes,0,0,0,0,0,,0,2016-02-11,2016,26.028362068965514,428.6300000000001,Bactris,Estrella Comercial - Frutal
68965,2,Bosque de Tierra Firme,TF5,4a,965,NO,Fabaceae,Copaifera reticulata Ducke,Copaifera,reticulata,3,0,0,0,0,,1,2016-02-11,2016,26.028362068965514,428.6300000000001,Copaifera,Estrella Comercial - Industrial
68968,2,Bosque de Tierra Firme,TF5,4a,968,NO,Sapotaceae,Pouteria sp. 3,Pouteria,sp,0,0,0,0,0,,0,2016-02-11,2016,26.028362068965514,428.6300000000001,Pouteria,Estrella Comercial - Frutal
68970,2,Bosque de Tierra Firme,TF5,4a,970,NO,Sapotaceae,Pouteria procera (Mart.) K.Hammer,Pouteria,procera,0,0,0,0,0,,0,2016-02-11,2016,26.028362068965514,428.6300000000001,Pouteria,Estrella Comercial - Frutal
68973,2,Bosque de Tierra Firme,TF5,4a,973,NO,Urticaceae,Cecropia sp. 1,Cecropia,sp,0,0,0,0,0,,0,2016-02-11,2016,26.028362068965514,428.6300000000001,Cecropia,Ingeniero del Suelo - Pionera
68978,2,Bosque de Tierra Firme,TF5,4a,978,NO,Fabaceae,Swartzia myrtifolia Sm.,Swartzia,myrtifolia,0,0,0,0,0,,0,2016-02-11,2016,26.028362068965514,428.6300000000001,Swartzia,Ingeniero del Suelo - Fijador N
68982,2,Bosque de Tierra Firme,TF5,4b,983,NO,Bignonaceae,Jacaranda copaia subsp. spectabilis (Mart. ex DC.) A.H.Gentry,Jacaranda,copaia subsp. spectabilis,0,0,0,0,0,hojas nuevas,0,2016-02-11,2016,26.028362068965514,428.6300000000001,Jacaranda,Ingeniero del Suelo - Pionera
68985,2,Bosque de Tierra Firme,TF5,4b,986,NO,Sapotaceae,Pouteria tarapotensis (Eichler ex Pierre) Baehni,Pouteria,tarapotensis,0,0,0,0,0,,0,2016-02-11,2016,26.028362068965514,428.6300000000001,Pouteria,Estrella Comercial - Frutal
68986,2,Bosque de Tierra Firme,TF5,4b,2577,NO,Fabaceae,Inga sp. 2,Inga,sp,0,0,0,0,0,hojas nuevas,0,2016-02-11,2016,26.028362068965514,428.6300000000001,Inga,Ingeniero del Suelo - Fijador N
68987,2,Bosque de Tierra Firme,TF5,4b,988,NO,Moraceae,Brosimum acutifolium subsp. obovatum (Ducke) C.C.Berg,Brosimum,acutifolium subsp. obovatum,0,0,0,0,0,,0,2016-02-11,2016,26.028362068965514,428.6300000000001,Brosimum,Caja Fuerte - Maderable
68989,2,Bosque de Tierra Firme,TF5,4b,990,NO,Sapotaceae,Pouteria tarapotensis (Eichler ex Pierre) Baehni,Pouteria,tarapotensis,0,0,0,0,0,,0,2016-02-11,2016,26.028362068965514,428.6300000000001,Pouteria,Estrella Comercial - Frutal
68993,2,Bosque de Tierra Firme,TF5,4b,994,NO,Fabaceae,Inga sp. 2,Inga,sp,0,0,0,0,0,,0,2016-02-11,2016,26.028362068965514,428.6300000000001,Inga,Ingeniero del Suelo - Fijador N
69000,2,Bosque de Tierra Firme,TF5,5a,994A,NO,Apocynaceae,Aspidosperma rigidum Rusby,Aspidosperma,rigidum,0,0,0,0,0,,0,2016-02-11,2016,26.028362068965514,428.6300000000001,Aspidosperma,Caja Fuerte - Maderable
69003,2,Bosque de Tierra Firme,TF5,5b,998,NO,Fabaceae,Swartzia myrtifolia Sm.,Swartzia,myrtifolia,0,0,0,0,0,,0,2016-02-11,2016,26.028362068965514,428.6300000000001,Swartzia,Ingeniero del Suelo - Fijador N
69006,2,Bosque de Tierra Firme,TF5,5b,958A,NO,Apocynaceae,Aspidosperma vargasii A.DC.,Aspidosperma,vargasii,0,0,0,0,0,,0,2016-02-11,2016,26.028362068965514,428.6300000000001,Aspidosperma,Caja Fuerte - Maderable
70002,10,Bosque de Tierra Firme,TF1,1a,501,NO,Fabaceae,Swartzia myrtifolia Sm.,Swartzia,myrtifolia,0,0,0,0,0,,0,2016-10-19,2016,25.56067741935484,69.7,Swartzia,Ingeniero del Suelo - Fijador N
70005,10,Bosque de Tierra Firme,TF1,1a,504,NO,Fabaceae,Swartzia tomentifera (Ducke) Ducke,Swartzia,tomentifera,0,0,0,0,0,,0,2016-10-19,2016,25.56067741935484,69.7,Swartzia,Ingeniero del Suelo - Fijador N
70007,10,Bosque de Tierra Firme,TF1,1a,506,NO,Apocynaceae,Aspidosperma nitidum Benth. ex Müll.Arg.,Aspidosperma,nitidum,0,0,0,0,0,,0,2016-10-19,2016,25.56067741935484,69.7,Aspidosperma,Caja Fuerte - Maderable
70013,10,Bosque de Tierra Firme,TF1,1b,512,NO,Sapotaceae,Pouteria procera (Mart.) K.Hammer,Pouteria,procera,0,0,0,0,0,,0,2016-10-19,2016,25.56067741935484,69.7,Pouteria,Estrella Comercial - Frutal
70014,10,Bosque de Tierra Firme,TF1,1b,513,NO,Euphorbiaceae,Croton sp.,Croton,sp,0,0,0,0,0,muerto,0,2016-10-19,2016,25.56067741935484,69.7,Croton,Estrella Comercial - Industrial
70029,10,Bosque de Tierra Firme,TF1,2b,528,NO,Fabaceae,Erythrina ulei Harms,Erythrina,ulei,0,0,0,0,0,desfoliado,0,2016-10-19,2016,25.56067741935484,69.7,Erythrina,Ingeniero del Suelo - Fijador N
70030,10,Bosque de Tierra Firme,TF1,2b,529,NO,Fabaceae,Erythrina ulei Harms,Erythrina,ulei,0,0,0,0,0,desfoliado,0,2016-10-19,2016,25.56067741935484,69.7,Erythrina,Ingeniero del Suelo - Fijador N
70046,10,Bosque de Tierra Firme,TF1,3b,547,NO,Fabaceae,Erythrina ulei Harms,Erythrina,ulei,0,0,0,0,0,desfoliado,0,2016-10-19,2016,25.56067741935484,69.7,Erythrina,Ingeniero del Suelo - Fijador N
70056,10,Bosque de Tierra Firme,TF1,4b,559,NO,Sapotaceae,Pouteria pariry (Ducke) Baehni,Pouteria,pariry,0,0,0,0,0,desfoliado,0,2016-10-19,2016,25.56067741935484,69.7,Pouteria,Estrella Comercial - Frutal
70059,10,Bosque de Tierra Firme,TF1,5a,564,NO,Fabaceae,Hymenaea courbaril L.,Hymenaea,courbaril,2,0,0,0,0,,1,2016-10-19,2016,25.56067741935484,69.7,Hymenaea,Estrella Comercial - Frutal
70075,10,Bosque de Tierra Firme,TF1,6a,580,NO,Sapotaceae,Pouteria sp. 3,Pouteria,sp,0,0,0,0,0,liana,0,2016-10-19,2016,25.56067741935484,69.7,Pouteria,Estrella Comercial - Frutal
70076,10,Bosque de Tierra Firme,TF1,6a,581,NO,Fabaceae,Swartzia myrtifolia Sm.,Swartzia,myrtifolia,0,0,0,0,0,,0,2016-10-19,2016,25.56067741935484,69.7,Swartzia,Ingeniero del Suelo - Fijador N
70079,10,Bosque de Tierra Firme,TF1,6b,589,NO,Fabaceae,Hymenaea courbaril L.,Hymenaea,courbaril,0,0,0,1,0,,1,2016-10-19,2016,25.56067741935484,69.7,Hymenaea,Estrella Comercial - Frutal
70096,10,Bosque de Tierra Firme,TF2,1b,614,NO,Fabaceae,Copaifera reticulata Ducke,Copaifera,reticulata,0,0,0,0,0,,0,2016-10-19,2016,25.56067741935484,69.7,Copaifera,Estrella Comercial - Industrial
70099,10,Bosque de Tierra Firme,TF2,1b,617,NO,Sapotaceae,Pouteria sp. 2,Pouteria,sp,0,0,0,0,0,,0,2016-10-19,2016,25.56067741935484,69.7,Pouteria,Estrella Comercial - Frutal
70105,10,Bosque de Tierra Firme,TF2,1b,624,NO,Euphorbiaceae,Hevea guianensis Aubl.,Hevea,guianensis,0,0,0,0,0,,0,2016-10-19,2016,25.56067741935484,69.7,Hevea,Estrella Comercial - Industrial
70110,10,Bosque de Tierra Firme,TF2,2a,629,NO,Euphorbiaceae,Hevea guianensis Aubl.,Hevea,guianensis,0,0,0,0,0,,0,2016-10-19,2016,25.56067741935484,69.7,Hevea,Estrella Comercial - Industrial
70117,10,Bosque de Tierra Firme,TF2,2b,638,NO,Moraceae,Brosimum rubescens Taub.,Brosimum,rubescens,0,0,0,0,0,,0,2016-10-19,2016,25.56067741935484,69.7,Brosimum,Caja Fuerte - Maderable
70123,10,Bosque de Tierra Firme,TF2,3a,648,NO,Sapotaceae,Pouteria torta (Mart.) Radlk.,Pouteria,torta,0,0,0,0,0,,0,2016-10-19,2016,25.56067741935484,69.7,Pouteria,Estrella Comercial - Frutal
70128,10,Bosque de Tierra Firme,TF2,3b,654,NO,Fabaceae,Inga sapindoides Willd.,Inga,sapindoides,0,0,0,0,0,,0,2016-10-19,2016,25.56067741935484,69.7,Inga,Ingeniero del Suelo - Fijador N
70133,10,Bosque de Tierra Firme,TF2,4a,661,NO,Euphorbiaceae,Hevea guianensis Aubl.,Hevea,guianensis,0,0,0,0,0,,0,2016-10-19,2016,25.56067741935484,69.7,Hevea,Estrella Comercial - Industrial
70136,10,Bosque de Tierra Firme,TF2,4a,664,NO,Sapotaceae,Pouteria sp. 3,Pouteria,sp,0,0,0,0,0,,0,2016-10-19,2016,25.56067741935484,69.7,Pouteria,Estrella Comercial - Frutal
70140,10,Bosque de Tierra Firme,TF2,4a,669,NO,Fabaceae,Tachigali vasquezii Pipoly,Tachigali,vasquezii,0,0,0,0,0,,0,2016-10-19,2016,25.56067741935484,69.7,Tachigali,Ingeniero del Suelo - Fijador N
70149,10,Bosque de Tierra Firme,TF2,4b,681,NO,Malvaceae,Theobroma speciosum Willd. ex Spreng.,Theobroma,speciosum,0,0,0,0,0,muerto,0,2016-10-19,2016,25.56067741935484,69.7,Theobroma,Estrella Comercial - Frutal
70164,10,Bosque de Tierra Firme,TF2,5a,698,NO,Meliaceae,Cedrela fissilis Vell.,Cedrela,fissilis,0,0,0,0,0,desfoliado,0,2016-10-19,2016,25.56067741935484,69.7,Cedrela,Caja Fuerte - Maderable
70202,10,Bosque de Tierra Firme,TF3,2b,746,NO,Euphorbiaceae,Hevea guianensis Aubl.,Hevea,guianensis,0,0,0,0,0,,0,2016-10-16,2016,25.56067741935484,69.7,Hevea,Estrella Comercial - Industrial
70205,10,Bosque de Tierra Firme,TF3,2b,749,NO,Fabaceae,Cedrelinga catenaeformis (Ducke) Ducke,Cedrelinga,catenaeformis,0,0,0,0,0,,0,2016-10-16,2016,25.56067741935484,69.7,Cedrelinga,Caja Fuerte - Maderable / Fijador N
70208,10,Bosque de Tierra Firme,TF3,3a,756,NO,Fabaceae,Inga alba (Sw.) Willd.,Inga,alba,0,0,0,0,0,,0,2016-10-16,2016,25.56067741935484,69.7,Inga,Ingeniero del Suelo - Fijador N
70215,10,Bosque de Tierra Firme,TF3,4a,765,NO,Apocynaceae,Aspidosperma vargasii A.DC.,Aspidosperma,vargasii,0,0,0,0,0,,0,2016-10-16,2016,25.56067741935484,69.7,Aspidosperma,Caja Fuerte - Maderable
70224,10,Bosque de Tierra Firme,TF3,4b,777,NO,Euphorbiaceae,Hevea guianensis Aubl.,Hevea,guianensis,0,0,0,0,0,,0,2016-10-16,2016,25.56067741935484,69.7,Hevea,Estrella Comercial - Industrial
70230,10,Bosque de Tierra Firme,TF3,5a,785,NO,Fabaceae,Copaifera reticulata Ducke,Copaifera,reticulata,0,0,0,0,0,hojas nuevas,0,2016-10-16,2016,25.56067741935484,69.7,Copaifera,Estrella Comercial - Industrial
70234,10,Bosque de Tierra Firme,TF3,5a,790,NO,Euphorbiaceae,Hevea guianensis Aubl.,Hevea,guianensis,0,0,2,0,0,,1,2016-10-16,2016,25.56067741935484,69.7,Hevea,Estrella Comercial - Industrial
70239,10,Bosque de Tierra Firme,TF3,5b,796,NO,Fabaceae,Copaifera reticulata Ducke,Copaifera,reticulata,0,0,0,0,0,frutos secos,0,2016-10-16,2016,25.56067741935484,69.7,Copaifera,Estrella Comercial - Industrial
70247,10,Bosque de Tierra Firme,TF4,1a,807,NO,Euphorbiaceae,Hevea guianensis Aubl.,Hevea,guianensis,0,0,0,0,0,,0,2016-10-16,2016,25.56067741935484,69.7,Hevea,Estrella Comercial - Industrial
70251,10,Bosque de Tierra Firme,TF4,1a,811,NO,Euphorbiaceae,Hevea guianensis Aubl.,Hevea,guianensis,0,0,0,0,0,,0,2016-10-16,2016,25.56067741935484,69.7,Hevea,Estrella Comercial - Industrial
70257,10,Bosque de Tierra Firme,TF4,1b,817,NO,Sapotaceae,Pouteria pariry (Ducke) Baehni,Pouteria,pariry,0,0,0,0,0,,0,2016-10-16,2016,25.56067741935484,69.7,Pouteria,Estrella Comercial - Frutal
70260,10,Bosque de Tierra Firme,TF4,1b,820,NO,Olacaceae,Aptandra tubicina (Poepp.) Benth. ex Miers,Aptandra,tubicina,0,0,0,0,0,,0,2016-10-16,2016,25.56067741935484,69.7,Aptandra,Ingeniero del Suelo - Pionera
70280,10,Bosque de Tierra Firme,TF4,2a,840,NO,Fabaceae,Inga stipularis DC.,Inga,stipularis,0,0,0,0,0,,0,2016-10-16,2016,25.56067741935484,69.7,Inga,Ingeniero del Suelo - Fijador N
70302,10,Bosque de Tierra Firme,TF4,3a,867,NO,Fabaceae,Inga punctata Willd.,Inga,punctata,0,0,0,0,0,,0,2016-10-16,2016,25.56067741935484,69.7,Inga,Ingeniero del Suelo - Fijador N
70310,10,Bosque de Tierra Firme,TF4,3a,876,NO,Bignonaceae,Jacaranda copaia (Aubl.) D.Don,Jacaranda,copaia,0,0,0,0,0,,0,2016-10-16,2016,25.56067741935484,69.7,Jacaranda,Ingeniero del Suelo - Pionera
70317,10,Bosque de Tierra Firme,TF4,3b,884,NO,Apocynaceae,Aspidosperma nitidum Benth. ex Müll.Arg.,Aspidosperma,nitidum,0,0,0,0,0,,0,2016-10-16,2016,25.56067741935484,69.7,Aspidosperma,Caja Fuerte - Maderable
70324,10,Bosque de Tierra Firme,TF4,3b,891,NO,Sapotaceae,Pouteria tarapotensis (Eichler ex Pierre) Baehni,Pouteria,tarapotensis,3,0,0,0,0,,1,2016-10-16,2016,25.56067741935484,69.7,Pouteria,Estrella Comercial - Frutal
70337,10,Bosque de Tierra Firme,TF5,1a,903,NO,Sapotaceae,Pouteria procera (Mart.) K.Hammer,Pouteria,procera,0,0,2,0,0,,1,2016-10-17,2016,25.56067741935484,69.7,Pouteria,Estrella Comercial - Frutal
70343,10,Bosque de Tierra Firme,TF5,1a,911,NO,Fabaceae,Inga auristellae Harms,Inga,auristellae,0,0,1,0,0,,1,2016-10-17,2016,25.56067741935484,69.7,Inga,Ingeniero del Suelo - Fijador N
70347,10,Bosque de Tierra Firme,TF5,1b,915,NO,Fabaceae,Inga sp. 2,Inga,sp,0,0,0,0,0,,0,2016-10-17,2016,25.56067741935484,69.7,Inga,Ingeniero del Suelo - Fijador N
70350,10,Bosque de Tierra Firme,TF5,1b,918,NO,Fabaceae,Inga cordistipula Mart.,Inga,cordistipula,0,0,0,0,0,,0,2016-10-17,2016,25.56067741935484,69.7,Inga,Ingeniero del Suelo - Fijador N
70355,10,Bosque de Tierra Firme,TF5,2a,923,NO,Malvaceae,Theobroma speciosum Willd. ex Spreng.,Theobroma,speciosum,2,1,0,0,0,,1,2016-10-17,2016,25.56067741935484,69.7,Theobroma,Estrella Comercial - Frutal
70362,10,Bosque de Tierra Firme,TF5,2a,930,NO,Apocynaceae,Aspidosperma rigidum Rusby,Aspidosperma,rigidum,3,0,0,0,0,hojas nuevas,1,2016-10-17,2016,25.56067741935484,69.7,Aspidosperma,Caja Fuerte - Maderable
70363,10,Bosque de Tierra Firme,TF5,2b,934,NO,Fabaceae,Dipteryx micrantha Harms,Dipteryx,micrantha,0,0,0,0,0,,0,2016-10-17,2016,25.56067741935484,69.7,Dipteryx,Estrella Comercial - Industrial
70370,10,Bosque de Tierra Firme,TF5,3a,942,NO,Fabaceae,Inga edulis Mart.,Inga,edulis,0,0,0,0,0,desfoliado,0,2016-10-17,2016,25.56067741935484,69.7,Inga,Ingeniero del Suelo - Fijador N
70374,10,Bosque de Tierra Firme,TF5,3a,946,NO,Fabaceae,Inga sp. 2,Inga,sp,0,0,0,0,0,muerto,0,2016-10-17,2016,25.56067741935484,69.7,Inga,Ingeniero del Suelo - Fijador N
70385,10,Bosque de Tierra Firme,TF5,3b,2632,NO,Arecaceae,Bactris gasipaes Kunth,Bactris,gasipaes,0,0,0,0,0,,0,2016-10-17,2016,25.56067741935484,69.7,Bactris,Estrella Comercial - Frutal
70388,10,Bosque de Tierra Firme,TF5,4a,965,NO,Fabaceae,Copaifera reticulata Ducke,Copaifera,reticulata,0,0,0,3,0,,1,2016-10-17,2016,25.56067741935484,69.7,Copaifera,Estrella Comercial - Industrial
70391,10,Bosque de Tierra Firme,TF5,4a,968,NO,Sapotaceae,Pouteria sp. 3,Pouteria,sp,3,2,0,0,0,,1,2016-10-17,2016,25.56067741935484,69.7,Pouteria,Estrella Comercial - Frutal
70393,10,Bosque de Tierra Firme,TF5,4a,970,NO,Sapotaceae,Pouteria procera (Mart.) K.Hammer,Pouteria,procera,0,0,0,0,0,,0,2016-10-17,2016,25.56067741935484,69.7,Pouteria,Estrella Comercial - Frutal
70396,10,Bosque de Tierra Firme,TF5,4a,973,NO,Urticaceae,Cecropia sp. 1,Cecropia,sp,0,0,0,0,0,,0,2016-10-17,2016,25.56067741935484,69.7,Cecropia,Ingeniero del Suelo - Pionera
70401,10,Bosque de Tierra Firme,TF5,4a,978,NO,Fabaceae,Swartzia myrtifolia Sm.,Swartzia,myrtifolia,0,0,3,0,0,,1,2016-10-17,2016,25.56067741935484,69.7,Swartzia,Ingeniero del Suelo - Fijador N
70405,10,Bosque de Tierra Firme,TF5,4b,983,NO,Bignonaceae,Jacaranda copaia subsp. spectabilis (Mart. ex DC.) A.H.Gentry,Jacaranda,copaia subsp. spectabilis,0,0,0,0,0,,0,2016-10-17,2016,25.56067741935484,69.7,Jacaranda,Ingeniero del Suelo - Pionera
70408,10,Bosque de Tierra Firme,TF5,4b,986,NO,Sapotaceae,Pouteria tarapotensis (Eichler ex Pierre) Baehni,Pouteria,tarapotensis,0,0,0,0,0,,0,2016-10-17,2016,25.56067741935484,69.7,Pouteria,Estrella Comercial - Frutal
70409,10,Bosque de Tierra Firme,TF5,4b,2577,NO,Fabaceae,Inga sp. 2,Inga,sp,0,0,0,0,0,,0,2016-10-17,2016,25.56067741935484,69.7,Inga,Ingeniero del Suelo - Fijador N
70410,10,Bosque de Tierra Firme,TF5,4b,988,NO,Moraceae,Brosimum acutifolium subsp. obovatum (Ducke) C.C.Berg,Brosimum,acutifolium subsp. obovatum,0,0,0,0,0,desfoliando,0,2016-10-17,2016,25.56067741935484,69.7,Brosimum,Caja Fuerte - Maderable
70412,10,Bosque de Tierra Firme,TF5,4b,990,NO,Sapotaceae,Pouteria tarapotensis (Eichler ex Pierre) Baehni,Pouteria,tarapotensis,3,2,0,0,0,,1,2016-10-17,2016,25.56067741935484,69.7,Pouteria,Estrella Comercial - Frutal
70416,10,Bosque de Tierra Firme,TF5,4b,994,NO,Fabaceae,Inga sp. 2,Inga,sp,0,0,0,0,0,,0,2016-10-17,2016,25.56067741935484,69.7,Inga,Ingeniero del Suelo - Fijador N
70423,10,Bosque de Tierra Firme,TF5,5a,994A,NO,Apocynaceae,Aspidosperma rigidum Rusby,Aspidosperma,rigidum,0,0,0,0,0,,0,2016-10-17,2016,25.56067741935484,69.7,Aspidosperma,Caja Fuerte - Maderable
70426,10,Bosque de Tierra Firme,TF5,5b,998,NO,Fabaceae,Swartzia myrtifolia Sm.,Swartzia,myrtifolia,0,0,0,0,0,,0,2016-10-17,2016,25.56067741935484,69.7,Swartzia,Ingeniero del Suelo - Fijador N
70429,10,Bosque de Tierra Firme,TF5,5b,958A,NO,Apocynaceae,Aspidosperma vargasii A.DC.,Aspidosperma,vargasii,0,0,0,0,0,,0,2016-10-17,2016,25.56067741935484,69.7,Aspidosperma,Caja Fuerte - Maderable
71425,11,Bosque de Tierra Firme,TF1,1a,501,NO,Fabaceae,Swartzia myrtifolia Sm.,Swartzia,myrtifolia,0,0,0,0,0,,0,2016-11-16,2016,25.09708333333333,449.96000000000015,Swartzia,Ingeniero del Suelo - Fijador N
71428,11,Bosque de Tierra Firme,TF1,1a,504,NO,Fabaceae,Swartzia tomentifera (Ducke) Ducke,Swartzia,tomentifera,0,0,0,0,0,,0,2016-11-16,2016,25.09708333333333,449.96000000000015,Swartzia,Ingeniero del Suelo - Fijador N
71430,11,Bosque de Tierra Firme,TF1,1a,506,NO,Apocynaceae,Aspidosperma nitidum Benth. ex Müll.Arg.,Aspidosperma,nitidum,0,0,0,0,0,,0,2016-11-16,2016,25.09708333333333,449.96000000000015,Aspidosperma,Caja Fuerte - Maderable
71436,11,Bosque de Tierra Firme,TF1,1b,512,NO,Sapotaceae,Pouteria procera (Mart.) K.Hammer,Pouteria,procera,0,0,0,0,0,,0,2016-11-16,2016,25.09708333333333,449.96000000000015,Pouteria,Estrella Comercial - Frutal
71437,11,Bosque de Tierra Firme,TF1,1b,513,NO,Euphorbiaceae,Croton sp.,Croton,sp,0,0,0,0,0,muerto,0,2016-11-16,2016,25.09708333333333,449.96000000000015,Croton,Estrella Comercial - Industrial
71452,11,Bosque de Tierra Firme,TF1,2b,528,NO,Fabaceae,Erythrina ulei Harms,Erythrina,ulei,0,0,0,0,0,desfoliado,0,2016-11-16,2016,25.09708333333333,449.96000000000015,Erythrina,Ingeniero del Suelo - Fijador N
71453,11,Bosque de Tierra Firme,TF1,2b,529,NO,Fabaceae,Erythrina ulei Harms,Erythrina,ulei,0,0,0,0,0,desfoliado,0,2016-11-16,2016,25.09708333333333,449.96000000000015,Erythrina,Ingeniero del Suelo - Fijador N
71470,11,Bosque de Tierra Firme,TF1,3b,547,NO,Fabaceae,Erythrina ulei Harms,Erythrina,ulei,0,0,0,0,0,desfoliado,0,2016-11-16,2016,25.09708333333333,449.96000000000015,Erythrina,Ingeniero del Suelo - Fijador N
71480,11,Bosque de Tierra Firme,TF1,4b,559,NO,Sapotaceae,Pouteria pariry (Ducke) Baehni,Pouteria,pariry,0,0,0,0,0,desfoliado,0,2016-11-16,2016,25.09708333333333,449.96000000000015,Pouteria,Estrella Comercial - Frutal
71483,11,Bosque de Tierra Firme,TF1,5a,564,NO,Fabaceae,Hymenaea courbaril L.,Hymenaea,courbaril,2,2,3,0,0,,1,2016-11-16,2016,25.09708333333333,449.96000000000015,Hymenaea,Estrella Comercial - Frutal
71499,11,Bosque de Tierra Firme,TF1,6a,580,NO,Sapotaceae,Pouteria sp. 3,Pouteria,sp,0,0,0,0,0,liana,0,2016-11-16,2016,25.09708333333333,449.96000000000015,Pouteria,Estrella Comercial - Frutal
71500,11,Bosque de Tierra Firme,TF1,6a,581,NO,Fabaceae,Swartzia myrtifolia Sm.,Swartzia,myrtifolia,0,0,0,0,0,,0,2016-11-16,2016,25.09708333333333,449.96000000000015,Swartzia,Ingeniero del Suelo - Fijador N
71503,11,Bosque de Tierra Firme,TF1,6b,589,NO,Fabaceae,Hymenaea courbaril L.,Hymenaea,courbaril,0,0,0,0,0,,0,2016-11-16,2016,25.09708333333333,449.96000000000015,Hymenaea,Estrella Comercial - Frutal
71520,11,Bosque de Tierra Firme,TF2,1b,614,NO,Fabaceae,Copaifera reticulata Ducke,Copaifera,reticulata,0,0,0,0,0,frutos secos,0,2016-11-16,2016,25.09708333333333,449.96000000000015,Copaifera,Estrella Comercial - Industrial
71523,11,Bosque de Tierra Firme,TF2,1b,617,NO,Sapotaceae,Pouteria sp. 2,Pouteria,sp,0,0,0,0,0,hojas nuevas,0,2016-11-16,2016,25.09708333333333,449.96000000000015,Pouteria,Estrella Comercial - Frutal
71529,11,Bosque de Tierra Firme,TF2,1b,624,NO,Euphorbiaceae,Hevea guianensis Aubl.,Hevea,guianensis,0,0,0,0,0,,0,2016-11-16,2016,25.09708333333333,449.96000000000015,Hevea,Estrella Comercial - Industrial
71534,11,Bosque de Tierra Firme,TF2,2a,629,NO,Euphorbiaceae,Hevea guianensis Aubl.,Hevea,guianensis,0,0,0,0,0,,0,2016-11-16,2016,25.09708333333333,449.96000000000015,Hevea,Estrella Comercial - Industrial
71541,11,Bosque de Tierra Firme,TF2,2b,638,NO,Moraceae,Brosimum rubescens Taub.,Brosimum,rubescens,0,0,0,0,0,,0,2016-11-16,2016,25.09708333333333,449.96000000000015,Brosimum,Caja Fuerte - Maderable
71547,11,Bosque de Tierra Firme,TF2,3a,648,NO,Sapotaceae,Pouteria torta (Mart.) Radlk.,Pouteria,torta,0,0,0,0,0,,0,2016-11-16,2016,25.09708333333333,449.96000000000015,Pouteria,Estrella Comercial - Frutal
71552,11,Bosque de Tierra Firme,TF2,3b,654,NO,Fabaceae,Inga sapindoides Willd.,Inga,sapindoides,0,0,0,0,0,,0,2016-11-16,2016,25.09708333333333,449.96000000000015,Inga,Ingeniero del Suelo - Fijador N
71557,11,Bosque de Tierra Firme,TF2,4a,661,NO,Euphorbiaceae,Hevea guianensis Aubl.,Hevea,guianensis,0,0,0,0,0,,0,2016-11-16,2016,25.09708333333333,449.96000000000015,Hevea,Estrella Comercial - Industrial
71560,11,Bosque de Tierra Firme,TF2,4a,664,NO,Sapotaceae,Pouteria sp. 3,Pouteria,sp,0,0,0,0,0,,0,2016-11-16,2016,25.09708333333333,449.96000000000015,Pouteria,Estrella Comercial - Frutal
71564,11,Bosque de Tierra Firme,TF2,4a,669,NO,Fabaceae,Tachigali vasquezii Pipoly,Tachigali,vasquezii,0,0,0,0,0,,0,2016-11-16,2016,25.09708333333333,449.96000000000015,Tachigali,Ingeniero del Suelo - Fijador N
71574,11,Bosque de Tierra Firme,TF2,4b,681,NO,Malvaceae,Theobroma speciosum Willd. ex Spreng.,Theobroma,speciosum,0,0,0,0,0,muerto,0,2016-11-16,2016,25.09708333333333,449.96000000000015,Theobroma,Estrella Comercial - Frutal
71589,11,Bosque de Tierra Firme,TF2,5a,698,NO,Meliaceae,Cedrela fissilis Vell.,Cedrela,fissilis,0,0,0,0,0,hojas nuevas,0,2016-11-16,2016,25.09708333333333,449.96000000000015,Cedrela,Caja Fuerte - Maderable
71627,11,Bosque de Tierra Firme,TF3,2b,746,NO,Euphorbiaceae,Hevea guianensis Aubl.,Hevea,guianensis,0,0,0,0,0,,0,2016-11-17,2016,25.09708333333333,449.96000000000015,Hevea,Estrella Comercial - Industrial
71630,11,Bosque de Tierra Firme,TF3,2b,749,NO,Fabaceae,Cedrelinga catenaeformis (Ducke) Ducke,Cedrelinga,catenaeformis,0,0,0,0,0,,0,2016-11-17,2016,25.09708333333333,449.96000000000015,Cedrelinga,Caja Fuerte - Maderable / Fijador N
71633,11,Bosque de Tierra Firme,TF3,3a,756,NO,Fabaceae,Inga alba (Sw.) Willd.,Inga,alba,0,0,0,0,0,,0,2016-11-17,2016,25.09708333333333,449.96000000000015,Inga,Ingeniero del Suelo - Fijador N
71640,11,Bosque de Tierra Firme,TF3,4a,765,NO,Apocynaceae,Aspidosperma vargasii A.DC.,Aspidosperma,vargasii,0,0,0,0,0,,0,2016-11-17,2016,25.09708333333333,449.96000000000015,Aspidosperma,Caja Fuerte - Maderable
71649,11,Bosque de Tierra Firme,TF3,4b,777,NO,Euphorbiaceae,Hevea guianensis Aubl.,Hevea,guianensis,0,0,0,0,0,,0,2016-11-17,2016,25.09708333333333,449.96000000000015,Hevea,Estrella Comercial - Industrial
71655,11,Bosque de Tierra Firme,TF3,5a,785,NO,Fabaceae,Copaifera reticulata Ducke,Copaifera,reticulata,0,0,0,0,0,frutos secos,0,2016-11-17,2016,25.09708333333333,449.96000000000015,Copaifera,Estrella Comercial - Industrial
71659,11,Bosque de Tierra Firme,TF3,5a,790,NO,Euphorbiaceae,Hevea guianensis Aubl.,Hevea,guianensis,0,0,2,0,0,,1,2016-11-17,2016,25.09708333333333,449.96000000000015,Hevea,Estrella Comercial - Industrial
71664,11,Bosque de Tierra Firme,TF3,5b,796,NO,Fabaceae,Copaifera reticulata Ducke,Copaifera,reticulata,0,0,0,0,0,frutos secos,0,2016-11-17,2016,25.09708333333333,449.96000000000015,Copaifera,Estrella Comercial - Industrial
71672,11,Bosque de Tierra Firme,TF4,1a,807,NO,Euphorbiaceae,Hevea guianensis Aubl.,Hevea,guianensis,0,0,0,0,0,,0,2016-11-17,2016,25.09708333333333,449.96000000000015,Hevea,Estrella Comercial - Industrial
71676,11,Bosque de Tierra Firme,TF4,1a,811,NO,Euphorbiaceae,Hevea guianensis Aubl.,Hevea,guianensis,0,0,0,0,0,,0,2016-11-17,2016,25.09708333333333,449.96000000000015,Hevea,Estrella Comercial - Industrial
71682,11,Bosque de Tierra Firme,TF4,1b,817,NO,Sapotaceae,Pouteria pariry (Ducke) Baehni,Pouteria,pariry,0,0,0,0,0,,0,2016-11-17,2016,25.09708333333333,449.96000000000015,Pouteria,Estrella Comercial - Frutal
71685,11,Bosque de Tierra Firme,TF4,1b,820,NO,Olacaceae,Aptandra tubicina (Poepp.) Benth. ex Miers,Aptandra,tubicina,0,0,0,0,0,,0,2016-11-17,2016,25.09708333333333,449.96000000000015,Aptandra,Ingeniero del Suelo - Pionera
71705,11,Bosque de Tierra Firme,TF4,2a,840,NO,Fabaceae,Inga stipularis DC.,Inga,stipularis,2,0,0,0,0,,1,2016-11-17,2016,25.09708333333333,449.96000000000015,Inga,Ingeniero del Suelo - Fijador N
71727,11,Bosque de Tierra Firme,TF4,3a,867,NO,Fabaceae,Inga punctata Willd.,Inga,punctata,0,0,0,0,0,,0,2016-11-17,2016,25.09708333333333,449.96000000000015,Inga,Ingeniero del Suelo - Fijador N
71735,11,Bosque de Tierra Firme,TF4,3a,876,NO,Bignonaceae,Jacaranda copaia (Aubl.) D.Don,Jacaranda,copaia,0,0,0,0,0,,0,2016-11-17,2016,25.09708333333333,449.96000000000015,Jacaranda,Ingeniero del Suelo - Pionera
71742,11,Bosque de Tierra Firme,TF4,3b,884,NO,Apocynaceae,Aspidosperma nitidum Benth. ex Müll.Arg.,Aspidosperma,nitidum,0,0,0,0,0,,0,2016-11-17,2016,25.09708333333333,449.96000000000015,Aspidosperma,Caja Fuerte - Maderable
71749,11,Bosque de Tierra Firme,TF4,3b,891,NO,Sapotaceae,Pouteria tarapotensis (Eichler ex Pierre) Baehni,Pouteria,tarapotensis,0,0,0,0,0,,0,2016-11-17,2016,25.09708333333333,449.96000000000015,Pouteria,Estrella Comercial - Frutal
71762,11,Bosque de Tierra Firme,TF5,1a,903,NO,Sapotaceae,Pouteria procera (Mart.) K.Hammer,Pouteria,procera,0,0,2,0,0,,1,2016-11-16,2016,25.09708333333333,449.96000000000015,Pouteria,Estrella Comercial - Frutal
71768,11,Bosque de Tierra Firme,TF5,1a,911,NO,Fabaceae,Inga auristellae Harms,Inga,auristellae,0,0,1,0,0,,1,2016-11-16,2016,25.09708333333333,449.96000000000015,Inga,Ingeniero del Suelo - Fijador N
71772,11,Bosque de Tierra Firme,TF5,1b,915,NO,Fabaceae,Inga sp. 2,Inga,sp,0,0,0,0,0,,0,2016-11-16,2016,25.09708333333333,449.96000000000015,Inga,Ingeniero del Suelo - Fijador N
71775,11,Bosque de Tierra Firme,TF5,1b,918,NO,Fabaceae,Inga cordistipula Mart.,Inga,cordistipula,0,0,0,0,0,,0,2016-11-16,2016,25.09708333333333,449.96000000000015,Inga,Ingeniero del Suelo - Fijador N
71780,11,Bosque de Tierra Firme,TF5,2a,923,NO,Malvaceae,Theobroma speciosum Willd. ex Spreng.,Theobroma,speciosum,2,0,0,0,0,,1,2016-11-16,2016,25.09708333333333,449.96000000000015,Theobroma,Estrella Comercial - Frutal
71787,11,Bosque de Tierra Firme,TF5,2a,930,NO,Apocynaceae,Aspidosperma rigidum Rusby,Aspidosperma,rigidum,3,0,0,0,0,,1,2016-11-16,2016,25.09708333333333,449.96000000000015,Aspidosperma,Caja Fuerte - Maderable
71788,11,Bosque de Tierra Firme,TF5,2b,934,NO,Fabaceae,Dipteryx micrantha Harms,Dipteryx,micrantha,0,0,0,0,0,desfoliado,0,2016-11-16,2016,25.09708333333333,449.96000000000015,Dipteryx,Estrella Comercial - Industrial
71795,11,Bosque de Tierra Firme,TF5,3a,942,NO,Fabaceae,Inga edulis Mart.,Inga,edulis,0,0,0,0,0,hojas nuevas,0,2016-11-16,2016,25.09708333333333,449.96000000000015,Inga,Ingeniero del Suelo - Fijador N
71799,11,Bosque de Tierra Firme,TF5,3a,946,NO,Fabaceae,Inga sp. 2,Inga,sp,0,0,0,0,0,muerto,0,2016-11-16,2016,25.09708333333333,449.96000000000015,Inga,Ingeniero del Suelo - Fijador N
71810,11,Bosque de Tierra Firme,TF5,3b,2632,NO,Arecaceae,Bactris gasipaes Kunth,Bactris,gasipaes,0,0,0,0,0,,0,2016-11-16,2016,25.09708333333333,449.96000000000015,Bactris,Estrella Comercial - Frutal
71813,11,Bosque de Tierra Firme,TF5,4a,965,NO,Fabaceae,Copaifera reticulata Ducke,Copaifera,reticulata,0,0,0,0,0,hojas nuevas,0,2016-11-16,2016,25.09708333333333,449.96000000000015,Copaifera,Estrella Comercial - Industrial
71816,11,Bosque de Tierra Firme,TF5,4a,968,NO,Sapotaceae,Pouteria sp. 3,Pouteria,sp,0,2,0,0,0,,1,2016-11-16,2016,25.09708333333333,449.96000000000015,Pouteria,Estrella Comercial - Frutal
71818,11,Bosque de Tierra Firme,TF5,4a,970,NO,Sapotaceae,Pouteria procera (Mart.) K.Hammer,Pouteria,procera,0,0,0,0,0,,0,2016-11-16,2016,25.09708333333333,449.96000000000015,Pouteria,Estrella Comercial - Frutal
71821,11,Bosque de Tierra Firme,TF5,4a,973,NO,Urticaceae,Cecropia sp. 1,Cecropia,sp,0,0,0,0,0,,0,2016-11-16,2016,25.09708333333333,449.96000000000015,Cecropia,Ingeniero del Suelo - Pionera
71826,11,Bosque de Tierra Firme,TF5,4a,978,NO,Fabaceae,Swartzia myrtifolia Sm.,Swartzia,myrtifolia,0,0,2,0,0,,1,2016-11-16,2016,25.09708333333333,449.96000000000015,Swartzia,Ingeniero del Suelo - Fijador N
71830,11,Bosque de Tierra Firme,TF5,4b,983,NO,Bignonaceae,Jacaranda copaia subsp. spectabilis (Mart. ex DC.) A.H.Gentry,Jacaranda,copaia subsp. spectabilis,0,0,0,0,0,,0,2016-11-16,2016,25.09708333333333,449.96000000000015,Jacaranda,Ingeniero del Suelo - Pionera
71833,11,Bosque de Tierra Firme,TF5,4b,986,NO,Sapotaceae,Pouteria tarapotensis (Eichler ex Pierre) Baehni,Pouteria,tarapotensis,0,0,1,0,0,,1,2016-11-16,2016,25.09708333333333,449.96000000000015,Pouteria,Estrella Comercial - Frutal
71834,11,Bosque de Tierra Firme,TF5,4b,2577,NO,Fabaceae,Inga sp. 2,Inga,sp,0,0,0,0,0,,0,2016-11-16,2016,25.09708333333333,449.96000000000015,Inga,Ingeniero del Suelo - Fijador N
71835,11,Bosque de Tierra Firme,TF5,4b,988,NO,Moraceae,Brosimum acutifolium subsp. obovatum (Ducke) C.C.Berg,Brosimum,acutifolium subsp. obovatum,0,0,0,0,0,desfoliado,0,2016-11-16,2016,25.09708333333333,449.96000000000015,Brosimum,Caja Fuerte - Maderable
71837,11,Bosque de Tierra Firme,TF5,4b,990,NO,Sapotaceae,Pouteria tarapotensis (Eichler ex Pierre) Baehni,Pouteria,tarapotensis,0,0,3,0,0,,1,2016-11-16,2016,25.09708333333333,449.96000000000015,Pouteria,Estrella Comercial - Frutal
71841,11,Bosque de Tierra Firme,TF5,4b,994,NO,Fabaceae,Inga sp. 2,Inga,sp,0,0,0,0,0,,0,2016-11-16,2016,25.09708333333333,449.96000000000015,Inga,Ingeniero del Suelo - Fijador N
71848,11,Bosque de Tierra Firme,TF5,5a,994A,NO,Apocynaceae,Aspidosperma rigidum Rusby,Aspidosperma,rigidum,0,0,0,0,0,,0,2016-11-16,2016,25.09708333333333,449.96000000000015,Aspidosperma,Caja Fuerte - Maderable
71851,11,Bosque de Tierra Firme,TF5,5b,998,NO,Fabaceae,Swartzia myrtifolia Sm.,Swartzia,myrtifolia,0,0,0,0,0,,0,2016-11-16,2016,25.09708333333333,449.96000000000015,Swartzia,Ingeniero del Suelo - Fijador N
71854,11,Bosque de Tierra Firme,TF5,5b,958A,NO,Apocynaceae,Aspidosperma vargasii A.DC.,Aspidosperma,vargasii,0,0,0,0,0,,0,2016-11-16,2016,25.09708333333333,449.96000000000015,Aspidosperma,Caja Fuerte - Maderable
72850,12,Bosque de Tierra Firme,TF1,1a,501,NO,Fabaceae,Swartzia myrtifolia Sm.,Swartzia,myrtifolia,0,0,0,0,0,,0,2016-12-16,2016,,,Swartzia,Ingeniero del Suelo - Fijador N
72853,12,Bosque de Tierra Firme,TF1,1a,504,NO,Fabaceae,Swartzia tomentifera (Ducke) Ducke,Swartzia,tomentifera,0,0,0,0,0,,0,2016-12-16,2016,,,Swartzia,Ingeniero del Suelo - Fijador N
72855,12,Bosque de Tierra Firme,TF1,1a,506,NO,Apocynaceae,Aspidosperma nitidum Benth. ex Müll.Arg.,Aspidosperma,nitidum,0,0,0,0,0,,0,2016-12-16,2016,,,Aspidosperma,Caja Fuerte - Maderable
72861,12,Bosque de Tierra Firme,TF1,1b,512,NO,Sapotaceae,Pouteria procera (Mart.) K.Hammer,Pouteria,procera,0,0,0,0,0,,0,2016-12-16,2016,,,Pouteria,Estrella Comercial - Frutal
72862,12,Bosque de Tierra Firme,TF1,1b,513,NO,Euphorbiaceae,Croton sp.,Croton,sp,0,0,0,0,0,muerto,0,2016-12-16,2016,,,Croton,Estrella Comercial - Industrial
72877,12,Bosque de Tierra Firme,TF1,2b,528,NO,Fabaceae,Erythrina ulei Harms,Erythrina,ulei,0,0,0,0,0,desfoliado,0,2016-12-16,2016,,,Erythrina,Ingeniero del Suelo - Fijador N
72878,12,Bosque de Tierra Firme,TF1,2b,529,NO,Fabaceae,Erythrina ulei Harms,Erythrina,ulei,0,0,0,0,0,desfoliado,0,2016-12-16,2016,,,Erythrina,Ingeniero del Suelo - Fijador N
72895,12,Bosque de Tierra Firme,TF1,3b,547,NO,Fabaceae,Erythrina ulei Harms,Erythrina,ulei,0,0,0,0,0,,0,2016-12-16,2016,,,Erythrina,Ingeniero del Suelo - Fijador N
72905,12,Bosque de Tierra Firme,TF1,4b,559,NO,Sapotaceae,Pouteria pariry (Ducke) Baehni,Pouteria,pariry,0,0,0,0,0,desfoliado,0,2016-12-16,2016,,,Pouteria,Estrella Comercial - Frutal
72908,12,Bosque de Tierra Firme,TF1,5a,564,NO,Fabaceae,Hymenaea courbaril L.,Hymenaea,courbaril,0,0,3,0,0,,1,2016-12-16,2016,,,Hymenaea,Estrella Comercial - Frutal
72924,12,Bosque de Tierra Firme,TF1,6a,580,NO,Sapotaceae,Pouteria sp. 3,Pouteria,sp,0,0,0,0,0,liana,0,2016-12-16,2016,,,Pouteria,Estrella Comercial - Frutal
72925,12,Bosque de Tierra Firme,TF1,6a,581,NO,Fabaceae,Swartzia myrtifolia Sm.,Swartzia,myrtifolia,0,0,0,0,0,,0,2016-12-16,2016,,,Swartzia,Ingeniero del Suelo - Fijador N
72928,12,Bosque de Tierra Firme,TF1,6b,589,NO,Fabaceae,Hymenaea courbaril L.,Hymenaea,courbaril,3,0,0,0,0,frutos secos,1,2016-12-16,2016,,,Hymenaea,Estrella Comercial - Frutal
72945,12,Bosque de Tierra Firme,TF2,1b,614,NO,Fabaceae,Copaifera reticulata Ducke,Copaifera,reticulata,0,0,0,0,0,,0,2016-12-16,2016,,,Copaifera,Estrella Comercial - Industrial
72948,12,Bosque de Tierra Firme,TF2,1b,617,NO,Sapotaceae,Pouteria sp. 2,Pouteria,sp,0,0,0,0,0,,0,2016-12-16,2016,,,Pouteria,Estrella Comercial - Frutal
72954,12,Bosque de Tierra Firme,TF2,1b,624,NO,Euphorbiaceae,Hevea guianensis Aubl.,Hevea,guianensis,0,0,0,0,0,,0,2016-12-16,2016,,,Hevea,Estrella Comercial - Industrial
72959,12,Bosque de Tierra Firme,TF2,2a,629,NO,Euphorbiaceae,Hevea guianensis Aubl.,Hevea,guianensis,0,0,0,0,0,,0,2016-12-16,2016,,,Hevea,Estrella Comercial - Industrial
72966,12,Bosque de Tierra Firme,TF2,2b,638,NO,Moraceae,Brosimum rubescens Taub.,Brosimum,rubescens,0,0,0,0,0,,0,2016-12-16,2016,,,Brosimum,Caja Fuerte - Maderable
72972,12,Bosque de Tierra Firme,TF2,3a,648,NO,Sapotaceae,Pouteria torta (Mart.) Radlk.,Pouteria,torta,0,0,0,0,0,,0,2016-12-16,2016,,,Pouteria,Estrella Comercial - Frutal
72977,12,Bosque de Tierra Firme,TF2,3b,654,NO,Fabaceae,Inga sapindoides Willd.,Inga,sapindoides,0,0,0,0,0,,0,2016-12-16,2016,,,Inga,Ingeniero del Suelo - Fijador N
72982,12,Bosque de Tierra Firme,TF2,4a,661,NO,Euphorbiaceae,Hevea guianensis Aubl.,Hevea,guianensis,0,0,0,0,0,,0,2016-12-16,2016,,,Hevea,Estrella Comercial - Industrial
72985,12,Bosque de Tierra Firme,TF2,4a,664,NO,Sapotaceae,Pouteria sp. 3,Pouteria,sp,0,0,0,0,0,,0,2016-12-16,2016,,,Pouteria,Estrella Comercial - Frutal
72989,12,Bosque de Tierra Firme,TF2,4a,669,NO,Fabaceae,Tachigali vasquezii Pipoly,Tachigali,vasquezii,0,0,0,0,0,,0,2016-12-16,2016,,,Tachigali,Ingeniero del Suelo - Fijador N
72999,12,Bosque de Tierra Firme,TF2,4b,681,NO,Malvaceae,Theobroma speciosum Willd. ex Spreng.,Theobroma,speciosum,0,0,0,0,0,muerto,0,2016-12-16,2016,,,Theobroma,Estrella Comercial - Frutal
73014,12,Bosque de Tierra Firme,TF2,5a,698,NO,Meliaceae,Cedrela fissilis Vell.,Cedrela,fissilis,0,0,0,0,0,hojas nuevas,0,2016-12-16,2016,,,Cedrela,Caja Fuerte - Maderable
73052,12,Bosque de Tierra Firme,TF3,2b,746,NO,Euphorbiaceae,Hevea guianensis Aubl.,Hevea,guianensis,0,0,0,0,0,,0,2016-12-17,2016,,,Hevea,Estrella Comercial - Industrial
73055,12,Bosque de Tierra Firme,TF3,2b,749,NO,Fabaceae,Cedrelinga catenaeformis (Ducke) Ducke,Cedrelinga,catenaeformis,0,0,0,0,0,,0,2016-12-17,2016,,,Cedrelinga,Caja Fuerte - Maderable / Fijador N
73058,12,Bosque de Tierra Firme,TF3,3a,756,NO,Fabaceae,Inga alba (Sw.) Willd.,Inga,alba,0,0,0,0,0,,0,2016-12-17,2016,,,Inga,Ingeniero del Suelo - Fijador N
73065,12,Bosque de Tierra Firme,TF3,4a,765,NO,Apocynaceae,Aspidosperma vargasii A.DC.,Aspidosperma,vargasii,0,0,0,0,0,,0,2016-12-17,2016,,,Aspidosperma,Caja Fuerte - Maderable
73074,12,Bosque de Tierra Firme,TF3,4b,777,NO,Euphorbiaceae,Hevea guianensis Aubl.,Hevea,guianensis,0,0,0,0,0,,0,2016-12-17,2016,,,Hevea,Estrella Comercial - Industrial
73080,12,Bosque de Tierra Firme,TF3,5a,785,NO,Fabaceae,Copaifera reticulata Ducke,Copaifera,reticulata,0,0,0,0,0,,0,2016-12-17,2016,,,Copaifera,Estrella Comercial - Industrial
73084,12,Bosque de Tierra Firme,TF3,5a,790,NO,Euphorbiaceae,Hevea guianensis Aubl.,Hevea,guianensis,0,0,1,1,0,,1,2016-12-17,2016,,,Hevea,Estrella Comercial - Industrial
73089,12,Bosque de Tierra Firme,TF3,5b,796,NO,Fabaceae,Copaifera reticulata Ducke,Copaifera,reticulata,0,0,0,0,0,,0,2016-12-17,2016,,,Copaifera,Estrella Comercial - Industrial
73097,12,Bosque de Tierra Firme,TF4,1a,807,NO,Euphorbiaceae,Hevea guianensis Aubl.,Hevea,guianensis,0,0,0,0,0,,0,2016-12-17,2016,,,Hevea,Estrella Comercial - Industrial
73101,12,Bosque de Tierra Firme,TF4,1a,811,NO,Euphorbiaceae,Hevea guianensis Aubl.,Hevea,guianensis,0,0,0,0,0,,0,2016-12-17,2016,,,Hevea,Estrella Comercial - Industrial
73107,12,Bosque de Tierra Firme,TF4,1b,817,NO,Sapotaceae,Pouteria pariry (Ducke) Baehni,Pouteria,pariry,0,0,0,0,0,liana,0,2016-12-17,2016,,,Pouteria,Estrella Comercial - Frutal
73110,12,Bosque de Tierra Firme,TF4,1b,820,NO,Olacaceae,Aptandra tubicina (Poepp.) Benth. ex Miers,Aptandra,tubicina,0,0,0,0,0,,0,2016-12-17,2016,,,Aptandra,Ingeniero del Suelo - Pionera
73130,12,Bosque de Tierra Firme,TF4,2a,840,NO,Fabaceae,Inga stipularis DC.,Inga,stipularis,0,0,0,0,0,,0,2016-12-17,2016,,,Inga,Ingeniero del Suelo - Fijador N
73152,12,Bosque de Tierra Firme,TF4,3a,867,NO,Fabaceae,Inga punctata Willd.,Inga,punctata,0,0,0,0,0,,0,2016-12-17,2016,,,Inga,Ingeniero del Suelo - Fijador N
73160,12,Bosque de Tierra Firme,TF4,3a,876,NO,Bignonaceae,Jacaranda copaia (Aubl.) D.Don,Jacaranda,copaia,0,0,0,0,0,,0,2016-12-17,2016,,,Jacaranda,Ingeniero del Suelo - Pionera
73167,12,Bosque de Tierra Firme,TF4,3b,884,NO,Apocynaceae,Aspidosperma nitidum Benth. ex Müll.Arg.,Aspidosperma,nitidum,0,0,0,0,0,,0,2016-12-17,2016,,,Aspidosperma,Caja Fuerte - Maderable
73174,12,Bosque de Tierra Firme,TF4,3b,891,NO,Sapotaceae,Pouteria tarapotensis (Eichler ex Pierre) Baehni,Pouteria,tarapotensis,0,0,0,0,0,,0,2016-12-17,2016,,,Pouteria,Estrella Comercial - Frutal
73187,12,Bosque de Tierra Firme,TF5,1a,903,NO,Sapotaceae,Pouteria procera (Mart.) K.Hammer,Pouteria,procera,0,0,3,1,0,,1,2016-12-16,2016,,,Pouteria,Estrella Comercial - Frutal
73193,12,Bosque de Tierra Firme,TF5,1a,911,NO,Fabaceae,Inga auristellae Harms,Inga,auristellae,0,0,0,0,0,,0,2016-12-16,2016,,,Inga,Ingeniero del Suelo - Fijador N
73197,12,Bosque de Tierra Firme,TF5,1b,915,NO,Fabaceae,Inga sp. 2,Inga,sp,0,0,0,0,0,,0,2016-12-16,2016,,,Inga,Ingeniero del Suelo - Fijador N
73200,12,Bosque de Tierra Firme,TF5,1b,918,NO,Fabaceae,Inga cordistipula Mart.,Inga,cordistipula,0,0,0,0,0,,0,2016-12-16,2016,,,Inga,Ingeniero del Suelo - Fijador N
73205,12,Bosque de Tierra Firme,TF5,2a,923,NO,Malvaceae,Theobroma speciosum Willd. ex Spreng.,Theobroma,speciosum,0,0,1,0,0,,1,2016-12-16,2016,,,Theobroma,Estrella Comercial - Frutal
73212,12,Bosque de Tierra Firme,TF5,2a,930,NO,Apocynaceae,Aspidosperma rigidum Rusby,Aspidosperma,rigidum,3,0,0,0,0,,1,2016-12-16,2016,,,Aspidosperma,Caja Fuerte - Maderable
73213,12,Bosque de Tierra Firme,TF5,2b,934,NO,Fabaceae,Dipteryx micrantha Harms,Dipteryx,micrantha,0,0,0,0,0,,0,2016-12-16,2016,,,Dipteryx,Estrella Comercial - Industrial
73220,12,Bosque de Tierra Firme,TF5,3a,942,NO,Fabaceae,Inga edulis Mart.,Inga,edulis,0,0,0,0,0,muerto,0,2016-12-16,2016,,,Inga,Ingeniero del Suelo - Fijador N
73224,12,Bosque de Tierra Firme,TF5,3a,946,NO,Fabaceae,Inga sp. 2,Inga,sp,0,0,0,0,0,muerto,0,2016-12-16,2016,,,Inga,Ingeniero del Suelo - Fijador N
73235,12,Bosque de Tierra Firme,TF5,3b,2632,NO,Arecaceae,Bactris gasipaes Kunth,Bactris,gasipaes,0,0,0,0,0,,0,2016-12-16,2016,,,Bactris,Estrella Comercial - Frutal
73238,12,Bosque de Tierra Firme,TF5,4a,965,NO,Fabaceae,Copaifera reticulata Ducke,Copaifera,reticulata,0,0,0,0,0,,0,2016-12-16,2016,,,Copaifera,Estrella Comercial - Industrial
73241,12,Bosque de Tierra Firme,TF5,4a,968,NO,Sapotaceae,Pouteria sp. 3,Pouteria,sp,4,2,0,0,0,,1,2016-12-16,2016,,,Pouteria,Estrella Comercial - Frutal
73243,12,Bosque de Tierra Firme,TF5,4a,970,NO,Sapotaceae,Pouteria procera (Mart.) K.Hammer,Pouteria,procera,0,0,0,0,0,,0,2016-12-16,2016,,,Pouteria,Estrella Comercial - Frutal
73246,12,Bosque de Tierra Firme,TF5,4a,973,NO,Urticaceae,Cecropia sp. 1,Cecropia,sp,0,0,0,0,0,,0,2016-12-16,2016,,,Cecropia,Ingeniero del Suelo - Pionera
73251,12,Bosque de Tierra Firme,TF5,4a,978,NO,Fabaceae,Swartzia myrtifolia Sm.,Swartzia,myrtifolia,0,0,0,0,0,hojas nuevas,0,2016-12-16,2016,,,Swartzia,Ingeniero del Suelo - Fijador N
73255,12,Bosque de Tierra Firme,TF5,4b,983,NO,Bignonaceae,Jacaranda copaia subsp. spectabilis (Mart. ex DC.) A.H.Gentry,Jacaranda,copaia subsp. spectabilis,0,0,0,0,0,,0,2016-12-16,2016,,,Jacaranda,Ingeniero del Suelo - Pionera
73258,12,Bosque de Tierra Firme,TF5,4b,986,NO,Sapotaceae,Pouteria tarapotensis (Eichler ex Pierre) Baehni,Pouteria,tarapotensis,0,0,3,3,0,,1,2016-12-16,2016,,,Pouteria,Estrella Comercial - Frutal
73259,12,Bosque de Tierra Firme,TF5,4b,2577,NO,Fabaceae,Inga sp. 2,Inga,sp,0,0,0,0,0,,0,2016-12-16,2016,,,Inga,Ingeniero del Suelo - Fijador N
73260,12,Bosque de Tierra Firme,TF5,4b,988,NO,Moraceae,Brosimum acutifolium subsp. obovatum (Ducke) C.C.Berg,Brosimum,acutifolium subsp. obovatum,0,0,0,0,0,desfoliado,0,2016-12-16,2016,,,Brosimum,Caja Fuerte - Maderable
73262,12,Bosque de Tierra Firme,TF5,4b,990,NO,Sapotaceae,Pouteria tarapotensis (Eichler ex Pierre) Baehni,Pouteria,tarapotensis,0,0,2,0,0,,1,2016-12-16,2016,,,Pouteria,Estrella Comercial - Frutal
73266,12,Bosque de Tierra Firme,TF5,4b,994,NO,Fabaceae,Inga sp. 2,Inga,sp,0,0,0,0,0,,0,2016-12-16,2016,,,Inga,Ingeniero del Suelo - Fijador N
73273,12,Bosque de Tierra Firme,TF5,5a,994A,NO,Apocynaceae,Aspidosperma rigidum Rusby,Aspidosperma,rigidum,0,0,0,0,0,,0,2016-12-16,2016,,,Aspidosperma,Caja Fuerte - Maderable
73276,12,Bosque de Tierra Firme,TF5,5b,998,NO,Fabaceae,Swartzia myrtifolia Sm.,Swartzia,myrtifolia,0,0,0,0,0,,0,2016-12-16,2016,,,Swartzia,Ingeniero del Suelo - Fijador N
73279,12,Bosque de Tierra Firme,TF5,5b,958A,NO,Apocynaceae,Aspidosperma vargasii A.DC.,Aspidosperma,vargasii,0,0,0,0,0,,0,2016-12-16,2016,,,Aspidosperma,Caja Fuerte - Maderable
74578,1,Bosque de Tierra Firme,TF1,1a,501,NO,Fabaceae,Swartzia myrtifolia Sm.,Swartzia,myrtifolia,0,0,0,0,0,,0,2017-01-15,2017,27.14354838709677,221.10000000000002,Swartzia,Ingeniero del Suelo - Fijador N
74581,1,Bosque de Tierra Firme,TF1,1a,504,NO,Fabaceae,Swartzia tomentifera (Ducke) Ducke,Swartzia,tomentifera,0,0,0,0,0,,0,2017-01-15,2017,27.14354838709677,221.10000000000002,Swartzia,Ingeniero del Suelo - Fijador N
74583,1,Bosque de Tierra Firme,TF1,1a,506,NO,Apocynaceae,Aspidosperma nitidum Benth. ex Müll.Arg.,Aspidosperma,nitidum,0,0,0,0,0,,0,2017-01-15,2017,27.14354838709677,221.10000000000002,Aspidosperma,Caja Fuerte - Maderable
74590,1,Bosque de Tierra Firme,TF1,1b,512,NO,Sapotaceae,Pouteria procera (Mart.) K.Hammer,Pouteria,procera,0,0,0,0,0,,0,2017-01-15,2017,27.14354838709677,221.10000000000002,Pouteria,Estrella Comercial - Frutal
74591,1,Bosque de Tierra Firme,TF1,1b,513,NO,Euphorbiaceae,Croton sp.,Croton,sp,0,0,0,0,0,muerto,0,2017-01-15,2017,27.14354838709677,221.10000000000002,Croton,Estrella Comercial - Industrial
74597,1,Bosque de Tierra Firme,TF1,2a,2179,NO,Arecaceae,Bactris gasipaes Kunth,Bactris,gasipaes,0,1,0,0,0,,1,2017-01-15,2017,27.14354838709677,221.10000000000002,Bactris,Estrella Comercial - Frutal
74611,1,Bosque de Tierra Firme,TF1,2b,2176,NO,Fabaceae,Inga sp. 1,Inga,sp,0,0,3,0,0,,1,2017-01-15,2017,27.14354838709677,221.10000000000002,Inga,Ingeniero del Suelo - Fijador N
74612,1,Bosque de Tierra Firme,TF1,2b,2175,NO,Sapotaceae,Pouteria sp. 3,Pouteria,sp,0,0,0,0,0,,0,2017-01-15,2017,27.14354838709677,221.10000000000002,Pouteria,Estrella Comercial - Frutal
74614,1,Bosque de Tierra Firme,TF1,2b,528,NO,Fabaceae,Erythrina ulei Harms,Erythrina,ulei,0,0,0,0,0,hojas nuevas,0,2017-01-15,2017,27.14354838709677,221.10000000000002,Erythrina,Ingeniero del Suelo - Fijador N
74615,1,Bosque de Tierra Firme,TF1,2b,529,NO,Fabaceae,Erythrina ulei Harms,Erythrina,ulei,0,0,0,0,0,hojas nuevas,0,2017-01-15,2017,27.14354838709677,221.10000000000002,Erythrina,Ingeniero del Suelo - Fijador N
74617,1,Bosque de Tierra Firme,TF1,2b,2173,NO,Fabaceae,Inga sp. 1,Inga,sp,0,0,0,0,0,,0,2017-01-15,2017,27.14354838709677,221.10000000000002,Inga,Ingeniero del Suelo - Fijador N
74627,1,Bosque de Tierra Firme,TF1,3a,2163,NO,Fabaceae,Inga sp. 1,Inga,sp,0,0,0,0,0,,0,2017-01-15,2017,27.14354838709677,221.10000000000002,Inga,Ingeniero del Suelo - Fijador N
74636,1,Bosque de Tierra Firme,TF1,3b,547,NO,Fabaceae,Erythrina ulei Harms,Erythrina,ulei,0,0,0,0,0,,0,2017-01-15,2017,27.14354838709677,221.10000000000002,Erythrina,Ingeniero del Suelo - Fijador N
74642,1,Bosque de Tierra Firme,TF1,4a,2161,NO,Fabaceae,Inga sp. 1,Inga,sp,0,0,0,0,0,,0,2017-01-15,2017,27.14354838709677,221.10000000000002,Inga,Ingeniero del Suelo - Fijador N
74643,1,Bosque de Tierra Firme,TF1,4a,2160,NO,Sapotaceae,Pouteria sp. 3,Pouteria,sp,0,0,0,0,0,,0,2017-01-15,2017,27.14354838709677,221.10000000000002,Pouteria,Estrella Comercial - Frutal
74649,1,Bosque de Tierra Firme,TF1,4b,559,NO,Sapotaceae,Pouteria pariry (Ducke) Baehni,Pouteria,pariry,0,0,0,0,0,,0,2017-01-15,2017,27.14354838709677,221.10000000000002,Pouteria,Estrella Comercial - Frutal
74653,1,Bosque de Tierra Firme,TF1,5a,564,NO,Fabaceae,Hymenaea courbaril L.,Hymenaea,courbaril,0,0,3,0,0,,1,2017-01-15,2017,27.14354838709677,221.10000000000002,Hymenaea,Estrella Comercial - Frutal
74667,1,Bosque de Tierra Firme,TF1,5b,2154,NO,Arecaceae,Bactris gasipaes Kunth,Bactris,gasipaes,0,0,0,0,0,,0,2017-01-15,2017,27.14354838709677,221.10000000000002,Bactris,Estrella Comercial - Frutal
74673,1,Bosque de Tierra Firme,TF1,6a,580,NO,Sapotaceae,Pouteria sp. 3,Pouteria,sp,0,0,0,0,0,liana,0,2017-01-15,2017,27.14354838709677,221.10000000000002,Pouteria,Estrella Comercial - Frutal
74674,1,Bosque de Tierra Firme,TF1,6a,581,NO,Fabaceae,Swartzia myrtifolia Sm.,Swartzia,myrtifolia,0,0,0,0,0,,0,2017-01-15,2017,27.14354838709677,221.10000000000002,Swartzia,Ingeniero del Suelo - Fijador N
74677,1,Bosque de Tierra Firme,TF1,6b,589,NO,Fabaceae,Hymenaea courbaril L.,Hymenaea,courbaril,0,0,3,0,0,,1,2017-01-15,2017,27.14354838709677,221.10000000000002,Hymenaea,Estrella Comercial - Frutal
74695,1,Bosque de Tierra Firme,TF3,1a,2193,NO,Arecaceae,Euterpe precatoria Mart.,Euterpe,precatoria,0,0,0,3,0,,1,2017-01-15,2017,27.14354838709677,221.10000000000002,Euterpe,Estrella Comercial - Frutal
74698,1,Bosque de Tierra Firme,TF2,1b,614,NO,Fabaceae,Copaifera reticulata Ducke,Copaifera,reticulata,0,0,0,0,0,,0,2017-01-15,2017,27.14354838709677,221.10000000000002,Copaifera,Estrella Comercial - Industrial
74701,1,Bosque de Tierra Firme,TF2,1b,617,NO,Sapotaceae,Pouteria sp. 2,Pouteria,sp,0,0,0,0,0,,0,2017-01-15,2017,27.14354838709677,221.10000000000002,Pouteria,Estrella Comercial - Frutal
74708,1,Bosque de Tierra Firme,TF2,1b,624,NO,Euphorbiaceae,Hevea guianensis Aubl.,Hevea,guianensis,0,0,0,0,0,,0,2017-01-15,2017,27.14354838709677,221.10000000000002,Hevea,Estrella Comercial - Industrial
74712,1,Bosque de Tierra Firme,TF2,2a,629,NO,Euphorbiaceae,Hevea guianensis Aubl.,Hevea,guianensis,0,0,0,0,0,,0,2017-01-15,2017,27.14354838709677,221.10000000000002,Hevea,Estrella Comercial - Industrial
74720,1,Bosque de Tierra Firme,TF2,2b,638,NO,Moraceae,Brosimum rubescens Taub.,Brosimum,rubescens,0,0,0,0,0,,0,2017-01-15,2017,27.14354838709677,221.10000000000002,Brosimum,Caja Fuerte - Maderable
74722,1,Bosque de Tierra Firme,TF2,3a,2191,NO,Fabaceae,Tachigali vasquezii Pipoly,Tachigali,vasquezii,0,0,0,0,0,,0,2017-01-15,2017,27.14354838709677,221.10000000000002,Tachigali,Ingeniero del Suelo - Fijador N
74730,1,Bosque de Tierra Firme,TF2,3a,648,NO,Sapotaceae,Pouteria torta (Mart.) Radlk.,Pouteria,torta,0,0,0,0,0,,0,2017-01-15,2017,27.14354838709677,221.10000000000002,Pouteria,Estrella Comercial - Frutal
74738,1,Bosque de Tierra Firme,TF2,3b,2188,NO,Arecaceae,Euterpe precatoria Mart.,Euterpe,precatoria,0,0,0,0,0,,0,2017-01-15,2017,27.14354838709677,221.10000000000002,Euterpe,Estrella Comercial - Frutal
74740,1,Bosque de Tierra Firme,TF2,3b,654,NO,Fabaceae,Inga sapindoides Willd.,Inga,sapindoides,0,0,0,0,0,,0,2017-01-15,2017,27.14354838709677,221.10000000000002,Inga,Ingeniero del Suelo - Fijador N
74745,1,Bosque de Tierra Firme,TF2,4a,661,NO,Euphorbiaceae,Hevea guianensis Aubl.,Hevea,guianensis,0,0,0,0,0,,0,2017-01-15,2017,27.14354838709677,221.10000000000002,Hevea,Estrella Comercial - Industrial
74748,1,Bosque de Tierra Firme,TF2,4a,2183,NO,Fabaceae,Inga sp. 1,Inga,sp,0,0,0,0,0,,0,2017-01-15,2017,27.14354838709677,221.10000000000002,Inga,Ingeniero del Suelo - Fijador N
74749,1,Bosque de Tierra Firme,TF2,4a,664,NO,Sapotaceae,Pouteria sp. 3,Pouteria,sp,0,0,0,0,0,,0,2017-01-15,2017,27.14354838709677,221.10000000000002,Pouteria,Estrella Comercial - Frutal
74754,1,Bosque de Tierra Firme,TF2,4a,669,NO,Fabaceae,Tachigali vasquezii Pipoly,Tachigali,vasquezii,0,0,0,0,0,,0,2017-01-15,2017,27.14354838709677,221.10000000000002,Tachigali,Ingeniero del Suelo - Fijador N
74764,1,Bosque de Tierra Firme,TF2,4b,681,NO,Malvaceae,Theobroma speciosum Willd. ex Spreng.,Theobroma,speciosum,0,0,0,0,0,muerto,0,2017-01-15,2017,27.14354838709677,221.10000000000002,Theobroma,Estrella Comercial - Frutal
74780,1,Bosque de Tierra Firme,TF2,5a,698,NO,Meliaceae,Cedrela fissilis Vell.,Cedrela,fissilis,0,0,0,0,0,,0,2017-01-15,2017,27.14354838709677,221.10000000000002,Cedrela,Caja Fuerte - Maderable
74789,1,Bosque de Tierra Firme,TF3,1a,2252,NO,Euphorbiaceae,Hevea guianensis Aubl.,Hevea,guianensis,0,0,0,0,0,,0,2017-01-16,2017,27.14354838709677,221.10000000000002,Hevea,Estrella Comercial - Industrial
74825,1,Bosque de Tierra Firme,TF3,2b,746,NO,Euphorbiaceae,Hevea guianensis Aubl.,Hevea,guianensis,0,0,0,0,0,,0,2017-01-16,2017,27.14354838709677,221.10000000000002,Hevea,Estrella Comercial - Industrial
74829,1,Bosque de Tierra Firme,TF3,2b,2256,NO,Fabaceae,Cedrelinga catenaeformis (Ducke) Ducke,Cedrelinga,catenaeformis,0,0,0,0,0,,0,2017-01-16,2017,27.14354838709677,221.10000000000002,Cedrelinga,Caja Fuerte - Maderable / Fijador N
74831,1,Bosque de Tierra Firme,TF3,2b,749,NO,Fabaceae,Cedrelinga catenaeformis (Ducke) Ducke,Cedrelinga,catenaeformis,0,0,0,0,0,,0,2017-01-16,2017,27.14354838709677,221.10000000000002,Cedrelinga,Caja Fuerte - Maderable / Fijador N
74838,1,Bosque de Tierra Firme,TF3,3a,756,NO,Fabaceae,Inga alba (Sw.) Willd.,Inga,alba,0,0,0,0,0,,0,2017-01-16,2017,27.14354838709677,221.10000000000002,Inga,Ingeniero del Suelo - Fijador N
74851,1,Bosque de Tierra Firme,TF3,4a,765,NO,Apocynaceae,Aspidosperma vargasii A.DC.,Aspidosperma,vargasii,0,0,0,0,0,,0,2017-01-16,2017,27.14354838709677,221.10000000000002,Aspidosperma,Caja Fuerte - Maderable
74855,1,Bosque de Tierra Firme,TF3,4b,2242,NO,Fabaceae,Tachigali vasquezii Pipoly,Tachigali,vasquezii,0,0,0,0,0,,0,2017-01-16,2017,27.14354838709677,221.10000000000002,Tachigali,Ingeniero del Suelo - Fijador N
74863,1,Bosque de Tierra Firme,TF3,4b,777,NO,Euphorbiaceae,Hevea guianensis Aubl.,Hevea,guianensis,0,0,0,0,0,,0,2017-01-16,2017,27.14354838709677,221.10000000000002,Hevea,Estrella Comercial - Industrial
74871,1,Bosque de Tierra Firme,TF3,5a,785,NO,Fabaceae,Copaifera reticulata Ducke,Copaifera,reticulata,0,0,0,0,0,,0,2017-01-16,2017,27.14354838709677,221.10000000000002,Copaifera,Estrella Comercial - Industrial
74875,1,Bosque de Tierra Firme,TF3,5a,2230,NO,Arecaceae,Euterpe precatoria Mart.,Euterpe,precatoria,0,0,0,0,0,,0,2017-01-16,2017,27.14354838709677,221.10000000000002,Euterpe,Estrella Comercial - Frutal
74880,1,Bosque de Tierra Firme,TF3,5a,790,NO,Euphorbiaceae,Hevea guianensis Aubl.,Hevea,guianensis,0,0,0,0,0,frutos secos,0,2017-01-16,2017,27.14354838709677,221.10000000000002,Hevea,Estrella Comercial - Industrial
74887,1,Bosque de Tierra Firme,TF3,5b,796,NO,Fabaceae,Copaifera reticulata Ducke,Copaifera,reticulata,0,0,0,0,0,,0,2017-01-16,2017,27.14354838709677,221.10000000000002,Copaifera,Estrella Comercial - Industrial
74896,1,Bosque de Tierra Firme,TF4,1a,2224,NO,Arecaceae,Euterpe precatoria Mart.,Euterpe,precatoria,0,0,0,0,0,,0,2017-01-16,2017,27.14354838709677,221.10000000000002,Euterpe,Estrella Comercial - Frutal
74898,1,Bosque de Tierra Firme,TF4,1a,2223,NO,Fabaceae,Inga sp. 1,Inga,sp,0,0,0,0,0,,0,2017-01-16,2017,27.14354838709677,221.10000000000002,Inga,Ingeniero del Suelo - Fijador N
74899,1,Bosque de Tierra Firme,TF4,1a,807,NO,Euphorbiaceae,Hevea guianensis Aubl.,Hevea,guianensis,0,0,0,0,0,,0,2017-01-16,2017,27.14354838709677,221.10000000000002,Hevea,Estrella Comercial - Industrial
74903,1,Bosque de Tierra Firme,TF4,1a,811,NO,Euphorbiaceae,Hevea guianensis Aubl.,Hevea,guianensis,0,0,0,0,0,,0,2017-01-16,2017,27.14354838709677,221.10000000000002,Hevea,Estrella Comercial - Industrial
74909,1,Bosque de Tierra Firme,TF4,1b,817,NO,Sapotaceae,Pouteria pariry (Ducke) Baehni,Pouteria,pariry,0,0,0,0,0,liana,0,2017-01-16,2017,27.14354838709677,221.10000000000002,Pouteria,Estrella Comercial - Frutal
74912,1,Bosque de Tierra Firme,TF4,1b,820,NO,Olacaceae,Aptandra tubicina (Poepp.) Benth. ex Miers,Aptandra,tubicina,0,0,0,0,0,,0,2017-01-16,2017,27.14354838709677,221.10000000000002,Aptandra,Ingeniero del Suelo - Pionera
74929,1,Bosque de Tierra Firme,TF4,1b,2221,NO,Fabaceae,Tachigali vasquezii Pipoly,Tachigali,vasquezii,0,0,0,0,0,,0,2017-01-16,2017,27.14354838709677,221.10000000000002,Tachigali,Ingeniero del Suelo - Fijador N
74935,1,Bosque de Tierra Firme,TF4,2a,840,NO,Fabaceae,Inga stipularis DC.,Inga,stipularis,0,0,0,0,0,,0,2017-01-16,2017,27.14354838709677,221.10000000000002,Inga,Ingeniero del Suelo - Fijador N
74953,1,Bosque de Tierra Firme,TF4,2b,2219,NO,Urticaceae,Cecropia sp. 2,Cecropia,sp,0,0,0,0,0,,0,2017-01-16,2017,27.14354838709677,221.10000000000002,Cecropia,Ingeniero del Suelo - Pionera
74958,1,Bosque de Tierra Firme,TF4,3a,867,NO,Fabaceae,Inga punctata Willd.,Inga,punctata,0,0,0,0,0,,0,2017-01-16,2017,27.14354838709677,221.10000000000002,Inga,Ingeniero del Suelo - Fijador N
74966,1,Bosque de Tierra Firme,TF4,3a,876,NO,Bignonaceae,Jacaranda copaia (Aubl.) D.Don,Jacaranda,copaia,0,0,0,0,0,,0,2017-01-16,2017,27.14354838709677,221.10000000000002,Jacaranda,Ingeniero del Suelo - Pionera
74973,1,Bosque de Tierra Firme,TF4,3b,884,NO,Apocynaceae,Aspidosperma nitidum Benth. ex Müll.Arg.,Aspidosperma,nitidum,0,0,0,0,0,,0,2017-01-16,2017,27.14354838709677,221.10000000000002,Aspidosperma,Caja Fuerte - Maderable
74981,1,Bosque de Tierra Firme,TF4,3b,891,NO,Sapotaceae,Pouteria tarapotensis (Eichler ex Pierre) Baehni,Pouteria,tarapotensis,0,0,0,0,0,,0,2017-01-16,2017,27.14354838709677,221.10000000000002,Pouteria,Estrella Comercial - Frutal
74992,1,Bosque de Tierra Firme,TF4,4b,2216,NO,Fabaceae,Tachigali vasquezii Pipoly,Tachigali,vasquezii,0,0,0,0,0,,0,2017-01-16,2017,27.14354838709677,221.10000000000002,Tachigali,Ingeniero del Suelo - Fijador N
74996,1,Bosque de Tierra Firme,TF5,1a,903,NO,Sapotaceae,Pouteria procera (Mart.) K.Hammer,Pouteria,procera,0,0,3,2,0,,1,2017-01-15,2017,27.14354838709677,221.10000000000002,Pouteria,Estrella Comercial - Frutal
75002,1,Bosque de Tierra Firme,TF5,1a,911,NO,Fabaceae,Inga auristellae Harms,Inga,auristellae,0,0,0,0,0,,0,2017-01-15,2017,27.14354838709677,221.10000000000002,Inga,Ingeniero del Suelo - Fijador N
75006,1,Bosque de Tierra Firme,TF5,1b,915,NO,Fabaceae,Inga sp. 2,Inga,sp,0,0,0,0,0,,0,2017-01-15,2017,27.14354838709677,221.10000000000002,Inga,Ingeniero del Suelo - Fijador N
75010,1,Bosque de Tierra Firme,TF5,1b,918,NO,Fabaceae,Inga cordistipula Mart.,Inga,cordistipula,0,0,0,0,0,,0,2017-01-15,2017,27.14354838709677,221.10000000000002,Inga,Ingeniero del Suelo - Fijador N
75016,1,Bosque de Tierra Firme,TF5,2a,923,NO,Malvaceae,Theobroma speciosum Willd. ex Spreng.,Theobroma,speciosum,0,0,1,0,0,,1,2017-01-15,2017,27.14354838709677,221.10000000000002,Theobroma,Estrella Comercial - Frutal
75023,1,Bosque de Tierra Firme,TF5,2a,930,NO,Apocynaceae,Aspidosperma rigidum Rusby,Aspidosperma,rigidum,0,0,0,0,0,,0,2017-01-15,2017,27.14354838709677,221.10000000000002,Aspidosperma,Caja Fuerte - Maderable
75024,1,Bosque de Tierra Firme,TF5,2b,934,NO,Fabaceae,Dipteryx micrantha Harms,Dipteryx,micrantha,3,3,0,0,0,,1,2017-01-15,2017,27.14354838709677,221.10000000000002,Dipteryx,Estrella Comercial - Industrial
75035,1,Bosque de Tierra Firme,TF5,3a,942,NO,Fabaceae,Inga edulis Mart.,Inga,edulis,0,0,0,0,0,muerto,0,2017-01-15,2017,27.14354838709677,221.10000000000002,Inga,Ingeniero del Suelo - Fijador N
75039,1,Bosque de Tierra Firme,TF5,3a,946,NO,Fabaceae,Inga sp. 2,Inga,sp,0,0,0,0,0,muerto,0,2017-01-15,2017,27.14354838709677,221.10000000000002,Inga,Ingeniero del Suelo - Fijador N
75042,1,Bosque de Tierra Firme,TF5,3a,2203,NO,Arecaceae,Bactris gasipaes Kunth,Bactris,gasipaes,0,0,0,0,0,,0,2017-01-15,2017,27.14354838709677,221.10000000000002,Bactris,Estrella Comercial - Frutal
75054,1,Bosque de Tierra Firme,TF5,4a,965,NO,Fabaceae,Copaifera reticulata Ducke,Copaifera,reticulata,0,0,0,0,0,,0,2017-01-15,2017,27.14354838709677,221.10000000000002,Copaifera,Estrella Comercial - Industrial
75056,1,Bosque de Tierra Firme,TF5,4a,2206,NO,Arecaceae,Bactris gasipaes Kunth,Bactris,gasipaes,0,0,0,0,0,,0,2017-01-15,2017,27.14354838709677,221.10000000000002,Bactris,Estrella Comercial - Frutal
75059,1,Bosque de Tierra Firme,TF5,4a,968,NO,Sapotaceae,Pouteria sp. 3,Pouteria,sp,0,0,0,0,0,flores secas,0,2017-01-15,2017,27.14354838709677,221.10000000000002,Pouteria,Estrella Comercial - Frutal
75061,1,Bosque de Tierra Firme,TF5,4a,970,NO,Sapotaceae,Pouteria procera (Mart.) K.Hammer,Pouteria,procera,0,0,0,0,0,,0,2017-01-15,2017,27.14354838709677,221.10000000000002,Pouteria,Estrella Comercial - Frutal
75069,1,Bosque de Tierra Firme,TF5,4b,983,NO,Bignonaceae,Jacaranda copaia subsp. spectabilis (Mart. ex DC.) A.H.Gentry,Jacaranda,copaia subsp. spectabilis,0,0,0,0,0,,0,2017-01-15,2017,27.14354838709677,221.10000000000002,Jacaranda,Ingeniero del Suelo - Pionera
75072,1,Bosque de Tierra Firme,TF5,4b,986,NO,Sapotaceae,Pouteria tarapotensis (Eichler ex Pierre) Baehni,Pouteria,tarapotensis,0,0,0,0,0,,0,2017-01-15,2017,27.14354838709677,221.10000000000002,Pouteria,Estrella Comercial - Frutal
75074,1,Bosque de Tierra Firme,TF5,4b,2577,NO,Fabaceae,Inga sp. 2,Inga,sp,0,0,0,0,0,,0,2017-01-15,2017,27.14354838709677,221.10000000000002,Inga,Ingeniero del Suelo - Fijador N
75075,1,Bosque de Tierra Firme,TF5,4b,988,NO,Moraceae,Brosimum acutifolium subsp. obovatum (Ducke) C.C.Berg,Brosimum,acutifolium subsp. obovatum,0,0,0,0,0,hojas nuevas,0,2017-01-15,2017,27.14354838709677,221.10000000000002,Brosimum,Caja Fuerte - Maderable
75077,1,Bosque de Tierra Firme,TF5,4b,990,NO,Sapotaceae,Pouteria tarapotensis (Eichler ex Pierre) Baehni,Pouteria,tarapotensis,0,0,0,0,0,,0,2017-01-15,2017,27.14354838709677,221.10000000000002,Pouteria,Estrella Comercial - Frutal
75081,1,Bosque de Tierra Firme,TF5,4b,994,NO,Fabaceae,Inga sp. 2,Inga,sp,0,0,0,0,0,,0,2017-01-15,2017,27.14354838709677,221.10000000000002,Inga,Ingeniero del Suelo - Fijador N
75082,1,Bosque de Tierra Firme,TF5,4b,2208,NO,Fabaceae,Dipteryx micrantha Harms,Dipteryx,micrantha,0,0,0,0,0,,0,2017-01-15,2017,27.14354838709677,221.10000000000002,Dipteryx,Estrella Comercial - Industrial
75089,1,Bosque de Tierra Firme,TF5,5a,2211,NO,Apocynaceae,Aspidosperma vargasii A.DC.,Aspidosperma,vargasii,0,0,0,0,0,,0,2017-01-15,2017,27.14354838709677,221.10000000000002,Aspidosperma,Caja Fuerte - Maderable
75092,1,Bosque de Tierra Firme,TF5,5a,994A,NO,Apocynaceae,Aspidosperma rigidum Rusby,Aspidosperma,rigidum,0,0,0,0,0,,0,2017-01-15,2017,27.14354838709677,221.10000000000002,Aspidosperma,Caja Fuerte - Maderable
75095,1,Bosque de Tierra Firme,TF5,5b,998,NO,Fabaceae,Swartzia myrtifolia Sm.,Swartzia,myrtifolia,0,0,0,0,0,,0,2017-01-15,2017,27.14354838709677,221.10000000000002,Swartzia,Ingeniero del Suelo - Fijador N
75100,1,Bosque de Tierra Firme,TF5,5b,2214,NO,Fabaceae,Inga sp. 1,Inga,sp,0,0,0,0,0,,0,2017-01-15,2017,27.14354838709677,221.10000000000002,Inga,Ingeniero del Suelo - Fijador N
75102,1,Bosque de Tierra Firme,TF5,5b,958A,NO,Apocynaceae,Aspidosperma vargasii A.DC.,Aspidosperma,vargasii,0,0,0,0,0,,0,2017-01-15,2017,27.14354838709677,221.10000000000002,Aspidosperma,Caja Fuerte - Maderable
76621,2,Bosque de Tierra Firme,TF1,1a,501,NO,Fabaceae,Swartzia myrtifolia Sm.,Swartzia,myrtifolia,0,0,0,0,0,,0,2017-02-11,2017,26.996428571428567,354.50000000000017,Swartzia,Ingeniero del Suelo - Fijador N
76624,2,Bosque de Tierra Firme,TF1,1a,504,NO,Fabaceae,Swartzia tomentifera (Ducke) Ducke,Swartzia,tomentifera,0,0,0,0,0,,0,2017-02-11,2017,26.996428571428567,354.50000000000017,Swartzia,Ingeniero del Suelo - Fijador N
76626,2,Bosque de Tierra Firme,TF1,1a,506,NO,Apocynaceae,Aspidosperma nitidum Benth. ex Müll.Arg.,Aspidosperma,nitidum,0,0,0,0,0,,0,2017-02-11,2017,26.996428571428567,354.50000000000017,Aspidosperma,Caja Fuerte - Maderable
76633,2,Bosque de Tierra Firme,TF1,1b,512,NO,Sapotaceae,Pouteria procera (Mart.) K.Hammer,Pouteria,procera,0,0,0,0,0,,0,2017-02-11,2017,26.996428571428567,354.50000000000017,Pouteria,Estrella Comercial - Frutal
76639,2,Bosque de Tierra Firme,TF1,2a,2179,NO,Arecaceae,Bactris gasipaes Kunth,Bactris,gasipaes,0,0,0,0,0,,0,2017-02-11,2017,26.996428571428567,354.50000000000017,Bactris,Estrella Comercial - Frutal
76651,2,Bosque de Tierra Firme,TF1,2b,2176,NO,Fabaceae,Inga sp. 1,Inga,sp,0,0,2,0,0,,1,2017-02-11,2017,26.996428571428567,354.50000000000017,Inga,Ingeniero del Suelo - Fijador N
76652,2,Bosque de Tierra Firme,TF1,2b,2175,NO,Sapotaceae,Pouteria sp. 3,Pouteria,sp,0,0,0,0,0,,0,2017-02-11,2017,26.996428571428567,354.50000000000017,Pouteria,Estrella Comercial - Frutal
76654,2,Bosque de Tierra Firme,TF1,2b,528,NO,Fabaceae,Erythrina ulei Harms,Erythrina,ulei,0,0,0,0,0,,0,2017-02-11,2017,26.996428571428567,354.50000000000017,Erythrina,Ingeniero del Suelo - Fijador N
76655,2,Bosque de Tierra Firme,TF1,2b,529,NO,Fabaceae,Erythrina ulei Harms,Erythrina,ulei,0,0,0,0,0,,0,2017-02-11,2017,26.996428571428567,354.50000000000017,Erythrina,Ingeniero del Suelo - Fijador N
76657,2,Bosque de Tierra Firme,TF1,2b,2173,NO,Fabaceae,Inga sp. 1,Inga,sp,0,0,0,0,0,,0,2017-02-11,2017,26.996428571428567,354.50000000000017,Inga,Ingeniero del Suelo - Fijador N
76664,2,Bosque de Tierra Firme,TF1,3a,2163,NO,Fabaceae,Inga sp. 1,Inga,sp,0,0,0,0,0,,0,2017-02-11,2017,26.996428571428567,354.50000000000017,Inga,Ingeniero del Suelo - Fijador N
76671,2,Bosque de Tierra Firme,TF1,3b,547,NO,Fabaceae,Erythrina ulei Harms,Erythrina,ulei,0,0,0,0,0,,0,2017-02-11,2017,26.996428571428567,354.50000000000017,Erythrina,Ingeniero del Suelo - Fijador N
76677,2,Bosque de Tierra Firme,TF1,4a,2161,NO,Fabaceae,Inga sp. 1,Inga,sp,0,0,0,0,0,,0,2017-02-11,2017,26.996428571428567,354.50000000000017,Inga,Ingeniero del Suelo - Fijador N
76678,2,Bosque de Tierra Firme,TF1,4a,2160,NO,Sapotaceae,Pouteria sp. 3,Pouteria,sp,0,0,0,0,0,,0,2017-02-11,2017,26.996428571428567,354.50000000000017,Pouteria,Estrella Comercial - Frutal
76684,2,Bosque de Tierra Firme,TF1,4b,559,NO,Sapotaceae,Pouteria pariry (Ducke) Baehni,Pouteria,pariry,0,0,0,0,0,,0,2017-02-11,2017,26.996428571428567,354.50000000000017,Pouteria,Estrella Comercial - Frutal
76688,2,Bosque de Tierra Firme,TF1,5a,564,NO,Fabaceae,Hymenaea courbaril L.,Hymenaea,courbaril,0,0,3,0,0,,1,2017-02-11,2017,26.996428571428567,354.50000000000017,Hymenaea,Estrella Comercial - Frutal
76703,2,Bosque de Tierra Firme,TF1,5b,2154,NO,Arecaceae,Bactris gasipaes Kunth,Bactris,gasipaes,0,0,0,0,0,,0,2017-02-11,2017,26.996428571428567,354.50000000000017,Bactris,Estrella Comercial - Frutal
76709,2,Bosque de Tierra Firme,TF1,6a,580,NO,Sapotaceae,Pouteria sp. 3,Pouteria,sp,0,0,0,0,0,liana,0,2017-02-11,2017,26.996428571428567,354.50000000000017,Pouteria,Estrella Comercial - Frutal
76710,2,Bosque de Tierra Firme,TF1,6a,581,NO,Fabaceae,Swartzia myrtifolia Sm.,Swartzia,myrtifolia,0,0,0,0,0,,0,2017-02-11,2017,26.996428571428567,354.50000000000017,Swartzia,Ingeniero del Suelo - Fijador N
76713,2,Bosque de Tierra Firme,TF1,6b,589,NO,Fabaceae,Hymenaea courbaril L.,Hymenaea,courbaril,0,0,0,2,0,,1,2017-02-11,2017,26.996428571428567,354.50000000000017,Hymenaea,Estrella Comercial - Frutal
76729,2,Bosque de Tierra Firme,TF3,1a,2193,SI,Arecaceae,Euterpe precatoria Mart.,Euterpe,precatoria,0,0,0,3,0,,1,2017-02-11,2017,26.996428571428567,354.50000000000017,Euterpe,Estrella Comercial - Frutal
76732,2,Bosque de Tierra Firme,TF2,1b,614,NO,Fabaceae,Copaifera reticulata Ducke,Copaifera,reticulata,0,0,0,0,0,,0,2017-02-11,2017,26.996428571428567,354.50000000000017,Copaifera,Estrella Comercial - Industrial
76735,2,Bosque de Tierra Firme,TF2,1b,617,NO,Sapotaceae,Pouteria sp. 2,Pouteria,sp,0,0,0,0,0,,0,2017-02-11,2017,26.996428571428567,354.50000000000017,Pouteria,Estrella Comercial - Frutal
76742,2,Bosque de Tierra Firme,TF2,1b,624,NO,Euphorbiaceae,Hevea guianensis Aubl.,Hevea,guianensis,0,0,0,0,0,,0,2017-02-11,2017,26.996428571428567,354.50000000000017,Hevea,Estrella Comercial - Industrial
76746,2,Bosque de Tierra Firme,TF2,2a,629,NO,Euphorbiaceae,Hevea guianensis Aubl.,Hevea,guianensis,0,0,0,0,0,,0,2017-02-11,2017,26.996428571428567,354.50000000000017,Hevea,Estrella Comercial - Industrial
76753,2,Bosque de Tierra Firme,TF2,2b,638,NO,Moraceae,Brosimum rubescens Taub.,Brosimum,rubescens,0,0,0,0,0,,0,2017-02-11,2017,26.996428571428567,354.50000000000017,Brosimum,Caja Fuerte - Maderable
76755,2,Bosque de Tierra Firme,TF2,3a,2191,NO,Fabaceae,Tachigali vasquezii Pipoly,Tachigali,vasquezii,0,0,0,0,0,,0,2017-02-11,2017,26.996428571428567,354.50000000000017,Tachigali,Ingeniero del Suelo - Fijador N
76763,2,Bosque de Tierra Firme,TF2,3a,648,NO,Sapotaceae,Pouteria torta (Mart.) Radlk.,Pouteria,torta,0,0,0,0,0,,0,2017-02-11,2017,26.996428571428567,354.50000000000017,Pouteria,Estrella Comercial - Frutal
76775,2,Bosque de Tierra Firme,TF2,3b,2188,SI,Arecaceae,Euterpe precatoria Mart.,Euterpe,precatoria,0,0,0,0,0,,0,2017-02-11,2017,26.996428571428567,354.50000000000017,Euterpe,Estrella Comercial - Frutal
76778,2,Bosque de Tierra Firme,TF2,3b,654,NO,Fabaceae,Inga sapindoides Willd.,Inga,sapindoides,0,0,0,0,0,,0,2017-02-11,2017,26.996428571428567,354.50000000000017,Inga,Ingeniero del Suelo - Fijador N
76783,2,Bosque de Tierra Firme,TF2,4a,661,NO,Euphorbiaceae,Hevea guianensis Aubl.,Hevea,guianensis,0,0,0,0,0,,0,2017-02-11,2017,26.996428571428567,354.50000000000017,Hevea,Estrella Comercial - Industrial
76786,2,Bosque de Tierra Firme,TF2,4a,2183,NO,Fabaceae,Inga sp. 1,Inga,sp,0,0,0,0,0,,0,2017-02-11,2017,26.996428571428567,354.50000000000017,Inga,Ingeniero del Suelo - Fijador N
76787,2,Bosque de Tierra Firme,TF2,4a,664,NO,Sapotaceae,Pouteria sp. 3,Pouteria,sp,0,0,0,0,0,,0,2017-02-11,2017,26.996428571428567,354.50000000000017,Pouteria,Estrella Comercial - Frutal
76792,2,Bosque de Tierra Firme,TF2,4a,669,NO,Fabaceae,Tachigali vasquezii Pipoly,Tachigali,vasquezii,0,0,0,0,0,,0,2017-02-11,2017,26.996428571428567,354.50000000000017,Tachigali,Ingeniero del Suelo - Fijador N
76817,2,Bosque de Tierra Firme,TF2,5a,698,NO,Meliaceae,Cedrela fissilis Vell.,Cedrela,fissilis,0,0,0,0,0,,0,2017-02-11,2017,26.996428571428567,354.50000000000017,Cedrela,Caja Fuerte - Maderable
76826,2,Bosque de Tierra Firme,TF3,1a,2252,NO,Euphorbiaceae,Hevea guianensis Aubl.,Hevea,guianensis,0,0,0,0,0,,0,2017-02-14,2017,26.996428571428567,354.50000000000017,Hevea,Estrella Comercial - Industrial
76859,2,Bosque de Tierra Firme,TF3,2b,746,NO,Euphorbiaceae,Hevea guianensis Aubl.,Hevea,guianensis,0,0,0,0,0,,0,2017-02-14,2017,26.996428571428567,354.50000000000017,Hevea,Estrella Comercial - Industrial
76863,2,Bosque de Tierra Firme,TF3,2b,2256,NO,Fabaceae,Cedrelinga catenaeformis (Ducke) Ducke,Cedrelinga,catenaeformis,0,0,0,0,0,,0,2017-02-14,2017,26.996428571428567,354.50000000000017,Cedrelinga,Caja Fuerte - Maderable / Fijador N
76864,2,Bosque de Tierra Firme,TF3,2b,749,NO,Fabaceae,Cedrelinga catenaeformis (Ducke) Ducke,Cedrelinga,catenaeformis,0,0,0,0,0,,0,2017-02-14,2017,26.996428571428567,354.50000000000017,Cedrelinga,Caja Fuerte - Maderable / Fijador N
76871,2,Bosque de Tierra Firme,TF3,3a,756,NO,Fabaceae,Inga alba (Sw.) Willd.,Inga,alba,0,0,0,0,0,,0,2017-02-14,2017,26.996428571428567,354.50000000000017,Inga,Ingeniero del Suelo - Fijador N
76884,2,Bosque de Tierra Firme,TF3,4a,765,NO,Apocynaceae,Aspidosperma vargasii A.DC.,Aspidosperma,vargasii,0,0,0,0,0,,0,2017-02-14,2017,26.996428571428567,354.50000000000017,Aspidosperma,Caja Fuerte - Maderable
76888,2,Bosque de Tierra Firme,TF3,4b,2242,NO,Fabaceae,Tachigali vasquezii Pipoly,Tachigali,vasquezii,0,0,0,0,0,,0,2017-02-14,2017,26.996428571428567,354.50000000000017,Tachigali,Ingeniero del Suelo - Fijador N
76896,2,Bosque de Tierra Firme,TF3,4b,777,NO,Euphorbiaceae,Hevea guianensis Aubl.,Hevea,guianensis,0,0,0,0,0,liana,0,2017-02-14,2017,26.996428571428567,354.50000000000017,Hevea,Estrella Comercial - Industrial
76903,2,Bosque de Tierra Firme,TF3,5a,785,NO,Fabaceae,Copaifera reticulata Ducke,Copaifera,reticulata,0,0,0,0,0,,0,2017-02-14,2017,26.996428571428567,354.50000000000017,Copaifera,Estrella Comercial - Industrial
76907,2,Bosque de Tierra Firme,TF3,5a,2230,SI,Arecaceae,Euterpe precatoria Mart.,Euterpe,precatoria,0,0,0,0,0,,0,2017-02-14,2017,26.996428571428567,354.50000000000017,Euterpe,Estrella Comercial - Frutal
76911,2,Bosque de Tierra Firme,TF3,5a,790,NO,Euphorbiaceae,Hevea guianensis Aubl.,Hevea,guianensis,0,0,0,0,0,,0,2017-02-14,2017,26.996428571428567,354.50000000000017,Hevea,Estrella Comercial - Industrial
76916,2,Bosque de Tierra Firme,TF3,5b,2610,SI,Arecaceae,Euterpe precatoria Mart.,Euterpe,precatoria,0,0,0,0,0,,0,2017-02-14,2017,26.996428571428567,354.50000000000017,Euterpe,Estrella Comercial - Frutal
76919,2,Bosque de Tierra Firme,TF3,5b,796,NO,Fabaceae,Copaifera reticulata Ducke,Copaifera,reticulata,0,0,0,0,0,,0,2017-02-14,2017,26.996428571428567,354.50000000000017,Copaifera,Estrella Comercial - Industrial
76928,2,Bosque de Tierra Firme,TF4,1a,2224,SI,Arecaceae,Euterpe precatoria Mart.,Euterpe,precatoria,0,0,0,0,0,,0,2017-02-14,2017,26.996428571428567,354.50000000000017,Euterpe,Estrella Comercial - Frutal
76930,2,Bosque de Tierra Firme,TF4,1a,2223,NO,Fabaceae,Inga sp. 1,Inga,sp,0,0,0,0,0,,0,2017-02-14,2017,26.996428571428567,354.50000000000017,Inga,Ingeniero del Suelo - Fijador N
76931,2,Bosque de Tierra Firme,TF4,1a,807,NO,Euphorbiaceae,Hevea guianensis Aubl.,Hevea,guianensis,0,0,0,0,0,,0,2017-02-14,2017,26.996428571428567,354.50000000000017,Hevea,Estrella Comercial - Industrial
76935,2,Bosque de Tierra Firme,TF4,1a,811,NO,Euphorbiaceae,Hevea guianensis Aubl.,Hevea,guianensis,0,0,0,0,0,,0,2017-02-14,2017,26.996428571428567,354.50000000000017,Hevea,Estrella Comercial - Industrial
76941,2,Bosque de Tierra Firme,TF4,1b,817,NO,Sapotaceae,Pouteria pariry (Ducke) Baehni,Pouteria,pariry,0,0,0,0,0,liana,0,2017-02-14,2017,26.996428571428567,354.50000000000017,Pouteria,Estrella Comercial - Frutal
76944,2,Bosque de Tierra Firme,TF4,1b,820,NO,Olacaceae,Aptandra tubicina (Poepp.) Benth. ex Miers,Aptandra,tubicina,0,0,0,0,0,,0,2017-02-14,2017,26.996428571428567,354.50000000000017,Aptandra,Ingeniero del Suelo - Pionera
76960,2,Bosque de Tierra Firme,TF4,1b,2221,NO,Fabaceae,Tachigali vasquezii Pipoly,Tachigali,vasquezii,0,0,0,0,0,,0,2017-02-14,2017,26.996428571428567,354.50000000000017,Tachigali,Ingeniero del Suelo - Fijador N
76965,2,Bosque de Tierra Firme,TF4,2a,840,NO,Fabaceae,Inga stipularis DC.,Inga,stipularis,0,0,0,0,0,,0,2017-02-14,2017,26.996428571428567,354.50000000000017,Inga,Ingeniero del Suelo - Fijador N
76982,2,Bosque de Tierra Firme,TF4,2b,2219,NO,Urticaceae,Cecropia sp. 2,Cecropia,sp,0,0,0,0,0,,0,2017-02-14,2017,26.996428571428567,354.50000000000017,Cecropia,Ingeniero del Suelo - Pionera
76987,2,Bosque de Tierra Firme,TF4,3a,867,NO,Fabaceae,Inga punctata Willd.,Inga,punctata,0,0,0,0,0,,0,2017-02-14,2017,26.996428571428567,354.50000000000017,Inga,Ingeniero del Suelo - Fijador N
76995,2,Bosque de Tierra Firme,TF4,3a,876,NO,Bignonaceae,Jacaranda copaia (Aubl.) D.Don,Jacaranda,copaia,0,0,0,0,0,,0,2017-02-14,2017,26.996428571428567,354.50000000000017,Jacaranda,Ingeniero del Suelo - Pionera
77001,2,Bosque de Tierra Firme,TF4,3b,884,NO,Apocynaceae,Aspidosperma nitidum Benth. ex Müll.Arg.,Aspidosperma,nitidum,0,0,0,0,0,,0,2017-02-14,2017,26.996428571428567,354.50000000000017,Aspidosperma,Caja Fuerte - Maderable
77009,2,Bosque de Tierra Firme,TF4,3b,891,NO,Sapotaceae,Pouteria tarapotensis (Eichler ex Pierre) Baehni,Pouteria,tarapotensis,0,0,0,0,0,,0,2017-02-14,2017,26.996428571428567,354.50000000000017,Pouteria,Estrella Comercial - Frutal
77020,2,Bosque de Tierra Firme,TF4,4b,2216,NO,Fabaceae,Tachigali vasquezii Pipoly,Tachigali,vasquezii,0,0,0,0,0,,0,2017-02-14,2017,26.996428571428567,354.50000000000017,Tachigali,Ingeniero del Suelo - Fijador N
77024,2,Bosque de Tierra Firme,TF5,1a,903,NO,Sapotaceae,Pouteria procera (Mart.) K.Hammer,Pouteria,procera,0,0,3,2,0,,1,2017-02-11,2017,26.996428571428567,354.50000000000017,Pouteria,Estrella Comercial - Frutal
77030,2,Bosque de Tierra Firme,TF5,1a,911,NO,Fabaceae,Inga auristellae Harms,Inga,auristellae,0,0,0,0,0,,0,2017-02-11,2017,26.996428571428567,354.50000000000017,Inga,Ingeniero del Suelo - Fijador N
77033,2,Bosque de Tierra Firme,TF5,1b,915,NO,Fabaceae,Inga sp. 2,Inga,sp,0,0,0,0,0,,0,2017-02-11,2017,26.996428571428567,354.50000000000017,Inga,Ingeniero del Suelo - Fijador N
77037,2,Bosque de Tierra Firme,TF5,1b,918,NO,Fabaceae,Inga cordistipula Mart.,Inga,cordistipula,0,0,0,0,0,,0,2017-02-11,2017,26.996428571428567,354.50000000000017,Inga,Ingeniero del Suelo - Fijador N
77043,2,Bosque de Tierra Firme,TF5,2a,923,NO,Malvaceae,Theobroma speciosum Willd. ex Spreng.,Theobroma,speciosum,0,0,0,1,0,,1,2017-02-11,2017,26.996428571428567,354.50000000000017,Theobroma,Estrella Comercial - Frutal
77050,2,Bosque de Tierra Firme,TF5,2a,930,NO,Apocynaceae,Aspidosperma rigidum Rusby,Aspidosperma,rigidum,0,0,0,0,0,,0,2017-02-11,2017,26.996428571428567,354.50000000000017,Aspidosperma,Caja Fuerte - Maderable
77051,2,Bosque de Tierra Firme,TF5,2b,934,NO,Fabaceae,Dipteryx micrantha Harms,Dipteryx,micrantha,0,0,0,0,0,,0,2017-02-11,2017,26.996428571428567,354.50000000000017,Dipteryx,Estrella Comercial - Industrial
77064,2,Bosque de Tierra Firme,TF5,3a,2203,NO,Arecaceae,Bactris gasipaes Kunth,Bactris,gasipaes,0,0,0,0,0,,0,2017-02-11,2017,26.996428571428567,354.50000000000017,Bactris,Estrella Comercial - Frutal
77074,2,Bosque de Tierra Firme,TF5,4a,965,NO,Fabaceae,Copaifera reticulata Ducke,Copaifera,reticulata,0,0,0,0,0,,0,2017-02-11,2017,26.996428571428567,354.50000000000017,Copaifera,Estrella Comercial - Industrial
77076,2,Bosque de Tierra Firme,TF5,4a,2206,NO,Arecaceae,Bactris gasipaes Kunth,Bactris,gasipaes,0,0,0,0,0,,0,2017-02-11,2017,26.996428571428567,354.50000000000017,Bactris,Estrella Comercial - Frutal
77079,2,Bosque de Tierra Firme,TF5,4a,968,NO,Sapotaceae,Pouteria sp. 3,Pouteria,sp,0,0,4,0,0,,1,2017-02-11,2017,26.996428571428567,354.50000000000017,Pouteria,Estrella Comercial - Frutal
77081,2,Bosque de Tierra Firme,TF5,4a,970,NO,Sapotaceae,Pouteria procera (Mart.) K.Hammer,Pouteria,procera,0,0,0,0,0,,0,2017-02-11,2017,26.996428571428567,354.50000000000017,Pouteria,Estrella Comercial - Frutal
77089,2,Bosque de Tierra Firme,TF5,4b,983,NO,Bignonaceae,Jacaranda copaia subsp. spectabilis (Mart. ex DC.) A.H.Gentry,Jacaranda,copaia subsp. spectabilis,0,0,0,0,0,,0,2017-02-11,2017,26.996428571428567,354.50000000000017,Jacaranda,Ingeniero del Suelo - Pionera
77092,2,Bosque de Tierra Firme,TF5,4b,986,NO,Sapotaceae,Pouteria tarapotensis (Eichler ex Pierre) Baehni,Pouteria,tarapotensis,0,0,0,0,0,,0,2017-02-11,2017,26.996428571428567,354.50000000000017,Pouteria,Estrella Comercial - Frutal
77094,2,Bosque de Tierra Firme,TF5,4b,2611,NO,Fabaceae,Inga sp. 2,Inga,sp,0,0,0,0,0,,0,2017-02-11,2017,26.996428571428567,354.50000000000017,Inga,Ingeniero del Suelo - Fijador N
77095,2,Bosque de Tierra Firme,TF5,4b,988,NO,Moraceae,Brosimum acutifolium subsp. obovatum (Ducke) C.C.Berg,Brosimum,acutifolium subsp. obovatum,0,0,0,0,0,,0,2017-02-11,2017,26.996428571428567,354.50000000000017,Brosimum,Caja Fuerte - Maderable
77097,2,Bosque de Tierra Firme,TF5,4b,990,NO,Sapotaceae,Pouteria tarapotensis (Eichler ex Pierre) Baehni,Pouteria,tarapotensis,0,0,0,0,0,,0,2017-02-11,2017,26.996428571428567,354.50000000000017,Pouteria,Estrella Comercial - Frutal
77101,2,Bosque de Tierra Firme,TF5,4b,994,NO,Fabaceae,Inga sp. 2,Inga,sp,0,0,0,0,0,,0,2017-02-11,2017,26.996428571428567,354.50000000000017,Inga,Ingeniero del Suelo - Fijador N
77102,2,Bosque de Tierra Firme,TF5,4b,2208,NO,Fabaceae,Dipteryx micrantha Harms,Dipteryx,micrantha,0,0,0,0,0,,0,2017-02-11,2017,26.996428571428567,354.50000000000017,Dipteryx,Estrella Comercial - Industrial
77108,2,Bosque de Tierra Firme,TF5,5a,2211,NO,Apocynaceae,Aspidosperma vargasii A.DC.,Aspidosperma,vargasii,0,0,0,0,0,,0,2017-02-11,2017,26.996428571428567,354.50000000000017,Aspidosperma,Caja Fuerte - Maderable
77111,2,Bosque de Tierra Firme,TF5,5a,994A,NO,Apocynaceae,Aspidosperma rigidum Rusby,Aspidosperma,rigidum,0,0,0,0,0,,0,2017-02-11,2017,26.996428571428567,354.50000000000017,Aspidosperma,Caja Fuerte - Maderable
77114,2,Bosque de Tierra Firme,TF5,5b,998,NO,Fabaceae,Swartzia myrtifolia Sm.,Swartzia,myrtifolia,0,0,0,0,0,,0,2017-02-11,2017,26.996428571428567,354.50000000000017,Swartzia,Ingeniero del Suelo - Fijador N
77119,2,Bosque de Tierra Firme,TF5,5b,2214,NO,Fabaceae,Inga sp. 1,Inga,sp,0,0,0,0,0,,0,2017-02-11,2017,26.996428571428567,354.50000000000017,Inga,Ingeniero del Suelo - Fijador N
77122,2,Bosque de Tierra Firme,TF5,5b,958A,NO,Apocynaceae,Aspidosperma vargasii A.DC.,Aspidosperma,vargasii,0,0,0,0,0,,0,2017-02-11,2017,26.996428571428567,354.50000000000017,Aspidosperma,Caja Fuerte - Maderable
78644,12,Bosque de Tierra Firme,TF1,1a,501,NO,Fabaceae,Swartzia myrtifolia Sm.,Swartzia,myrtifolia,0,0,0,0,0,,0,2017-12-15,2017,27.674193548387098,369.8999999999999,Swartzia,Ingeniero del Suelo - Fijador N
78647,12,Bosque de Tierra Firme,TF1,1a,504,NO,Fabaceae,Swartzia tomentifera (Ducke) Ducke,Swartzia,tomentifera,0,0,0,0,0,,0,2017-12-15,2017,27.674193548387098,369.8999999999999,Swartzia,Ingeniero del Suelo - Fijador N
78649,12,Bosque de Tierra Firme,TF1,1a,506,NO,Apocynaceae,Aspidosperma nitidum Benth. ex Müll.Arg.,Aspidosperma,nitidum,0,0,0,0,0,,0,2017-12-15,2017,27.674193548387098,369.8999999999999,Aspidosperma,Caja Fuerte - Maderable
78656,12,Bosque de Tierra Firme,TF1,1b,512,NO,Sapotaceae,Pouteria procera (Mart.) K.Hammer,Pouteria,procera,0,0,0,0,0,,0,2017-12-15,2017,27.674193548387098,369.8999999999999,Pouteria,Estrella Comercial - Frutal
78662,12,Bosque de Tierra Firme,TF1,2a,2179,NO,Arecaceae,Bactris gasipaes Kunth,Bactris,gasipaes,0,0,0,0,0,muerto,0,2017-12-15,2017,27.674193548387098,369.8999999999999,Bactris,Estrella Comercial - Frutal
78674,12,Bosque de Tierra Firme,TF1,2b,2176,NO,Fabaceae,Inga sp. 1,Inga,sp,0,0,3,2,0,,1,2017-12-15,2017,27.674193548387098,369.8999999999999,Inga,Ingeniero del Suelo - Fijador N
78675,12,Bosque de Tierra Firme,TF1,2b,2175,NO,Sapotaceae,Pouteria sp. 3,Pouteria,sp,0,0,0,0,0,,0,2017-12-15,2017,27.674193548387098,369.8999999999999,Pouteria,Estrella Comercial - Frutal
78677,12,Bosque de Tierra Firme,TF1,2b,528,NO,Fabaceae,Erythrina ulei Harms,Erythrina,ulei,0,0,0,0,0,desfoliado,0,2017-12-15,2017,27.674193548387098,369.8999999999999,Erythrina,Ingeniero del Suelo - Fijador N
78678,12,Bosque de Tierra Firme,TF1,2b,529,NO,Fabaceae,Erythrina ulei Harms,Erythrina,ulei,0,0,0,0,0,desfoliado,0,2017-12-15,2017,27.674193548387098,369.8999999999999,Erythrina,Ingeniero del Suelo - Fijador N
78680,12,Bosque de Tierra Firme,TF1,2b,2173,NO,Fabaceae,Inga sp. 1,Inga,sp,0,0,0,0,0,,0,2017-12-15,2017,27.674193548387098,369.8999999999999,Inga,Ingeniero del Suelo - Fijador N
78687,12,Bosque de Tierra Firme,TF1,3a,2163,NO,Fabaceae,Inga sp. 1,Inga,sp,0,0,0,0,0,desfoliado,0,2017-12-15,2017,27.674193548387098,369.8999999999999,Inga,Ingeniero del Suelo - Fijador N
78694,12,Bosque de Tierra Firme,TF1,3b,547,NO,Fabaceae,Erythrina ulei Harms,Erythrina,ulei,0,0,0,0,0,desfoliado,0,2017-12-15,2017,27.674193548387098,369.8999999999999,Erythrina,Ingeniero del Suelo - Fijador N
78700,12,Bosque de Tierra Firme,TF1,4a,2161,NO,Fabaceae,Inga sp. 1,Inga,sp,0,0,0,0,0,,0,2017-12-15,2017,27.674193548387098,369.8999999999999,Inga,Ingeniero del Suelo - Fijador N
78701,12,Bosque de Tierra Firme,TF1,4a,2160,NO,Sapotaceae,Pouteria sp. 3,Pouteria,sp,0,0,0,0,0,,0,2017-12-15,2017,27.674193548387098,369.8999999999999,Pouteria,Estrella Comercial - Frutal
78707,12,Bosque de Tierra Firme,TF1,4b,559,NO,Sapotaceae,Pouteria pariry (Ducke) Baehni,Pouteria,pariry,0,0,0,0,0,,0,2017-12-15,2017,27.674193548387098,369.8999999999999,Pouteria,Estrella Comercial - Frutal
78711,12,Bosque de Tierra Firme,TF1,5a,564,NO,Fabaceae,Hymenaea courbaril L.,Hymenaea,courbaril,0,0,1,1,1,,1,2017-12-15,2017,27.674193548387098,369.8999999999999,Hymenaea,Estrella Comercial - Frutal
78726,12,Bosque de Tierra Firme,TF1,5b,2154,NO,Arecaceae,Bactris gasipaes Kunth,Bactris,gasipaes,0,0,0,0,0,,0,2017-12-15,2017,27.674193548387098,369.8999999999999,Bactris,Estrella Comercial - Frutal
78732,12,Bosque de Tierra Firme,TF1,6a,580,NO,Sapotaceae,Pouteria sp. 3,Pouteria,sp,0,0,0,0,0,liana,0,2017-12-15,2017,27.674193548387098,369.8999999999999,Pouteria,Estrella Comercial - Frutal
78733,12,Bosque de Tierra Firme,TF1,6a,581,NO,Fabaceae,Swartzia myrtifolia Sm.,Swartzia,myrtifolia,0,0,0,0,0,,0,2017-12-15,2017,27.674193548387098,369.8999999999999,Swartzia,Ingeniero del Suelo - Fijador N
78736,12,Bosque de Tierra Firme,TF1,6b,589,NO,Fabaceae,Hymenaea courbaril L.,Hymenaea,courbaril,3,3,0,0,0,,1,2017-12-15,2017,27.674193548387098,369.8999999999999,Hymenaea,Estrella Comercial - Frutal
78752,12,Bosque de Tierra Firme,TF3,1a,2193,NO,Arecaceae,Euterpe precatoria Mart.,Euterpe,precatoria,0,0,3,0,0,,1,2017-12-15,2017,27.674193548387098,369.8999999999999,Euterpe,Estrella Comercial - Frutal
78755,12,Bosque de Tierra Firme,TF2,1b,614,NO,Fabaceae,Copaifera reticulata Ducke,Copaifera,reticulata,0,0,0,0,0,,0,2017-12-15,2017,27.674193548387098,369.8999999999999,Copaifera,Estrella Comercial - Industrial
78758,12,Bosque de Tierra Firme,TF2,1b,617,NO,Sapotaceae,Pouteria sp. 2,Pouteria,sp,0,0,0,0,0,,0,2017-12-15,2017,27.674193548387098,369.8999999999999,Pouteria,Estrella Comercial - Frutal
78765,12,Bosque de Tierra Firme,TF2,1b,624,NO,Euphorbiaceae,Hevea guianensis Aubl.,Hevea,guianensis,0,0,0,0,0,,0,2017-12-15,2017,27.674193548387098,369.8999999999999,Hevea,Estrella Comercial - Industrial
78769,12,Bosque de Tierra Firme,TF2,2a,629,NO,Euphorbiaceae,Hevea guianensis Aubl.,Hevea,guianensis,0,0,0,0,0,,0,2017-12-15,2017,27.674193548387098,369.8999999999999,Hevea,Estrella Comercial - Industrial
78776,12,Bosque de Tierra Firme,TF2,2b,638,NO,Moraceae,Brosimum rubescens Taub.,Brosimum,rubescens,0,0,0,0,0,,0,2017-12-15,2017,27.674193548387098,369.8999999999999,Brosimum,Caja Fuerte - Maderable
78778,12,Bosque de Tierra Firme,TF2,3a,2191,NO,Fabaceae,Tachigali vasquezii Pipoly,Tachigali,vasquezii,0,0,3,0,0,,1,2017-12-15,2017,27.674193548387098,369.8999999999999,Tachigali,Ingeniero del Suelo - Fijador N
78786,12,Bosque de Tierra Firme,TF2,3a,648,NO,Sapotaceae,Pouteria torta (Mart.) Radlk.,Pouteria,torta,0,0,0,0,0,,0,2017-12-15,2017,27.674193548387098,369.8999999999999,Pouteria,Estrella Comercial - Frutal
78798,12,Bosque de Tierra Firme,TF2,3b,2188,NO,Arecaceae,Euterpe precatoria Mart.,Euterpe,precatoria,0,0,3,0,0,,1,2017-12-15,2017,27.674193548387098,369.8999999999999,Euterpe,Estrella Comercial - Frutal
78801,12,Bosque de Tierra Firme,TF2,3b,654,NO,Fabaceae,Inga sapindoides Willd.,Inga,sapindoides,0,0,0,0,0,,0,2017-12-15,2017,27.674193548387098,369.8999999999999,Inga,Ingeniero del Suelo - Fijador N
78806,12,Bosque de Tierra Firme,TF2,4a,661,NO,Euphorbiaceae,Hevea guianensis Aubl.,Hevea,guianensis,0,0,0,0,0,,0,2017-12-15,2017,27.674193548387098,369.8999999999999,Hevea,Estrella Comercial - Industrial
78809,12,Bosque de Tierra Firme,TF2,4a,2183,NO,Fabaceae,Inga sp. 1,Inga,sp,0,0,0,0,0,,0,2017-12-15,2017,27.674193548387098,369.8999999999999,Inga,Ingeniero del Suelo - Fijador N
78810,12,Bosque de Tierra Firme,TF2,4a,664,NO,Sapotaceae,Pouteria sp. 3,Pouteria,sp,0,0,0,0,0,,0,2017-12-15,2017,27.674193548387098,369.8999999999999,Pouteria,Estrella Comercial - Frutal
78815,12,Bosque de Tierra Firme,TF2,4a,669,NO,Fabaceae,Tachigali vasquezii Pipoly,Tachigali,vasquezii,0,0,0,0,0,,0,2017-12-15,2017,27.674193548387098,369.8999999999999,Tachigali,Ingeniero del Suelo - Fijador N
78840,12,Bosque de Tierra Firme,TF2,5a,698,NO,Meliaceae,Cedrela fissilis Vell.,Cedrela,fissilis,0,0,0,0,0,,0,2017-12-15,2017,27.674193548387098,369.8999999999999,Cedrela,Caja Fuerte - Maderable
78849,12,Bosque de Tierra Firme,TF3,1a,2252,NO,Euphorbiaceae,Hevea guianensis Aubl.,Hevea,guianensis,0,0,0,0,0,,0,2017-12-18,2017,27.674193548387098,369.8999999999999,Hevea,Estrella Comercial - Industrial
78882,12,Bosque de Tierra Firme,TF3,2b,746,NO,Euphorbiaceae,Hevea guianensis Aubl.,Hevea,guianensis,0,0,0,0,0,,0,2017-12-18,2017,27.674193548387098,369.8999999999999,Hevea,Estrella Comercial - Industrial
78886,12,Bosque de Tierra Firme,TF3,2b,2256,NO,Fabaceae,Cedrelinga catenaeformis (Ducke) Ducke,Cedrelinga,catenaeformis,0,0,0,0,0,,0,2017-12-18,2017,27.674193548387098,369.8999999999999,Cedrelinga,Caja Fuerte - Maderable / Fijador N
78887,12,Bosque de Tierra Firme,TF3,2b,749,NO,Fabaceae,Cedrelinga catenaeformis (Ducke) Ducke,Cedrelinga,catenaeformis,0,0,0,0,0,,0,2017-12-18,2017,27.674193548387098,369.8999999999999,Cedrelinga,Caja Fuerte - Maderable / Fijador N
78894,12,Bosque de Tierra Firme,TF3,3a,756,NO,Fabaceae,Inga alba (Sw.) Willd.,Inga,alba,0,0,0,0,0,,0,2017-12-18,2017,27.674193548387098,369.8999999999999,Inga,Ingeniero del Suelo - Fijador N
78907,12,Bosque de Tierra Firme,TF3,4a,765,NO,Apocynaceae,Aspidosperma vargasii A.DC.,Aspidosperma,vargasii,0,0,0,0,0,,0,2017-12-18,2017,27.674193548387098,369.8999999999999,Aspidosperma,Caja Fuerte - Maderable
78911,12,Bosque de Tierra Firme,TF3,4b,2242,NO,Fabaceae,Tachigali vasquezii Pipoly,Tachigali,vasquezii,0,0,0,0,0,,0,2017-12-18,2017,27.674193548387098,369.8999999999999,Tachigali,Ingeniero del Suelo - Fijador N
78919,12,Bosque de Tierra Firme,TF3,4b,777,NO,Euphorbiaceae,Hevea guianensis Aubl.,Hevea,guianensis,0,0,0,0,0,,0,2017-12-18,2017,27.674193548387098,369.8999999999999,Hevea,Estrella Comercial - Industrial
78926,12,Bosque de Tierra Firme,TF3,5a,785,NO,Fabaceae,Copaifera reticulata Ducke,Copaifera,reticulata,0,0,0,0,0,,0,2017-12-18,2017,27.674193548387098,369.8999999999999,Copaifera,Estrella Comercial - Industrial
78930,12,Bosque de Tierra Firme,TF3,5a,2230,NO,Arecaceae,Euterpe precatoria Mart.,Euterpe,precatoria,0,0,0,0,0,,0,2017-12-18,2017,27.674193548387098,369.8999999999999,Euterpe,Estrella Comercial - Frutal
78934,12,Bosque de Tierra Firme,TF3,5a,790,NO,Euphorbiaceae,Hevea guianensis Aubl.,Hevea,guianensis,0,0,1,0,0,,1,2017-12-18,2017,27.674193548387098,369.8999999999999,Hevea,Estrella Comercial - Industrial
78939,12,Bosque de Tierra Firme,TF3,5b,2610,NO,Arecaceae,Euterpe precatoria Mart.,Euterpe,precatoria,0,0,0,0,0,,0,2017-12-18,2017,27.674193548387098,369.8999999999999,Euterpe,Estrella Comercial - Frutal
78942,12,Bosque de Tierra Firme,TF3,5b,796,NO,Fabaceae,Copaifera reticulata Ducke,Copaifera,reticulata,0,0,0,0,0,,0,2017-12-18,2017,27.674193548387098,369.8999999999999,Copaifera,Estrella Comercial - Industrial
78951,12,Bosque de Tierra Firme,TF4,1a,2224,NO,Arecaceae,Euterpe precatoria Mart.,Euterpe,precatoria,0,0,0,0,0,,0,2017-12-18,2017,27.674193548387098,369.8999999999999,Euterpe,Estrella Comercial - Frutal
78953,12,Bosque de Tierra Firme,TF4,1a,2223,NO,Fabaceae,Inga sp. 1,Inga,sp,0,0,0,0,0,,0,2017-12-18,2017,27.674193548387098,369.8999999999999,Inga,Ingeniero del Suelo - Fijador N
78954,12,Bosque de Tierra Firme,TF4,1a,807,NO,Euphorbiaceae,Hevea guianensis Aubl.,Hevea,guianensis,0,0,0,0,0,,0,2017-12-18,2017,27.674193548387098,369.8999999999999,Hevea,Estrella Comercial - Industrial
78958,12,Bosque de Tierra Firme,TF4,1a,811,NO,Euphorbiaceae,Hevea guianensis Aubl.,Hevea,guianensis,0,0,0,0,0,,0,2017-12-18,2017,27.674193548387098,369.8999999999999,Hevea,Estrella Comercial - Industrial
78964,12,Bosque de Tierra Firme,TF4,1b,817,NO,Sapotaceae,Pouteria pariry (Ducke) Baehni,Pouteria,pariry,0,0,0,0,0,rama rota,0,2017-12-18,2017,27.674193548387098,369.8999999999999,Pouteria,Estrella Comercial - Frutal
78967,12,Bosque de Tierra Firme,TF4,1b,820,NO,Olacaceae,Aptandra tubicina (Poepp.) Benth. ex Miers,Aptandra,tubicina,0,0,0,0,0,rama rota,0,2017-12-18,2017,27.674193548387098,369.8999999999999,Aptandra,Ingeniero del Suelo - Pionera
78983,12,Bosque de Tierra Firme,TF4,1b,2221,NO,Fabaceae,Tachigali vasquezii Pipoly,Tachigali,vasquezii,0,0,0,0,0,,0,2017-12-18,2017,27.674193548387098,369.8999999999999,Tachigali,Ingeniero del Suelo - Fijador N
78988,12,Bosque de Tierra Firme,TF4,2a,840,NO,Fabaceae,Inga stipularis DC.,Inga,stipularis,0,0,0,0,0,desfoliando,0,2017-12-18,2017,27.674193548387098,369.8999999999999,Inga,Ingeniero del Suelo - Fijador N
79005,12,Bosque de Tierra Firme,TF4,2b,2219,NO,Urticaceae,Cecropia sp. 2,Cecropia,sp,0,0,0,2,0,,1,2017-12-18,2017,27.674193548387098,369.8999999999999,Cecropia,Ingeniero del Suelo - Pionera
79010,12,Bosque de Tierra Firme,TF4,3a,867,NO,Fabaceae,Inga punctata Willd.,Inga,punctata,0,0,0,1,0,,1,2017-12-18,2017,27.674193548387098,369.8999999999999,Inga,Ingeniero del Suelo - Fijador N
79018,12,Bosque de Tierra Firme,TF4,3a,876,NO,Bignonaceae,Jacaranda copaia (Aubl.) D.Don,Jacaranda,copaia,0,0,0,0,0,,0,2017-12-18,2017,27.674193548387098,369.8999999999999,Jacaranda,Ingeniero del Suelo - Pionera
79024,12,Bosque de Tierra Firme,TF4,3b,884,NO,Apocynaceae,Aspidosperma nitidum Benth. ex Müll.Arg.,Aspidosperma,nitidum,0,0,0,0,0,,0,2017-12-18,2017,27.674193548387098,369.8999999999999,Aspidosperma,Caja Fuerte - Maderable
79032,12,Bosque de Tierra Firme,TF4,3b,891,NO,Sapotaceae,Pouteria tarapotensis (Eichler ex Pierre) Baehni,Pouteria,tarapotensis,0,0,0,0,0,,0,2017-12-18,2017,27.674193548387098,369.8999999999999,Pouteria,Estrella Comercial - Frutal
79043,12,Bosque de Tierra Firme,TF4,4b,2216,NO,Fabaceae,Tachigali vasquezii Pipoly,Tachigali,vasquezii,0,0,0,0,0,,0,2017-12-18,2017,27.674193548387098,369.8999999999999,Tachigali,Ingeniero del Suelo - Fijador N
79047,12,Bosque de Tierra Firme,TF5,1a,903,NO,Sapotaceae,Pouteria procera (Mart.) K.Hammer,Pouteria,procera,0,0,0,0,0,,0,2017-12-15,2017,27.674193548387098,369.8999999999999,Pouteria,Estrella Comercial - Frutal
79053,12,Bosque de Tierra Firme,TF5,1a,911,NO,Fabaceae,Inga auristellae Harms,Inga,auristellae,0,0,0,0,0,,0,2017-12-15,2017,27.674193548387098,369.8999999999999,Inga,Ingeniero del Suelo - Fijador N
79056,12,Bosque de Tierra Firme,TF5,1b,915,NO,Fabaceae,Inga sp. 2,Inga,sp,0,0,0,0,0,muerto,0,2017-12-15,2017,27.674193548387098,369.8999999999999,Inga,Ingeniero del Suelo - Fijador N
79060,12,Bosque de Tierra Firme,TF5,1b,918,NO,Fabaceae,Inga cordistipula Mart.,Inga,cordistipula,0,0,0,0,0,,0,2017-12-15,2017,27.674193548387098,369.8999999999999,Inga,Ingeniero del Suelo - Fijador N
79066,12,Bosque de Tierra Firme,TF5,2a,923,NO,Malvaceae,Theobroma speciosum Willd. ex Spreng.,Theobroma,speciosum,0,0,0,0,0,,0,2017-12-15,2017,27.674193548387098,369.8999999999999,Theobroma,Estrella Comercial - Frutal
79073,12,Bosque de Tierra Firme,TF5,2a,930,NO,Apocynaceae,Aspidosperma rigidum Rusby,Aspidosperma,rigidum,0,0,0,0,0,,0,2017-12-15,2017,27.674193548387098,369.8999999999999,Aspidosperma,Caja Fuerte - Maderable
79074,12,Bosque de Tierra Firme,TF5,2b,934,NO,Fabaceae,Dipteryx micrantha Harms,Dipteryx,micrantha,0,0,0,0,0,desfoliado,0,2017-12-15,2017,27.674193548387098,369.8999999999999,Dipteryx,Estrella Comercial - Industrial
79087,12,Bosque de Tierra Firme,TF5,3a,2203,NO,Arecaceae,Bactris gasipaes Kunth,Bactris,gasipaes,0,0,0,0,0,,0,2017-12-15,2017,27.674193548387098,369.8999999999999,Bactris,Estrella Comercial - Frutal
79097,12,Bosque de Tierra Firme,TF5,4a,965,NO,Fabaceae,Copaifera reticulata Ducke,Copaifera,reticulata,0,0,0,0,0,,0,2017-12-15,2017,27.674193548387098,369.8999999999999,Copaifera,Estrella Comercial - Industrial
79099,12,Bosque de Tierra Firme,TF5,4a,2206,NO,Arecaceae,Bactris gasipaes Kunth,Bactris,gasipaes,0,0,0,0,0,,0,2017-12-15,2017,27.674193548387098,369.8999999999999,Bactris,Estrella Comercial - Frutal
79102,12,Bosque de Tierra Firme,TF5,4a,968,NO,Sapotaceae,Pouteria sp. 3,Pouteria,sp,0,0,0,0,0,,0,2017-12-15,2017,27.674193548387098,369.8999999999999,Pouteria,Estrella Comercial - Frutal
79104,12,Bosque de Tierra Firme,TF5,4a,970,NO,Sapotaceae,Pouteria procera (Mart.) K.Hammer,Pouteria,procera,0,0,0,0,0,,0,2017-12-15,2017,27.674193548387098,369.8999999999999,Pouteria,Estrella Comercial - Frutal
79112,12,Bosque de Tierra Firme,TF5,4b,983,NO,Bignonaceae,Jacaranda copaia subsp. spectabilis (Mart. ex DC.) A.H.Gentry,Jacaranda,copaia subsp. spectabilis,0,0,0,0,0,,0,2017-12-15,2017,27.674193548387098,369.8999999999999,Jacaranda,Ingeniero del Suelo - Pionera
79115,12,Bosque de Tierra Firme,TF5,4b,986,NO,Sapotaceae,Pouteria tarapotensis (Eichler ex Pierre) Baehni,Pouteria,tarapotensis,0,0,0,0,0,,0,2017-12-15,2017,27.674193548387098,369.8999999999999,Pouteria,Estrella Comercial - Frutal
79117,12,Bosque de Tierra Firme,TF5,4b,2611,NO,Fabaceae,Inga sp. 2,Inga,sp,0,0,0,0,0,,0,2017-12-15,2017,27.674193548387098,369.8999999999999,Inga,Ingeniero del Suelo - Fijador N
79118,12,Bosque de Tierra Firme,TF5,4b,988,NO,Moraceae,Brosimum acutifolium subsp. obovatum (Ducke) C.C.Berg,Brosimum,acutifolium subsp. obovatum,0,0,0,0,0,hojas nuevas,0,2017-12-15,2017,27.674193548387098,369.8999999999999,Brosimum,Caja Fuerte - Maderable
79120,12,Bosque de Tierra Firme,TF5,4b,990,NO,Sapotaceae,Pouteria tarapotensis (Eichler ex Pierre) Baehni,Pouteria,tarapotensis,0,0,3,1,0,,1,2017-12-15,2017,27.674193548387098,369.8999999999999,Pouteria,Estrella Comercial - Frutal
79124,12,Bosque de Tierra Firme,TF5,4b,994,NO,Fabaceae,Inga sp. 2,Inga,sp,0,0,1,0,0,,1,2017-12-15,2017,27.674193548387098,369.8999999999999,Inga,Ingeniero del Suelo - Fijador N
79125,12,Bosque de Tierra Firme,TF5,4b,2208,NO,Fabaceae,Dipteryx micrantha Harms,Dipteryx,micrantha,0,0,0,0,0,,0,2017-12-15,2017,27.674193548387098,369.8999999999999,Dipteryx,Estrella Comercial - Industrial
79131,12,Bosque de Tierra Firme,TF5,5a,2211,NO,Apocynaceae,Aspidosperma vargasii A.DC.,Aspidosperma,vargasii,3,4,0,0,0,,1,2017-12-15,2017,27.674193548387098,369.8999999999999,Aspidosperma,Caja Fuerte - Maderable
79134,12,Bosque de Tierra Firme,TF5,5a,994A,NO,Apocynaceae,Aspidosperma rigidum Rusby,Aspidosperma,rigidum,0,0,0,0,0,,0,2017-12-15,2017,27.674193548387098,369.8999999999999,Aspidosperma,Caja Fuerte - Maderable
79137,12,Bosque de Tierra Firme,TF5,5b,998,NO,Fabaceae,Swartzia myrtifolia Sm.,Swartzia,myrtifolia,0,0,0,0,0,,0,2017-12-15,2017,27.674193548387098,369.8999999999999,Swartzia,Ingeniero del Suelo - Fijador N
79142,12,Bosque de Tierra Firme,TF5,5b,2214,NO,Fabaceae,Inga sp. 1,Inga,sp,0,0,0,0,0,,0,2017-12-15,2017,27.674193548387098,369.8999999999999,Inga,Ingeniero del Suelo - Fijador N
79145,12,Bosque de Tierra Firme,TF5,5b,958A,NO,Apocynaceae,Aspidosperma vargasii A.DC.,Aspidosperma,vargasii,0,0,0,0,0,,0,2017-12-15,2017,27.674193548387098,369.8999999999999,Aspidosperma,Caja Fuerte - Maderable
